DateKey,Date,Day,DayName,DayNameShort,DayOfWeek,IsWeekend,WeekOfYear,Month,MonthName,MonthNameShort,MonthYear,MonthStartDate,Quarter,QuarterName,QuarterYear,Year,YearStartDate,FiscalYear,FiscalQuarter,FiscalMonthNum
20230101,2023-01-01,1,Sunday,Sun,7,True,52,1,January,Jan,Jan-2023,2023-01-01,1,Q1,Q1-2023,2023,2023-01-01,FY2023,FQ4,10
20230102,2023-01-02,2,Monday,Mon,1,False,1,1,January,Jan,Jan-2023,2023-01-01,1,Q1,Q1-2023,2023,2023-01-01,FY2023,FQ4,10
20230103,2023-01-03,3,Tuesday,Tue,2,False,1,1,January,Jan,Jan-2023,2023-01-01,1,Q1,Q1-2023,2023,2023-01-01,FY2023,FQ4,10
20230104,2023-01-04,4,Wednesday,Wed,3,False,1,1,January,Jan,Jan-2023,2023-01-01,1,Q1,Q1-2023,2023,2023-01-01,FY2023,FQ4,10
20230105,2023-01-05,5,Thursday,Thu,4,False,1,1,January,Jan,Jan-2023,2023-01-01,1,Q1,Q1-2023,2023,2023-01-01,FY2023,FQ4,10
20230106,2023-01-06,6,Friday,Fri,5,False,1,1,January,Jan,Jan-2023,2023-01-01,1,Q1,Q1-2023,2023,2023-01-01,FY2023,FQ4,10
20230107,2023-01-07,7,Saturday,Sat,6,True,1,1,January,Jan,Jan-2023,2023-01-01,1,Q1,Q1-2023,2023,2023-01-01,FY2023,FQ4,10
20230108,2023-01-08,8,Sunday,Sun,7,True,1,1,January,Jan,Jan-2023,2023-01-01,1,Q1,Q1-2023,2023,2023-01-01,FY2023,FQ4,10
20230109,2023-01-09,9,Monday,Mon,1,False,2,1,January,Jan,Jan-2023,2023-01-01,1,Q1,Q1-2023,2023,2023-01-01,FY2023,FQ4,10
20230110,2023-01-10,10,Tuesday,Tue,2,False,2,1,January,Jan,Jan-2023,2023-01-01,1,Q1,Q1-2023,2023,2023-01-01,FY2023,FQ4,10
20230111,2023-01-11,11,Wednesday,Wed,3,False,2,1,January,Jan,Jan-2023,2023-01-01,1,Q1,Q1-2023,2023,2023-01-01,FY2023,FQ4,10
20230112,2023-01-12,12,Thursday,Thu,4,False,2,1,January,Jan,Jan-2023,2023-01-01,1,Q1,Q1-2023,2023,2023-01-01,FY2023,FQ4,10
20230113,2023-01-13,13,Friday,Fri,5,False,2,1,January,Jan,Jan-2023,2023-01-01,1,Q1,Q1-2023,2023,2023-01-01,FY2023,FQ4,10
20230114,2023-01-14,14,Saturday,Sat,6,True,2,1,January,Jan,Jan-2023,2023-01-01,1,Q1,Q1-2023,2023,2023-01-01,FY2023,FQ4,10
20230115,2023-01-15,15,Sunday,Sun,7,True,2,1,January,Jan,Jan-2023,2023-01-01,1,Q1,Q1-2023,2023,2023-01-01,FY2023,FQ4,10
20230116,2023-01-16,16,Monday,Mon,1,False,3,1,January,Jan,Jan-2023,2023-01-01,1,Q1,Q1-2023,2023,2023-01-01,FY2023,FQ4,10
20230117,2023-01-17,17,Tuesday,Tue,2,False,3,1,January,Jan,Jan-2023,2023-01-01,1,Q1,Q1-2023,2023,2023-01-01,FY2023,FQ4,10
20230118,2023-01-18,18,Wednesday,Wed,3,False,3,1,January,Jan,Jan-2023,2023-01-01,1,Q1,Q1-2023,2023,2023-01-01,FY2023,FQ4,10
20230119,2023-01-19,19,Thursday,Thu,4,False,3,1,January,Jan,Jan-2023,2023-01-01,1,Q1,Q1-2023,2023,2023-01-01,FY2023,FQ4,10
20230120,2023-01-20,20,Friday,Fri,5,False,3,1,January,Jan,Jan-2023,2023-01-01,1,Q1,Q1-2023,2023,2023-01-01,FY2023,FQ4,10
20230121,2023-01-21,21,Saturday,Sat,6,True,3,1,January,Jan,Jan-2023,2023-01-01,1,Q1,Q1-2023,2023,2023-01-01,FY2023,FQ4,10
20230122,2023-01-22,22,Sunday,Sun,7,True,3,1,January,Jan,Jan-2023,2023-01-01,1,Q1,Q1-2023,2023,2023-01-01,FY2023,FQ4,10
20230123,2023-01-23,23,Monday,Mon,1,False,4,1,January,Jan,Jan-2023,2023-01-01,1,Q1,Q1-2023,2023,2023-01-01,FY2023,FQ4,10
20230124,2023-01-24,24,Tuesday,Tue,2,False,4,1,January,Jan,Jan-2023,2023-01-01,1,Q1,Q1-2023,2023,2023-01-01,FY2023,FQ4,10
20230125,2023-01-25,25,Wednesday,Wed,3,False,4,1,January,Jan,Jan-2023,2023-01-01,1,Q1,Q1-2023,2023,2023-01-01,FY2023,FQ4,10
20230126,2023-01-26,26,Thursday,Thu,4,False,4,1,January,Jan,Jan-2023,2023-01-01,1,Q1,Q1-2023,2023,2023-01-01,FY2023,FQ4,10
20230127,2023-01-27,27,Friday,Fri,5,False,4,1,January,Jan,Jan-2023,2023-01-01,1,Q1,Q1-2023,2023,2023-01-01,FY2023,FQ4,10
20230128,2023-01-28,28,Saturday,Sat,6,True,4,1,January,Jan,Jan-2023,2023-01-01,1,Q1,Q1-2023,2023,2023-01-01,FY2023,FQ4,10
20230129,2023-01-29,29,Sunday,Sun,7,True,4,1,January,Jan,Jan-2023,2023-01-01,1,Q1,Q1-2023,2023,2023-01-01,FY2023,FQ4,10
20230130,2023-01-30,30,Monday,Mon,1,False,5,1,January,Jan,Jan-2023,2023-01-01,1,Q1,Q1-2023,2023,2023-01-01,FY2023,FQ4,10
20230131,2023-01-31,31,Tuesday,Tue,2,False,5,1,January,Jan,Jan-2023,2023-01-01,1,Q1,Q1-2023,2023,2023-01-01,FY2023,FQ4,10
20230201,2023-02-01,1,Wednesday,Wed,3,False,5,2,February,Feb,Feb-2023,2023-02-01,1,Q1,Q1-2023,2023,2023-01-01,FY2023,FQ4,11
20230202,2023-02-02,2,Thursday,Thu,4,False,5,2,February,Feb,Feb-2023,2023-02-01,1,Q1,Q1-2023,2023,2023-01-01,FY2023,FQ4,11
20230203,2023-02-03,3,Friday,Fri,5,False,5,2,February,Feb,Feb-2023,2023-02-01,1,Q1,Q1-2023,2023,2023-01-01,FY2023,FQ4,11
20230204,2023-02-04,4,Saturday,Sat,6,True,5,2,February,Feb,Feb-2023,2023-02-01,1,Q1,Q1-2023,2023,2023-01-01,FY2023,FQ4,11
20230205,2023-02-05,5,Sunday,Sun,7,True,5,2,February,Feb,Feb-2023,2023-02-01,1,Q1,Q1-2023,2023,2023-01-01,FY2023,FQ4,11
20230206,2023-02-06,6,Monday,Mon,1,False,6,2,February,Feb,Feb-2023,2023-02-01,1,Q1,Q1-2023,2023,2023-01-01,FY2023,FQ4,11
20230207,2023-02-07,7,Tuesday,Tue,2,False,6,2,February,Feb,Feb-2023,2023-02-01,1,Q1,Q1-2023,2023,2023-01-01,FY2023,FQ4,11
20230208,2023-02-08,8,Wednesday,Wed,3,False,6,2,February,Feb,Feb-2023,2023-02-01,1,Q1,Q1-2023,2023,2023-01-01,FY2023,FQ4,11
20230209,2023-02-09,9,Thursday,Thu,4,False,6,2,February,Feb,Feb-2023,2023-02-01,1,Q1,Q1-2023,2023,2023-01-01,FY2023,FQ4,11
20230210,2023-02-10,10,Friday,Fri,5,False,6,2,February,Feb,Feb-2023,2023-02-01,1,Q1,Q1-2023,2023,2023-01-01,FY2023,FQ4,11
20230211,2023-02-11,11,Saturday,Sat,6,True,6,2,February,Feb,Feb-2023,2023-02-01,1,Q1,Q1-2023,2023,2023-01-01,FY2023,FQ4,11
20230212,2023-02-12,12,Sunday,Sun,7,True,6,2,February,Feb,Feb-2023,2023-02-01,1,Q1,Q1-2023,2023,2023-01-01,FY2023,FQ4,11
20230213,2023-02-13,13,Monday,Mon,1,False,7,2,February,Feb,Feb-2023,2023-02-01,1,Q1,Q1-2023,2023,2023-01-01,FY2023,FQ4,11
20230214,2023-02-14,14,Tuesday,Tue,2,False,7,2,February,Feb,Feb-2023,2023-02-01,1,Q1,Q1-2023,2023,2023-01-01,FY2023,FQ4,11
20230215,2023-02-15,15,Wednesday,Wed,3,False,7,2,February,Feb,Feb-2023,2023-02-01,1,Q1,Q1-2023,2023,2023-01-01,FY2023,FQ4,11
20230216,2023-02-16,16,Thursday,Thu,4,False,7,2,February,Feb,Feb-2023,2023-02-01,1,Q1,Q1-2023,2023,2023-01-01,FY2023,FQ4,11
20230217,2023-02-17,17,Friday,Fri,5,False,7,2,February,Feb,Feb-2023,2023-02-01,1,Q1,Q1-2023,2023,2023-01-01,FY2023,FQ4,11
20230218,2023-02-18,18,Saturday,Sat,6,True,7,2,February,Feb,Feb-2023,2023-02-01,1,Q1,Q1-2023,2023,2023-01-01,FY2023,FQ4,11
20230219,2023-02-19,19,Sunday,Sun,7,True,7,2,February,Feb,Feb-2023,2023-02-01,1,Q1,Q1-2023,2023,2023-01-01,FY2023,FQ4,11
20230220,2023-02-20,20,Monday,Mon,1,False,8,2,February,Feb,Feb-2023,2023-02-01,1,Q1,Q1-2023,2023,2023-01-01,FY2023,FQ4,11
20230221,2023-02-21,21,Tuesday,Tue,2,False,8,2,February,Feb,Feb-2023,2023-02-01,1,Q1,Q1-2023,2023,2023-01-01,FY2023,FQ4,11
20230222,2023-02-22,22,Wednesday,Wed,3,False,8,2,February,Feb,Feb-2023,2023-02-01,1,Q1,Q1-2023,2023,2023-01-01,FY2023,FQ4,11
20230223,2023-02-23,23,Thursday,Thu,4,False,8,2,February,Feb,Feb-2023,2023-02-01,1,Q1,Q1-2023,2023,2023-01-01,FY2023,FQ4,11
20230224,2023-02-24,24,Friday,Fri,5,False,8,2,February,Feb,Feb-2023,2023-02-01,1,Q1,Q1-2023,2023,2023-01-01,FY2023,FQ4,11
20230225,2023-02-25,25,Saturday,Sat,6,True,8,2,February,Feb,Feb-2023,2023-02-01,1,Q1,Q1-2023,2023,2023-01-01,FY2023,FQ4,11
20230226,2023-02-26,26,Sunday,Sun,7,True,8,2,February,Feb,Feb-2023,2023-02-01,1,Q1,Q1-2023,2023,2023-01-01,FY2023,FQ4,11
20230227,2023-02-27,27,Monday,Mon,1,False,9,2,February,Feb,Feb-2023,2023-02-01,1,Q1,Q1-2023,2023,2023-01-01,FY2023,FQ4,11
20230228,2023-02-28,28,Tuesday,Tue,2,False,9,2,February,Feb,Feb-2023,2023-02-01,1,Q1,Q1-2023,2023,2023-01-01,FY2023,FQ4,11
20230301,2023-03-01,1,Wednesday,Wed,3,False,9,3,March,Mar,Mar-2023,2023-03-01,1,Q1,Q1-2023,2023,2023-01-01,FY2023,FQ4,12
20230302,2023-03-02,2,Thursday,Thu,4,False,9,3,March,Mar,Mar-2023,2023-03-01,1,Q1,Q1-2023,2023,2023-01-01,FY2023,FQ4,12
20230303,2023-03-03,3,Friday,Fri,5,False,9,3,March,Mar,Mar-2023,2023-03-01,1,Q1,Q1-2023,2023,2023-01-01,FY2023,FQ4,12
20230304,2023-03-04,4,Saturday,Sat,6,True,9,3,March,Mar,Mar-2023,2023-03-01,1,Q1,Q1-2023,2023,2023-01-01,FY2023,FQ4,12
20230305,2023-03-05,5,Sunday,Sun,7,True,9,3,March,Mar,Mar-2023,2023-03-01,1,Q1,Q1-2023,2023,2023-01-01,FY2023,FQ4,12
20230306,2023-03-06,6,Monday,Mon,1,False,10,3,March,Mar,Mar-2023,2023-03-01,1,Q1,Q1-2023,2023,2023-01-01,FY2023,FQ4,12
20230307,2023-03-07,7,Tuesday,Tue,2,False,10,3,March,Mar,Mar-2023,2023-03-01,1,Q1,Q1-2023,2023,2023-01-01,FY2023,FQ4,12
20230308,2023-03-08,8,Wednesday,Wed,3,False,10,3,March,Mar,Mar-2023,2023-03-01,1,Q1,Q1-2023,2023,2023-01-01,FY2023,FQ4,12
20230309,2023-03-09,9,Thursday,Thu,4,False,10,3,March,Mar,Mar-2023,2023-03-01,1,Q1,Q1-2023,2023,2023-01-01,FY2023,FQ4,12
20230310,2023-03-10,10,Friday,Fri,5,False,10,3,March,Mar,Mar-2023,2023-03-01,1,Q1,Q1-2023,2023,2023-01-01,FY2023,FQ4,12
20230311,2023-03-11,11,Saturday,Sat,6,True,10,3,March,Mar,Mar-2023,2023-03-01,1,Q1,Q1-2023,2023,2023-01-01,FY2023,FQ4,12
20230312,2023-03-12,12,Sunday,Sun,7,True,10,3,March,Mar,Mar-2023,2023-03-01,1,Q1,Q1-2023,2023,2023-01-01,FY2023,FQ4,12
20230313,2023-03-13,13,Monday,Mon,1,False,11,3,March,Mar,Mar-2023,2023-03-01,1,Q1,Q1-2023,2023,2023-01-01,FY2023,FQ4,12
20230314,2023-03-14,14,Tuesday,Tue,2,False,11,3,March,Mar,Mar-2023,2023-03-01,1,Q1,Q1-2023,2023,2023-01-01,FY2023,FQ4,12
20230315,2023-03-15,15,Wednesday,Wed,3,False,11,3,March,Mar,Mar-2023,2023-03-01,1,Q1,Q1-2023,2023,2023-01-01,FY2023,FQ4,12
20230316,2023-03-16,16,Thursday,Thu,4,False,11,3,March,Mar,Mar-2023,2023-03-01,1,Q1,Q1-2023,2023,2023-01-01,FY2023,FQ4,12
20230317,2023-03-17,17,Friday,Fri,5,False,11,3,March,Mar,Mar-2023,2023-03-01,1,Q1,Q1-2023,2023,2023-01-01,FY2023,FQ4,12
20230318,2023-03-18,18,Saturday,Sat,6,True,11,3,March,Mar,Mar-2023,2023-03-01,1,Q1,Q1-2023,2023,2023-01-01,FY2023,FQ4,12
20230319,2023-03-19,19,Sunday,Sun,7,True,11,3,March,Mar,Mar-2023,2023-03-01,1,Q1,Q1-2023,2023,2023-01-01,FY2023,FQ4,12
20230320,2023-03-20,20,Monday,Mon,1,False,12,3,March,Mar,Mar-2023,2023-03-01,1,Q1,Q1-2023,2023,2023-01-01,FY2023,FQ4,12
20230321,2023-03-21,21,Tuesday,Tue,2,False,12,3,March,Mar,Mar-2023,2023-03-01,1,Q1,Q1-2023,2023,2023-01-01,FY2023,FQ4,12
20230322,2023-03-22,22,Wednesday,Wed,3,False,12,3,March,Mar,Mar-2023,2023-03-01,1,Q1,Q1-2023,2023,2023-01-01,FY2023,FQ4,12
20230323,2023-03-23,23,Thursday,Thu,4,False,12,3,March,Mar,Mar-2023,2023-03-01,1,Q1,Q1-2023,2023,2023-01-01,FY2023,FQ4,12
20230324,2023-03-24,24,Friday,Fri,5,False,12,3,March,Mar,Mar-2023,2023-03-01,1,Q1,Q1-2023,2023,2023-01-01,FY2023,FQ4,12
20230325,2023-03-25,25,Saturday,Sat,6,True,12,3,March,Mar,Mar-2023,2023-03-01,1,Q1,Q1-2023,2023,2023-01-01,FY2023,FQ4,12
20230326,2023-03-26,26,Sunday,Sun,7,True,12,3,March,Mar,Mar-2023,2023-03-01,1,Q1,Q1-2023,2023,2023-01-01,FY2023,FQ4,12
20230327,2023-03-27,27,Monday,Mon,1,False,13,3,March,Mar,Mar-2023,2023-03-01,1,Q1,Q1-2023,2023,2023-01-01,FY2023,FQ4,12
20230328,2023-03-28,28,Tuesday,Tue,2,False,13,3,March,Mar,Mar-2023,2023-03-01,1,Q1,Q1-2023,2023,2023-01-01,FY2023,FQ4,12
20230329,2023-03-29,29,Wednesday,Wed,3,False,13,3,March,Mar,Mar-2023,2023-03-01,1,Q1,Q1-2023,2023,2023-01-01,FY2023,FQ4,12
20230330,2023-03-30,30,Thursday,Thu,4,False,13,3,March,Mar,Mar-2023,2023-03-01,1,Q1,Q1-2023,2023,2023-01-01,FY2023,FQ4,12
20230331,2023-03-31,31,Friday,Fri,5,False,13,3,March,Mar,Mar-2023,2023-03-01,1,Q1,Q1-2023,2023,2023-01-01,FY2023,FQ4,12
20230401,2023-04-01,1,Saturday,Sat,6,True,13,4,April,Apr,Apr-2023,2023-04-01,2,Q2,Q2-2023,2023,2023-01-01,FY2024,FQ1,1
20230402,2023-04-02,2,Sunday,Sun,7,True,13,4,April,Apr,Apr-2023,2023-04-01,2,Q2,Q2-2023,2023,2023-01-01,FY2024,FQ1,1
20230403,2023-04-03,3,Monday,Mon,1,False,14,4,April,Apr,Apr-2023,2023-04-01,2,Q2,Q2-2023,2023,2023-01-01,FY2024,FQ1,1
20230404,2023-04-04,4,Tuesday,Tue,2,False,14,4,April,Apr,Apr-2023,2023-04-01,2,Q2,Q2-2023,2023,2023-01-01,FY2024,FQ1,1
20230405,2023-04-05,5,Wednesday,Wed,3,False,14,4,April,Apr,Apr-2023,2023-04-01,2,Q2,Q2-2023,2023,2023-01-01,FY2024,FQ1,1
20230406,2023-04-06,6,Thursday,Thu,4,False,14,4,April,Apr,Apr-2023,2023-04-01,2,Q2,Q2-2023,2023,2023-01-01,FY2024,FQ1,1
20230407,2023-04-07,7,Friday,Fri,5,False,14,4,April,Apr,Apr-2023,2023-04-01,2,Q2,Q2-2023,2023,2023-01-01,FY2024,FQ1,1
20230408,2023-04-08,8,Saturday,Sat,6,True,14,4,April,Apr,Apr-2023,2023-04-01,2,Q2,Q2-2023,2023,2023-01-01,FY2024,FQ1,1
20230409,2023-04-09,9,Sunday,Sun,7,True,14,4,April,Apr,Apr-2023,2023-04-01,2,Q2,Q2-2023,2023,2023-01-01,FY2024,FQ1,1
20230410,2023-04-10,10,Monday,Mon,1,False,15,4,April,Apr,Apr-2023,2023-04-01,2,Q2,Q2-2023,2023,2023-01-01,FY2024,FQ1,1
20230411,2023-04-11,11,Tuesday,Tue,2,False,15,4,April,Apr,Apr-2023,2023-04-01,2,Q2,Q2-2023,2023,2023-01-01,FY2024,FQ1,1
20230412,2023-04-12,12,Wednesday,Wed,3,False,15,4,April,Apr,Apr-2023,2023-04-01,2,Q2,Q2-2023,2023,2023-01-01,FY2024,FQ1,1
20230413,2023-04-13,13,Thursday,Thu,4,False,15,4,April,Apr,Apr-2023,2023-04-01,2,Q2,Q2-2023,2023,2023-01-01,FY2024,FQ1,1
20230414,2023-04-14,14,Friday,Fri,5,False,15,4,April,Apr,Apr-2023,2023-04-01,2,Q2,Q2-2023,2023,2023-01-01,FY2024,FQ1,1
20230415,2023-04-15,15,Saturday,Sat,6,True,15,4,April,Apr,Apr-2023,2023-04-01,2,Q2,Q2-2023,2023,2023-01-01,FY2024,FQ1,1
20230416,2023-04-16,16,Sunday,Sun,7,True,15,4,April,Apr,Apr-2023,2023-04-01,2,Q2,Q2-2023,2023,2023-01-01,FY2024,FQ1,1
20230417,2023-04-17,17,Monday,Mon,1,False,16,4,April,Apr,Apr-2023,2023-04-01,2,Q2,Q2-2023,2023,2023-01-01,FY2024,FQ1,1
20230418,2023-04-18,18,Tuesday,Tue,2,False,16,4,April,Apr,Apr-2023,2023-04-01,2,Q2,Q2-2023,2023,2023-01-01,FY2024,FQ1,1
20230419,2023-04-19,19,Wednesday,Wed,3,False,16,4,April,Apr,Apr-2023,2023-04-01,2,Q2,Q2-2023,2023,2023-01-01,FY2024,FQ1,1
20230420,2023-04-20,20,Thursday,Thu,4,False,16,4,April,Apr,Apr-2023,2023-04-01,2,Q2,Q2-2023,2023,2023-01-01,FY2024,FQ1,1
20230421,2023-04-21,21,Friday,Fri,5,False,16,4,April,Apr,Apr-2023,2023-04-01,2,Q2,Q2-2023,2023,2023-01-01,FY2024,FQ1,1
20230422,2023-04-22,22,Saturday,Sat,6,True,16,4,April,Apr,Apr-2023,2023-04-01,2,Q2,Q2-2023,2023,2023-01-01,FY2024,FQ1,1
20230423,2023-04-23,23,Sunday,Sun,7,True,16,4,April,Apr,Apr-2023,2023-04-01,2,Q2,Q2-2023,2023,2023-01-01,FY2024,FQ1,1
20230424,2023-04-24,24,Monday,Mon,1,False,17,4,April,Apr,Apr-2023,2023-04-01,2,Q2,Q2-2023,2023,2023-01-01,FY2024,FQ1,1
20230425,2023-04-25,25,Tuesday,Tue,2,False,17,4,April,Apr,Apr-2023,2023-04-01,2,Q2,Q2-2023,2023,2023-01-01,FY2024,FQ1,1
20230426,2023-04-26,26,Wednesday,Wed,3,False,17,4,April,Apr,Apr-2023,2023-04-01,2,Q2,Q2-2023,2023,2023-01-01,FY2024,FQ1,1
20230427,2023-04-27,27,Thursday,Thu,4,False,17,4,April,Apr,Apr-2023,2023-04-01,2,Q2,Q2-2023,2023,2023-01-01,FY2024,FQ1,1
20230428,2023-04-28,28,Friday,Fri,5,False,17,4,April,Apr,Apr-2023,2023-04-01,2,Q2,Q2-2023,2023,2023-01-01,FY2024,FQ1,1
20230429,2023-04-29,29,Saturday,Sat,6,True,17,4,April,Apr,Apr-2023,2023-04-01,2,Q2,Q2-2023,2023,2023-01-01,FY2024,FQ1,1
20230430,2023-04-30,30,Sunday,Sun,7,True,17,4,April,Apr,Apr-2023,2023-04-01,2,Q2,Q2-2023,2023,2023-01-01,FY2024,FQ1,1
20230501,2023-05-01,1,Monday,Mon,1,False,18,5,May,May,May-2023,2023-05-01,2,Q2,Q2-2023,2023,2023-01-01,FY2024,FQ1,2
20230502,2023-05-02,2,Tuesday,Tue,2,False,18,5,May,May,May-2023,2023-05-01,2,Q2,Q2-2023,2023,2023-01-01,FY2024,FQ1,2
20230503,2023-05-03,3,Wednesday,Wed,3,False,18,5,May,May,May-2023,2023-05-01,2,Q2,Q2-2023,2023,2023-01-01,FY2024,FQ1,2
20230504,2023-05-04,4,Thursday,Thu,4,False,18,5,May,May,May-2023,2023-05-01,2,Q2,Q2-2023,2023,2023-01-01,FY2024,FQ1,2
20230505,2023-05-05,5,Friday,Fri,5,False,18,5,May,May,May-2023,2023-05-01,2,Q2,Q2-2023,2023,2023-01-01,FY2024,FQ1,2
20230506,2023-05-06,6,Saturday,Sat,6,True,18,5,May,May,May-2023,2023-05-01,2,Q2,Q2-2023,2023,2023-01-01,FY2024,FQ1,2
20230507,2023-05-07,7,Sunday,Sun,7,True,18,5,May,May,May-2023,2023-05-01,2,Q2,Q2-2023,2023,2023-01-01,FY2024,FQ1,2
20230508,2023-05-08,8,Monday,Mon,1,False,19,5,May,May,May-2023,2023-05-01,2,Q2,Q2-2023,2023,2023-01-01,FY2024,FQ1,2
20230509,2023-05-09,9,Tuesday,Tue,2,False,19,5,May,May,May-2023,2023-05-01,2,Q2,Q2-2023,2023,2023-01-01,FY2024,FQ1,2
20230510,2023-05-10,10,Wednesday,Wed,3,False,19,5,May,May,May-2023,2023-05-01,2,Q2,Q2-2023,2023,2023-01-01,FY2024,FQ1,2
20230511,2023-05-11,11,Thursday,Thu,4,False,19,5,May,May,May-2023,2023-05-01,2,Q2,Q2-2023,2023,2023-01-01,FY2024,FQ1,2
20230512,2023-05-12,12,Friday,Fri,5,False,19,5,May,May,May-2023,2023-05-01,2,Q2,Q2-2023,2023,2023-01-01,FY2024,FQ1,2
20230513,2023-05-13,13,Saturday,Sat,6,True,19,5,May,May,May-2023,2023-05-01,2,Q2,Q2-2023,2023,2023-01-01,FY2024,FQ1,2
20230514,2023-05-14,14,Sunday,Sun,7,True,19,5,May,May,May-2023,2023-05-01,2,Q2,Q2-2023,2023,2023-01-01,FY2024,FQ1,2
20230515,2023-05-15,15,Monday,Mon,1,False,20,5,May,May,May-2023,2023-05-01,2,Q2,Q2-2023,2023,2023-01-01,FY2024,FQ1,2
20230516,2023-05-16,16,Tuesday,Tue,2,False,20,5,May,May,May-2023,2023-05-01,2,Q2,Q2-2023,2023,2023-01-01,FY2024,FQ1,2
20230517,2023-05-17,17,Wednesday,Wed,3,False,20,5,May,May,May-2023,2023-05-01,2,Q2,Q2-2023,2023,2023-01-01,FY2024,FQ1,2
20230518,2023-05-18,18,Thursday,Thu,4,False,20,5,May,May,May-2023,2023-05-01,2,Q2,Q2-2023,2023,2023-01-01,FY2024,FQ1,2
20230519,2023-05-19,19,Friday,Fri,5,False,20,5,May,May,May-2023,2023-05-01,2,Q2,Q2-2023,2023,2023-01-01,FY2024,FQ1,2
20230520,2023-05-20,20,Saturday,Sat,6,True,20,5,May,May,May-2023,2023-05-01,2,Q2,Q2-2023,2023,2023-01-01,FY2024,FQ1,2
20230521,2023-05-21,21,Sunday,Sun,7,True,20,5,May,May,May-2023,2023-05-01,2,Q2,Q2-2023,2023,2023-01-01,FY2024,FQ1,2
20230522,2023-05-22,22,Monday,Mon,1,False,21,5,May,May,May-2023,2023-05-01,2,Q2,Q2-2023,2023,2023-01-01,FY2024,FQ1,2
20230523,2023-05-23,23,Tuesday,Tue,2,False,21,5,May,May,May-2023,2023-05-01,2,Q2,Q2-2023,2023,2023-01-01,FY2024,FQ1,2
20230524,2023-05-24,24,Wednesday,Wed,3,False,21,5,May,May,May-2023,2023-05-01,2,Q2,Q2-2023,2023,2023-01-01,FY2024,FQ1,2
20230525,2023-05-25,25,Thursday,Thu,4,False,21,5,May,May,May-2023,2023-05-01,2,Q2,Q2-2023,2023,2023-01-01,FY2024,FQ1,2
20230526,2023-05-26,26,Friday,Fri,5,False,21,5,May,May,May-2023,2023-05-01,2,Q2,Q2-2023,2023,2023-01-01,FY2024,FQ1,2
20230527,2023-05-27,27,Saturday,Sat,6,True,21,5,May,May,May-2023,2023-05-01,2,Q2,Q2-2023,2023,2023-01-01,FY2024,FQ1,2
20230528,2023-05-28,28,Sunday,Sun,7,True,21,5,May,May,May-2023,2023-05-01,2,Q2,Q2-2023,2023,2023-01-01,FY2024,FQ1,2
20230529,2023-05-29,29,Monday,Mon,1,False,22,5,May,May,May-2023,2023-05-01,2,Q2,Q2-2023,2023,2023-01-01,FY2024,FQ1,2
20230530,2023-05-30,30,Tuesday,Tue,2,False,22,5,May,May,May-2023,2023-05-01,2,Q2,Q2-2023,2023,2023-01-01,FY2024,FQ1,2
20230531,2023-05-31,31,Wednesday,Wed,3,False,22,5,May,May,May-2023,2023-05-01,2,Q2,Q2-2023,2023,2023-01-01,FY2024,FQ1,2
20230601,2023-06-01,1,Thursday,Thu,4,False,22,6,June,Jun,Jun-2023,2023-06-01,2,Q2,Q2-2023,2023,2023-01-01,FY2024,FQ1,3
20230602,2023-06-02,2,Friday,Fri,5,False,22,6,June,Jun,Jun-2023,2023-06-01,2,Q2,Q2-2023,2023,2023-01-01,FY2024,FQ1,3
20230603,2023-06-03,3,Saturday,Sat,6,True,22,6,June,Jun,Jun-2023,2023-06-01,2,Q2,Q2-2023,2023,2023-01-01,FY2024,FQ1,3
20230604,2023-06-04,4,Sunday,Sun,7,True,22,6,June,Jun,Jun-2023,2023-06-01,2,Q2,Q2-2023,2023,2023-01-01,FY2024,FQ1,3
20230605,2023-06-05,5,Monday,Mon,1,False,23,6,June,Jun,Jun-2023,2023-06-01,2,Q2,Q2-2023,2023,2023-01-01,FY2024,FQ1,3
20230606,2023-06-06,6,Tuesday,Tue,2,False,23,6,June,Jun,Jun-2023,2023-06-01,2,Q2,Q2-2023,2023,2023-01-01,FY2024,FQ1,3
20230607,2023-06-07,7,Wednesday,Wed,3,False,23,6,June,Jun,Jun-2023,2023-06-01,2,Q2,Q2-2023,2023,2023-01-01,FY2024,FQ1,3
20230608,2023-06-08,8,Thursday,Thu,4,False,23,6,June,Jun,Jun-2023,2023-06-01,2,Q2,Q2-2023,2023,2023-01-01,FY2024,FQ1,3
20230609,2023-06-09,9,Friday,Fri,5,False,23,6,June,Jun,Jun-2023,2023-06-01,2,Q2,Q2-2023,2023,2023-01-01,FY2024,FQ1,3
20230610,2023-06-10,10,Saturday,Sat,6,True,23,6,June,Jun,Jun-2023,2023-06-01,2,Q2,Q2-2023,2023,2023-01-01,FY2024,FQ1,3
20230611,2023-06-11,11,Sunday,Sun,7,True,23,6,June,Jun,Jun-2023,2023-06-01,2,Q2,Q2-2023,2023,2023-01-01,FY2024,FQ1,3
20230612,2023-06-12,12,Monday,Mon,1,False,24,6,June,Jun,Jun-2023,2023-06-01,2,Q2,Q2-2023,2023,2023-01-01,FY2024,FQ1,3
20230613,2023-06-13,13,Tuesday,Tue,2,False,24,6,June,Jun,Jun-2023,2023-06-01,2,Q2,Q2-2023,2023,2023-01-01,FY2024,FQ1,3
20230614,2023-06-14,14,Wednesday,Wed,3,False,24,6,June,Jun,Jun-2023,2023-06-01,2,Q2,Q2-2023,2023,2023-01-01,FY2024,FQ1,3
20230615,2023-06-15,15,Thursday,Thu,4,False,24,6,June,Jun,Jun-2023,2023-06-01,2,Q2,Q2-2023,2023,2023-01-01,FY2024,FQ1,3
20230616,2023-06-16,16,Friday,Fri,5,False,24,6,June,Jun,Jun-2023,2023-06-01,2,Q2,Q2-2023,2023,2023-01-01,FY2024,FQ1,3
20230617,2023-06-17,17,Saturday,Sat,6,True,24,6,June,Jun,Jun-2023,2023-06-01,2,Q2,Q2-2023,2023,2023-01-01,FY2024,FQ1,3
20230618,2023-06-18,18,Sunday,Sun,7,True,24,6,June,Jun,Jun-2023,2023-06-01,2,Q2,Q2-2023,2023,2023-01-01,FY2024,FQ1,3
20230619,2023-06-19,19,Monday,Mon,1,False,25,6,June,Jun,Jun-2023,2023-06-01,2,Q2,Q2-2023,2023,2023-01-01,FY2024,FQ1,3
20230620,2023-06-20,20,Tuesday,Tue,2,False,25,6,June,Jun,Jun-2023,2023-06-01,2,Q2,Q2-2023,2023,2023-01-01,FY2024,FQ1,3
20230621,2023-06-21,21,Wednesday,Wed,3,False,25,6,June,Jun,Jun-2023,2023-06-01,2,Q2,Q2-2023,2023,2023-01-01,FY2024,FQ1,3
20230622,2023-06-22,22,Thursday,Thu,4,False,25,6,June,Jun,Jun-2023,2023-06-01,2,Q2,Q2-2023,2023,2023-01-01,FY2024,FQ1,3
20230623,2023-06-23,23,Friday,Fri,5,False,25,6,June,Jun,Jun-2023,2023-06-01,2,Q2,Q2-2023,2023,2023-01-01,FY2024,FQ1,3
20230624,2023-06-24,24,Saturday,Sat,6,True,25,6,June,Jun,Jun-2023,2023-06-01,2,Q2,Q2-2023,2023,2023-01-01,FY2024,FQ1,3
20230625,2023-06-25,25,Sunday,Sun,7,True,25,6,June,Jun,Jun-2023,2023-06-01,2,Q2,Q2-2023,2023,2023-01-01,FY2024,FQ1,3
20230626,2023-06-26,26,Monday,Mon,1,False,26,6,June,Jun,Jun-2023,2023-06-01,2,Q2,Q2-2023,2023,2023-01-01,FY2024,FQ1,3
20230627,2023-06-27,27,Tuesday,Tue,2,False,26,6,June,Jun,Jun-2023,2023-06-01,2,Q2,Q2-2023,2023,2023-01-01,FY2024,FQ1,3
20230628,2023-06-28,28,Wednesday,Wed,3,False,26,6,June,Jun,Jun-2023,2023-06-01,2,Q2,Q2-2023,2023,2023-01-01,FY2024,FQ1,3
20230629,2023-06-29,29,Thursday,Thu,4,False,26,6,June,Jun,Jun-2023,2023-06-01,2,Q2,Q2-2023,2023,2023-01-01,FY2024,FQ1,3
20230630,2023-06-30,30,Friday,Fri,5,False,26,6,June,Jun,Jun-2023,2023-06-01,2,Q2,Q2-2023,2023,2023-01-01,FY2024,FQ1,3
20230701,2023-07-01,1,Saturday,Sat,6,True,26,7,July,Jul,Jul-2023,2023-07-01,3,Q3,Q3-2023,2023,2023-01-01,FY2024,FQ2,4
20230702,2023-07-02,2,Sunday,Sun,7,True,26,7,July,Jul,Jul-2023,2023-07-01,3,Q3,Q3-2023,2023,2023-01-01,FY2024,FQ2,4
20230703,2023-07-03,3,Monday,Mon,1,False,27,7,July,Jul,Jul-2023,2023-07-01,3,Q3,Q3-2023,2023,2023-01-01,FY2024,FQ2,4
20230704,2023-07-04,4,Tuesday,Tue,2,False,27,7,July,Jul,Jul-2023,2023-07-01,3,Q3,Q3-2023,2023,2023-01-01,FY2024,FQ2,4
20230705,2023-07-05,5,Wednesday,Wed,3,False,27,7,July,Jul,Jul-2023,2023-07-01,3,Q3,Q3-2023,2023,2023-01-01,FY2024,FQ2,4
20230706,2023-07-06,6,Thursday,Thu,4,False,27,7,July,Jul,Jul-2023,2023-07-01,3,Q3,Q3-2023,2023,2023-01-01,FY2024,FQ2,4
20230707,2023-07-07,7,Friday,Fri,5,False,27,7,July,Jul,Jul-2023,2023-07-01,3,Q3,Q3-2023,2023,2023-01-01,FY2024,FQ2,4
20230708,2023-07-08,8,Saturday,Sat,6,True,27,7,July,Jul,Jul-2023,2023-07-01,3,Q3,Q3-2023,2023,2023-01-01,FY2024,FQ2,4
20230709,2023-07-09,9,Sunday,Sun,7,True,27,7,July,Jul,Jul-2023,2023-07-01,3,Q3,Q3-2023,2023,2023-01-01,FY2024,FQ2,4
20230710,2023-07-10,10,Monday,Mon,1,False,28,7,July,Jul,Jul-2023,2023-07-01,3,Q3,Q3-2023,2023,2023-01-01,FY2024,FQ2,4
20230711,2023-07-11,11,Tuesday,Tue,2,False,28,7,July,Jul,Jul-2023,2023-07-01,3,Q3,Q3-2023,2023,2023-01-01,FY2024,FQ2,4
20230712,2023-07-12,12,Wednesday,Wed,3,False,28,7,July,Jul,Jul-2023,2023-07-01,3,Q3,Q3-2023,2023,2023-01-01,FY2024,FQ2,4
20230713,2023-07-13,13,Thursday,Thu,4,False,28,7,July,Jul,Jul-2023,2023-07-01,3,Q3,Q3-2023,2023,2023-01-01,FY2024,FQ2,4
20230714,2023-07-14,14,Friday,Fri,5,False,28,7,July,Jul,Jul-2023,2023-07-01,3,Q3,Q3-2023,2023,2023-01-01,FY2024,FQ2,4
20230715,2023-07-15,15,Saturday,Sat,6,True,28,7,July,Jul,Jul-2023,2023-07-01,3,Q3,Q3-2023,2023,2023-01-01,FY2024,FQ2,4
20230716,2023-07-16,16,Sunday,Sun,7,True,28,7,July,Jul,Jul-2023,2023-07-01,3,Q3,Q3-2023,2023,2023-01-01,FY2024,FQ2,4
20230717,2023-07-17,17,Monday,Mon,1,False,29,7,July,Jul,Jul-2023,2023-07-01,3,Q3,Q3-2023,2023,2023-01-01,FY2024,FQ2,4
20230718,2023-07-18,18,Tuesday,Tue,2,False,29,7,July,Jul,Jul-2023,2023-07-01,3,Q3,Q3-2023,2023,2023-01-01,FY2024,FQ2,4
20230719,2023-07-19,19,Wednesday,Wed,3,False,29,7,July,Jul,Jul-2023,2023-07-01,3,Q3,Q3-2023,2023,2023-01-01,FY2024,FQ2,4
20230720,2023-07-20,20,Thursday,Thu,4,False,29,7,July,Jul,Jul-2023,2023-07-01,3,Q3,Q3-2023,2023,2023-01-01,FY2024,FQ2,4
20230721,2023-07-21,21,Friday,Fri,5,False,29,7,July,Jul,Jul-2023,2023-07-01,3,Q3,Q3-2023,2023,2023-01-01,FY2024,FQ2,4
20230722,2023-07-22,22,Saturday,Sat,6,True,29,7,July,Jul,Jul-2023,2023-07-01,3,Q3,Q3-2023,2023,2023-01-01,FY2024,FQ2,4
20230723,2023-07-23,23,Sunday,Sun,7,True,29,7,July,Jul,Jul-2023,2023-07-01,3,Q3,Q3-2023,2023,2023-01-01,FY2024,FQ2,4
20230724,2023-07-24,24,Monday,Mon,1,False,30,7,July,Jul,Jul-2023,2023-07-01,3,Q3,Q3-2023,2023,2023-01-01,FY2024,FQ2,4
20230725,2023-07-25,25,Tuesday,Tue,2,False,30,7,July,Jul,Jul-2023,2023-07-01,3,Q3,Q3-2023,2023,2023-01-01,FY2024,FQ2,4
20230726,2023-07-26,26,Wednesday,Wed,3,False,30,7,July,Jul,Jul-2023,2023-07-01,3,Q3,Q3-2023,2023,2023-01-01,FY2024,FQ2,4
20230727,2023-07-27,27,Thursday,Thu,4,False,30,7,July,Jul,Jul-2023,2023-07-01,3,Q3,Q3-2023,2023,2023-01-01,FY2024,FQ2,4
20230728,2023-07-28,28,Friday,Fri,5,False,30,7,July,Jul,Jul-2023,2023-07-01,3,Q3,Q3-2023,2023,2023-01-01,FY2024,FQ2,4
20230729,2023-07-29,29,Saturday,Sat,6,True,30,7,July,Jul,Jul-2023,2023-07-01,3,Q3,Q3-2023,2023,2023-01-01,FY2024,FQ2,4
20230730,2023-07-30,30,Sunday,Sun,7,True,30,7,July,Jul,Jul-2023,2023-07-01,3,Q3,Q3-2023,2023,2023-01-01,FY2024,FQ2,4
20230731,2023-07-31,31,Monday,Mon,1,False,31,7,July,Jul,Jul-2023,2023-07-01,3,Q3,Q3-2023,2023,2023-01-01,FY2024,FQ2,4
20230801,2023-08-01,1,Tuesday,Tue,2,False,31,8,August,Aug,Aug-2023,2023-08-01,3,Q3,Q3-2023,2023,2023-01-01,FY2024,FQ2,5
20230802,2023-08-02,2,Wednesday,Wed,3,False,31,8,August,Aug,Aug-2023,2023-08-01,3,Q3,Q3-2023,2023,2023-01-01,FY2024,FQ2,5
20230803,2023-08-03,3,Thursday,Thu,4,False,31,8,August,Aug,Aug-2023,2023-08-01,3,Q3,Q3-2023,2023,2023-01-01,FY2024,FQ2,5
20230804,2023-08-04,4,Friday,Fri,5,False,31,8,August,Aug,Aug-2023,2023-08-01,3,Q3,Q3-2023,2023,2023-01-01,FY2024,FQ2,5
20230805,2023-08-05,5,Saturday,Sat,6,True,31,8,August,Aug,Aug-2023,2023-08-01,3,Q3,Q3-2023,2023,2023-01-01,FY2024,FQ2,5
20230806,2023-08-06,6,Sunday,Sun,7,True,31,8,August,Aug,Aug-2023,2023-08-01,3,Q3,Q3-2023,2023,2023-01-01,FY2024,FQ2,5
20230807,2023-08-07,7,Monday,Mon,1,False,32,8,August,Aug,Aug-2023,2023-08-01,3,Q3,Q3-2023,2023,2023-01-01,FY2024,FQ2,5
20230808,2023-08-08,8,Tuesday,Tue,2,False,32,8,August,Aug,Aug-2023,2023-08-01,3,Q3,Q3-2023,2023,2023-01-01,FY2024,FQ2,5
20230809,2023-08-09,9,Wednesday,Wed,3,False,32,8,August,Aug,Aug-2023,2023-08-01,3,Q3,Q3-2023,2023,2023-01-01,FY2024,FQ2,5
20230810,2023-08-10,10,Thursday,Thu,4,False,32,8,August,Aug,Aug-2023,2023-08-01,3,Q3,Q3-2023,2023,2023-01-01,FY2024,FQ2,5
20230811,2023-08-11,11,Friday,Fri,5,False,32,8,August,Aug,Aug-2023,2023-08-01,3,Q3,Q3-2023,2023,2023-01-01,FY2024,FQ2,5
20230812,2023-08-12,12,Saturday,Sat,6,True,32,8,August,Aug,Aug-2023,2023-08-01,3,Q3,Q3-2023,2023,2023-01-01,FY2024,FQ2,5
20230813,2023-08-13,13,Sunday,Sun,7,True,32,8,August,Aug,Aug-2023,2023-08-01,3,Q3,Q3-2023,2023,2023-01-01,FY2024,FQ2,5
20230814,2023-08-14,14,Monday,Mon,1,False,33,8,August,Aug,Aug-2023,2023-08-01,3,Q3,Q3-2023,2023,2023-01-01,FY2024,FQ2,5
20230815,2023-08-15,15,Tuesday,Tue,2,False,33,8,August,Aug,Aug-2023,2023-08-01,3,Q3,Q3-2023,2023,2023-01-01,FY2024,FQ2,5
20230816,2023-08-16,16,Wednesday,Wed,3,False,33,8,August,Aug,Aug-2023,2023-08-01,3,Q3,Q3-2023,2023,2023-01-01,FY2024,FQ2,5
20230817,2023-08-17,17,Thursday,Thu,4,False,33,8,August,Aug,Aug-2023,2023-08-01,3,Q3,Q3-2023,2023,2023-01-01,FY2024,FQ2,5
20230818,2023-08-18,18,Friday,Fri,5,False,33,8,August,Aug,Aug-2023,2023-08-01,3,Q3,Q3-2023,2023,2023-01-01,FY2024,FQ2,5
20230819,2023-08-19,19,Saturday,Sat,6,True,33,8,August,Aug,Aug-2023,2023-08-01,3,Q3,Q3-2023,2023,2023-01-01,FY2024,FQ2,5
20230820,2023-08-20,20,Sunday,Sun,7,True,33,8,August,Aug,Aug-2023,2023-08-01,3,Q3,Q3-2023,2023,2023-01-01,FY2024,FQ2,5
20230821,2023-08-21,21,Monday,Mon,1,False,34,8,August,Aug,Aug-2023,2023-08-01,3,Q3,Q3-2023,2023,2023-01-01,FY2024,FQ2,5
20230822,2023-08-22,22,Tuesday,Tue,2,False,34,8,August,Aug,Aug-2023,2023-08-01,3,Q3,Q3-2023,2023,2023-01-01,FY2024,FQ2,5
20230823,2023-08-23,23,Wednesday,Wed,3,False,34,8,August,Aug,Aug-2023,2023-08-01,3,Q3,Q3-2023,2023,2023-01-01,FY2024,FQ2,5
20230824,2023-08-24,24,Thursday,Thu,4,False,34,8,August,Aug,Aug-2023,2023-08-01,3,Q3,Q3-2023,2023,2023-01-01,FY2024,FQ2,5
20230825,2023-08-25,25,Friday,Fri,5,False,34,8,August,Aug,Aug-2023,2023-08-01,3,Q3,Q3-2023,2023,2023-01-01,FY2024,FQ2,5
20230826,2023-08-26,26,Saturday,Sat,6,True,34,8,August,Aug,Aug-2023,2023-08-01,3,Q3,Q3-2023,2023,2023-01-01,FY2024,FQ2,5
20230827,2023-08-27,27,Sunday,Sun,7,True,34,8,August,Aug,Aug-2023,2023-08-01,3,Q3,Q3-2023,2023,2023-01-01,FY2024,FQ2,5
20230828,2023-08-28,28,Monday,Mon,1,False,35,8,August,Aug,Aug-2023,2023-08-01,3,Q3,Q3-2023,2023,2023-01-01,FY2024,FQ2,5
20230829,2023-08-29,29,Tuesday,Tue,2,False,35,8,August,Aug,Aug-2023,2023-08-01,3,Q3,Q3-2023,2023,2023-01-01,FY2024,FQ2,5
20230830,2023-08-30,30,Wednesday,Wed,3,False,35,8,August,Aug,Aug-2023,2023-08-01,3,Q3,Q3-2023,2023,2023-01-01,FY2024,FQ2,5
20230831,2023-08-31,31,Thursday,Thu,4,False,35,8,August,Aug,Aug-2023,2023-08-01,3,Q3,Q3-2023,2023,2023-01-01,FY2024,FQ2,5
20230901,2023-09-01,1,Friday,Fri,5,False,35,9,September,Sep,Sep-2023,2023-09-01,3,Q3,Q3-2023,2023,2023-01-01,FY2024,FQ2,6
20230902,2023-09-02,2,Saturday,Sat,6,True,35,9,September,Sep,Sep-2023,2023-09-01,3,Q3,Q3-2023,2023,2023-01-01,FY2024,FQ2,6
20230903,2023-09-03,3,Sunday,Sun,7,True,35,9,September,Sep,Sep-2023,2023-09-01,3,Q3,Q3-2023,2023,2023-01-01,FY2024,FQ2,6
20230904,2023-09-04,4,Monday,Mon,1,False,36,9,September,Sep,Sep-2023,2023-09-01,3,Q3,Q3-2023,2023,2023-01-01,FY2024,FQ2,6
20230905,2023-09-05,5,Tuesday,Tue,2,False,36,9,September,Sep,Sep-2023,2023-09-01,3,Q3,Q3-2023,2023,2023-01-01,FY2024,FQ2,6
20230906,2023-09-06,6,Wednesday,Wed,3,False,36,9,September,Sep,Sep-2023,2023-09-01,3,Q3,Q3-2023,2023,2023-01-01,FY2024,FQ2,6
20230907,2023-09-07,7,Thursday,Thu,4,False,36,9,September,Sep,Sep-2023,2023-09-01,3,Q3,Q3-2023,2023,2023-01-01,FY2024,FQ2,6
20230908,2023-09-08,8,Friday,Fri,5,False,36,9,September,Sep,Sep-2023,2023-09-01,3,Q3,Q3-2023,2023,2023-01-01,FY2024,FQ2,6
20230909,2023-09-09,9,Saturday,Sat,6,True,36,9,September,Sep,Sep-2023,2023-09-01,3,Q3,Q3-2023,2023,2023-01-01,FY2024,FQ2,6
20230910,2023-09-10,10,Sunday,Sun,7,True,36,9,September,Sep,Sep-2023,2023-09-01,3,Q3,Q3-2023,2023,2023-01-01,FY2024,FQ2,6
20230911,2023-09-11,11,Monday,Mon,1,False,37,9,September,Sep,Sep-2023,2023-09-01,3,Q3,Q3-2023,2023,2023-01-01,FY2024,FQ2,6
20230912,2023-09-12,12,Tuesday,Tue,2,False,37,9,September,Sep,Sep-2023,2023-09-01,3,Q3,Q3-2023,2023,2023-01-01,FY2024,FQ2,6
20230913,2023-09-13,13,Wednesday,Wed,3,False,37,9,September,Sep,Sep-2023,2023-09-01,3,Q3,Q3-2023,2023,2023-01-01,FY2024,FQ2,6
20230914,2023-09-14,14,Thursday,Thu,4,False,37,9,September,Sep,Sep-2023,2023-09-01,3,Q3,Q3-2023,2023,2023-01-01,FY2024,FQ2,6
20230915,2023-09-15,15,Friday,Fri,5,False,37,9,September,Sep,Sep-2023,2023-09-01,3,Q3,Q3-2023,2023,2023-01-01,FY2024,FQ2,6
20230916,2023-09-16,16,Saturday,Sat,6,True,37,9,September,Sep,Sep-2023,2023-09-01,3,Q3,Q3-2023,2023,2023-01-01,FY2024,FQ2,6
20230917,2023-09-17,17,Sunday,Sun,7,True,37,9,September,Sep,Sep-2023,2023-09-01,3,Q3,Q3-2023,2023,2023-01-01,FY2024,FQ2,6
20230918,2023-09-18,18,Monday,Mon,1,False,38,9,September,Sep,Sep-2023,2023-09-01,3,Q3,Q3-2023,2023,2023-01-01,FY2024,FQ2,6
20230919,2023-09-19,19,Tuesday,Tue,2,False,38,9,September,Sep,Sep-2023,2023-09-01,3,Q3,Q3-2023,2023,2023-01-01,FY2024,FQ2,6
20230920,2023-09-20,20,Wednesday,Wed,3,False,38,9,September,Sep,Sep-2023,2023-09-01,3,Q3,Q3-2023,2023,2023-01-01,FY2024,FQ2,6
20230921,2023-09-21,21,Thursday,Thu,4,False,38,9,September,Sep,Sep-2023,2023-09-01,3,Q3,Q3-2023,2023,2023-01-01,FY2024,FQ2,6
20230922,2023-09-22,22,Friday,Fri,5,False,38,9,September,Sep,Sep-2023,2023-09-01,3,Q3,Q3-2023,2023,2023-01-01,FY2024,FQ2,6
20230923,2023-09-23,23,Saturday,Sat,6,True,38,9,September,Sep,Sep-2023,2023-09-01,3,Q3,Q3-2023,2023,2023-01-01,FY2024,FQ2,6
20230924,2023-09-24,24,Sunday,Sun,7,True,38,9,September,Sep,Sep-2023,2023-09-01,3,Q3,Q3-2023,2023,2023-01-01,FY2024,FQ2,6
20230925,2023-09-25,25,Monday,Mon,1,False,39,9,September,Sep,Sep-2023,2023-09-01,3,Q3,Q3-2023,2023,2023-01-01,FY2024,FQ2,6
20230926,2023-09-26,26,Tuesday,Tue,2,False,39,9,September,Sep,Sep-2023,2023-09-01,3,Q3,Q3-2023,2023,2023-01-01,FY2024,FQ2,6
20230927,2023-09-27,27,Wednesday,Wed,3,False,39,9,September,Sep,Sep-2023,2023-09-01,3,Q3,Q3-2023,2023,2023-01-01,FY2024,FQ2,6
20230928,2023-09-28,28,Thursday,Thu,4,False,39,9,September,Sep,Sep-2023,2023-09-01,3,Q3,Q3-2023,2023,2023-01-01,FY2024,FQ2,6
20230929,2023-09-29,29,Friday,Fri,5,False,39,9,September,Sep,Sep-2023,2023-09-01,3,Q3,Q3-2023,2023,2023-01-01,FY2024,FQ2,6
20230930,2023-09-30,30,Saturday,Sat,6,True,39,9,September,Sep,Sep-2023,2023-09-01,3,Q3,Q3-2023,2023,2023-01-01,FY2024,FQ2,6
20231001,2023-10-01,1,Sunday,Sun,7,True,39,10,October,Oct,Oct-2023,2023-10-01,4,Q4,Q4-2023,2023,2023-01-01,FY2024,FQ3,7
20231002,2023-10-02,2,Monday,Mon,1,False,40,10,October,Oct,Oct-2023,2023-10-01,4,Q4,Q4-2023,2023,2023-01-01,FY2024,FQ3,7
20231003,2023-10-03,3,Tuesday,Tue,2,False,40,10,October,Oct,Oct-2023,2023-10-01,4,Q4,Q4-2023,2023,2023-01-01,FY2024,FQ3,7
20231004,2023-10-04,4,Wednesday,Wed,3,False,40,10,October,Oct,Oct-2023,2023-10-01,4,Q4,Q4-2023,2023,2023-01-01,FY2024,FQ3,7
20231005,2023-10-05,5,Thursday,Thu,4,False,40,10,October,Oct,Oct-2023,2023-10-01,4,Q4,Q4-2023,2023,2023-01-01,FY2024,FQ3,7
20231006,2023-10-06,6,Friday,Fri,5,False,40,10,October,Oct,Oct-2023,2023-10-01,4,Q4,Q4-2023,2023,2023-01-01,FY2024,FQ3,7
20231007,2023-10-07,7,Saturday,Sat,6,True,40,10,October,Oct,Oct-2023,2023-10-01,4,Q4,Q4-2023,2023,2023-01-01,FY2024,FQ3,7
20231008,2023-10-08,8,Sunday,Sun,7,True,40,10,October,Oct,Oct-2023,2023-10-01,4,Q4,Q4-2023,2023,2023-01-01,FY2024,FQ3,7
20231009,2023-10-09,9,Monday,Mon,1,False,41,10,October,Oct,Oct-2023,2023-10-01,4,Q4,Q4-2023,2023,2023-01-01,FY2024,FQ3,7
20231010,2023-10-10,10,Tuesday,Tue,2,False,41,10,October,Oct,Oct-2023,2023-10-01,4,Q4,Q4-2023,2023,2023-01-01,FY2024,FQ3,7
20231011,2023-10-11,11,Wednesday,Wed,3,False,41,10,October,Oct,Oct-2023,2023-10-01,4,Q4,Q4-2023,2023,2023-01-01,FY2024,FQ3,7
20231012,2023-10-12,12,Thursday,Thu,4,False,41,10,October,Oct,Oct-2023,2023-10-01,4,Q4,Q4-2023,2023,2023-01-01,FY2024,FQ3,7
20231013,2023-10-13,13,Friday,Fri,5,False,41,10,October,Oct,Oct-2023,2023-10-01,4,Q4,Q4-2023,2023,2023-01-01,FY2024,FQ3,7
20231014,2023-10-14,14,Saturday,Sat,6,True,41,10,October,Oct,Oct-2023,2023-10-01,4,Q4,Q4-2023,2023,2023-01-01,FY2024,FQ3,7
20231015,2023-10-15,15,Sunday,Sun,7,True,41,10,October,Oct,Oct-2023,2023-10-01,4,Q4,Q4-2023,2023,2023-01-01,FY2024,FQ3,7
20231016,2023-10-16,16,Monday,Mon,1,False,42,10,October,Oct,Oct-2023,2023-10-01,4,Q4,Q4-2023,2023,2023-01-01,FY2024,FQ3,7
20231017,2023-10-17,17,Tuesday,Tue,2,False,42,10,October,Oct,Oct-2023,2023-10-01,4,Q4,Q4-2023,2023,2023-01-01,FY2024,FQ3,7
20231018,2023-10-18,18,Wednesday,Wed,3,False,42,10,October,Oct,Oct-2023,2023-10-01,4,Q4,Q4-2023,2023,2023-01-01,FY2024,FQ3,7
20231019,2023-10-19,19,Thursday,Thu,4,False,42,10,October,Oct,Oct-2023,2023-10-01,4,Q4,Q4-2023,2023,2023-01-01,FY2024,FQ3,7
20231020,2023-10-20,20,Friday,Fri,5,False,42,10,October,Oct,Oct-2023,2023-10-01,4,Q4,Q4-2023,2023,2023-01-01,FY2024,FQ3,7
20231021,2023-10-21,21,Saturday,Sat,6,True,42,10,October,Oct,Oct-2023,2023-10-01,4,Q4,Q4-2023,2023,2023-01-01,FY2024,FQ3,7
20231022,2023-10-22,22,Sunday,Sun,7,True,42,10,October,Oct,Oct-2023,2023-10-01,4,Q4,Q4-2023,2023,2023-01-01,FY2024,FQ3,7
20231023,2023-10-23,23,Monday,Mon,1,False,43,10,October,Oct,Oct-2023,2023-10-01,4,Q4,Q4-2023,2023,2023-01-01,FY2024,FQ3,7
20231024,2023-10-24,24,Tuesday,Tue,2,False,43,10,October,Oct,Oct-2023,2023-10-01,4,Q4,Q4-2023,2023,2023-01-01,FY2024,FQ3,7
20231025,2023-10-25,25,Wednesday,Wed,3,False,43,10,October,Oct,Oct-2023,2023-10-01,4,Q4,Q4-2023,2023,2023-01-01,FY2024,FQ3,7
20231026,2023-10-26,26,Thursday,Thu,4,False,43,10,October,Oct,Oct-2023,2023-10-01,4,Q4,Q4-2023,2023,2023-01-01,FY2024,FQ3,7
20231027,2023-10-27,27,Friday,Fri,5,False,43,10,October,Oct,Oct-2023,2023-10-01,4,Q4,Q4-2023,2023,2023-01-01,FY2024,FQ3,7
20231028,2023-10-28,28,Saturday,Sat,6,True,43,10,October,Oct,Oct-2023,2023-10-01,4,Q4,Q4-2023,2023,2023-01-01,FY2024,FQ3,7
20231029,2023-10-29,29,Sunday,Sun,7,True,43,10,October,Oct,Oct-2023,2023-10-01,4,Q4,Q4-2023,2023,2023-01-01,FY2024,FQ3,7
20231030,2023-10-30,30,Monday,Mon,1,False,44,10,October,Oct,Oct-2023,2023-10-01,4,Q4,Q4-2023,2023,2023-01-01,FY2024,FQ3,7
20231031,2023-10-31,31,Tuesday,Tue,2,False,44,10,October,Oct,Oct-2023,2023-10-01,4,Q4,Q4-2023,2023,2023-01-01,FY2024,FQ3,7
20231101,2023-11-01,1,Wednesday,Wed,3,False,44,11,November,Nov,Nov-2023,2023-11-01,4,Q4,Q4-2023,2023,2023-01-01,FY2024,FQ3,8
20231102,2023-11-02,2,Thursday,Thu,4,False,44,11,November,Nov,Nov-2023,2023-11-01,4,Q4,Q4-2023,2023,2023-01-01,FY2024,FQ3,8
20231103,2023-11-03,3,Friday,Fri,5,False,44,11,November,Nov,Nov-2023,2023-11-01,4,Q4,Q4-2023,2023,2023-01-01,FY2024,FQ3,8
20231104,2023-11-04,4,Saturday,Sat,6,True,44,11,November,Nov,Nov-2023,2023-11-01,4,Q4,Q4-2023,2023,2023-01-01,FY2024,FQ3,8
20231105,2023-11-05,5,Sunday,Sun,7,True,44,11,November,Nov,Nov-2023,2023-11-01,4,Q4,Q4-2023,2023,2023-01-01,FY2024,FQ3,8
20231106,2023-11-06,6,Monday,Mon,1,False,45,11,November,Nov,Nov-2023,2023-11-01,4,Q4,Q4-2023,2023,2023-01-01,FY2024,FQ3,8
20231107,2023-11-07,7,Tuesday,Tue,2,False,45,11,November,Nov,Nov-2023,2023-11-01,4,Q4,Q4-2023,2023,2023-01-01,FY2024,FQ3,8
20231108,2023-11-08,8,Wednesday,Wed,3,False,45,11,November,Nov,Nov-2023,2023-11-01,4,Q4,Q4-2023,2023,2023-01-01,FY2024,FQ3,8
20231109,2023-11-09,9,Thursday,Thu,4,False,45,11,November,Nov,Nov-2023,2023-11-01,4,Q4,Q4-2023,2023,2023-01-01,FY2024,FQ3,8
20231110,2023-11-10,10,Friday,Fri,5,False,45,11,November,Nov,Nov-2023,2023-11-01,4,Q4,Q4-2023,2023,2023-01-01,FY2024,FQ3,8
20231111,2023-11-11,11,Saturday,Sat,6,True,45,11,November,Nov,Nov-2023,2023-11-01,4,Q4,Q4-2023,2023,2023-01-01,FY2024,FQ3,8
20231112,2023-11-12,12,Sunday,Sun,7,True,45,11,November,Nov,Nov-2023,2023-11-01,4,Q4,Q4-2023,2023,2023-01-01,FY2024,FQ3,8
20231113,2023-11-13,13,Monday,Mon,1,False,46,11,November,Nov,Nov-2023,2023-11-01,4,Q4,Q4-2023,2023,2023-01-01,FY2024,FQ3,8
20231114,2023-11-14,14,Tuesday,Tue,2,False,46,11,November,Nov,Nov-2023,2023-11-01,4,Q4,Q4-2023,2023,2023-01-01,FY2024,FQ3,8
20231115,2023-11-15,15,Wednesday,Wed,3,False,46,11,November,Nov,Nov-2023,2023-11-01,4,Q4,Q4-2023,2023,2023-01-01,FY2024,FQ3,8
20231116,2023-11-16,16,Thursday,Thu,4,False,46,11,November,Nov,Nov-2023,2023-11-01,4,Q4,Q4-2023,2023,2023-01-01,FY2024,FQ3,8
20231117,2023-11-17,17,Friday,Fri,5,False,46,11,November,Nov,Nov-2023,2023-11-01,4,Q4,Q4-2023,2023,2023-01-01,FY2024,FQ3,8
20231118,2023-11-18,18,Saturday,Sat,6,True,46,11,November,Nov,Nov-2023,2023-11-01,4,Q4,Q4-2023,2023,2023-01-01,FY2024,FQ3,8
20231119,2023-11-19,19,Sunday,Sun,7,True,46,11,November,Nov,Nov-2023,2023-11-01,4,Q4,Q4-2023,2023,2023-01-01,FY2024,FQ3,8
20231120,2023-11-20,20,Monday,Mon,1,False,47,11,November,Nov,Nov-2023,2023-11-01,4,Q4,Q4-2023,2023,2023-01-01,FY2024,FQ3,8
20231121,2023-11-21,21,Tuesday,Tue,2,False,47,11,November,Nov,Nov-2023,2023-11-01,4,Q4,Q4-2023,2023,2023-01-01,FY2024,FQ3,8
20231122,2023-11-22,22,Wednesday,Wed,3,False,47,11,November,Nov,Nov-2023,2023-11-01,4,Q4,Q4-2023,2023,2023-01-01,FY2024,FQ3,8
20231123,2023-11-23,23,Thursday,Thu,4,False,47,11,November,Nov,Nov-2023,2023-11-01,4,Q4,Q4-2023,2023,2023-01-01,FY2024,FQ3,8
20231124,2023-11-24,24,Friday,Fri,5,False,47,11,November,Nov,Nov-2023,2023-11-01,4,Q4,Q4-2023,2023,2023-01-01,FY2024,FQ3,8
20231125,2023-11-25,25,Saturday,Sat,6,True,47,11,November,Nov,Nov-2023,2023-11-01,4,Q4,Q4-2023,2023,2023-01-01,FY2024,FQ3,8
20231126,2023-11-26,26,Sunday,Sun,7,True,47,11,November,Nov,Nov-2023,2023-11-01,4,Q4,Q4-2023,2023,2023-01-01,FY2024,FQ3,8
20231127,2023-11-27,27,Monday,Mon,1,False,48,11,November,Nov,Nov-2023,2023-11-01,4,Q4,Q4-2023,2023,2023-01-01,FY2024,FQ3,8
20231128,2023-11-28,28,Tuesday,Tue,2,False,48,11,November,Nov,Nov-2023,2023-11-01,4,Q4,Q4-2023,2023,2023-01-01,FY2024,FQ3,8
20231129,2023-11-29,29,Wednesday,Wed,3,False,48,11,November,Nov,Nov-2023,2023-11-01,4,Q4,Q4-2023,2023,2023-01-01,FY2024,FQ3,8
20231130,2023-11-30,30,Thursday,Thu,4,False,48,11,November,Nov,Nov-2023,2023-11-01,4,Q4,Q4-2023,2023,2023-01-01,FY2024,FQ3,8
20231201,2023-12-01,1,Friday,Fri,5,False,48,12,December,Dec,Dec-2023,2023-12-01,4,Q4,Q4-2023,2023,2023-01-01,FY2024,FQ3,9
20231202,2023-12-02,2,Saturday,Sat,6,True,48,12,December,Dec,Dec-2023,2023-12-01,4,Q4,Q4-2023,2023,2023-01-01,FY2024,FQ3,9
20231203,2023-12-03,3,Sunday,Sun,7,True,48,12,December,Dec,Dec-2023,2023-12-01,4,Q4,Q4-2023,2023,2023-01-01,FY2024,FQ3,9
20231204,2023-12-04,4,Monday,Mon,1,False,49,12,December,Dec,Dec-2023,2023-12-01,4,Q4,Q4-2023,2023,2023-01-01,FY2024,FQ3,9
20231205,2023-12-05,5,Tuesday,Tue,2,False,49,12,December,Dec,Dec-2023,2023-12-01,4,Q4,Q4-2023,2023,2023-01-01,FY2024,FQ3,9
20231206,2023-12-06,6,Wednesday,Wed,3,False,49,12,December,Dec,Dec-2023,2023-12-01,4,Q4,Q4-2023,2023,2023-01-01,FY2024,FQ3,9
20231207,2023-12-07,7,Thursday,Thu,4,False,49,12,December,Dec,Dec-2023,2023-12-01,4,Q4,Q4-2023,2023,2023-01-01,FY2024,FQ3,9
20231208,2023-12-08,8,Friday,Fri,5,False,49,12,December,Dec,Dec-2023,2023-12-01,4,Q4,Q4-2023,2023,2023-01-01,FY2024,FQ3,9
20231209,2023-12-09,9,Saturday,Sat,6,True,49,12,December,Dec,Dec-2023,2023-12-01,4,Q4,Q4-2023,2023,2023-01-01,FY2024,FQ3,9
20231210,2023-12-10,10,Sunday,Sun,7,True,49,12,December,Dec,Dec-2023,2023-12-01,4,Q4,Q4-2023,2023,2023-01-01,FY2024,FQ3,9
20231211,2023-12-11,11,Monday,Mon,1,False,50,12,December,Dec,Dec-2023,2023-12-01,4,Q4,Q4-2023,2023,2023-01-01,FY2024,FQ3,9
20231212,2023-12-12,12,Tuesday,Tue,2,False,50,12,December,Dec,Dec-2023,2023-12-01,4,Q4,Q4-2023,2023,2023-01-01,FY2024,FQ3,9
20231213,2023-12-13,13,Wednesday,Wed,3,False,50,12,December,Dec,Dec-2023,2023-12-01,4,Q4,Q4-2023,2023,2023-01-01,FY2024,FQ3,9
20231214,2023-12-14,14,Thursday,Thu,4,False,50,12,December,Dec,Dec-2023,2023-12-01,4,Q4,Q4-2023,2023,2023-01-01,FY2024,FQ3,9
20231215,2023-12-15,15,Friday,Fri,5,False,50,12,December,Dec,Dec-2023,2023-12-01,4,Q4,Q4-2023,2023,2023-01-01,FY2024,FQ3,9
20231216,2023-12-16,16,Saturday,Sat,6,True,50,12,December,Dec,Dec-2023,2023-12-01,4,Q4,Q4-2023,2023,2023-01-01,FY2024,FQ3,9
20231217,2023-12-17,17,Sunday,Sun,7,True,50,12,December,Dec,Dec-2023,2023-12-01,4,Q4,Q4-2023,2023,2023-01-01,FY2024,FQ3,9
20231218,2023-12-18,18,Monday,Mon,1,False,51,12,December,Dec,Dec-2023,2023-12-01,4,Q4,Q4-2023,2023,2023-01-01,FY2024,FQ3,9
20231219,2023-12-19,19,Tuesday,Tue,2,False,51,12,December,Dec,Dec-2023,2023-12-01,4,Q4,Q4-2023,2023,2023-01-01,FY2024,FQ3,9
20231220,2023-12-20,20,Wednesday,Wed,3,False,51,12,December,Dec,Dec-2023,2023-12-01,4,Q4,Q4-2023,2023,2023-01-01,FY2024,FQ3,9
20231221,2023-12-21,21,Thursday,Thu,4,False,51,12,December,Dec,Dec-2023,2023-12-01,4,Q4,Q4-2023,2023,2023-01-01,FY2024,FQ3,9
20231222,2023-12-22,22,Friday,Fri,5,False,51,12,December,Dec,Dec-2023,2023-12-01,4,Q4,Q4-2023,2023,2023-01-01,FY2024,FQ3,9
20231223,2023-12-23,23,Saturday,Sat,6,True,51,12,December,Dec,Dec-2023,2023-12-01,4,Q4,Q4-2023,2023,2023-01-01,FY2024,FQ3,9
20231224,2023-12-24,24,Sunday,Sun,7,True,51,12,December,Dec,Dec-2023,2023-12-01,4,Q4,Q4-2023,2023,2023-01-01,FY2024,FQ3,9
20231225,2023-12-25,25,Monday,Mon,1,False,52,12,December,Dec,Dec-2023,2023-12-01,4,Q4,Q4-2023,2023,2023-01-01,FY2024,FQ3,9
20231226,2023-12-26,26,Tuesday,Tue,2,False,52,12,December,Dec,Dec-2023,2023-12-01,4,Q4,Q4-2023,2023,2023-01-01,FY2024,FQ3,9
20231227,2023-12-27,27,Wednesday,Wed,3,False,52,12,December,Dec,Dec-2023,2023-12-01,4,Q4,Q4-2023,2023,2023-01-01,FY2024,FQ3,9
20231228,2023-12-28,28,Thursday,Thu,4,False,52,12,December,Dec,Dec-2023,2023-12-01,4,Q4,Q4-2023,2023,2023-01-01,FY2024,FQ3,9
20231229,2023-12-29,29,Friday,Fri,5,False,52,12,December,Dec,Dec-2023,2023-12-01,4,Q4,Q4-2023,2023,2023-01-01,FY2024,FQ3,9
20231230,2023-12-30,30,Saturday,Sat,6,True,52,12,December,Dec,Dec-2023,2023-12-01,4,Q4,Q4-2023,2023,2023-01-01,FY2024,FQ3,9
20231231,2023-12-31,31,Sunday,Sun,7,True,52,12,December,Dec,Dec-2023,2023-12-01,4,Q4,Q4-2023,2023,2023-01-01,FY2024,FQ3,9
20240101,2024-01-01,1,Monday,Mon,1,False,1,1,January,Jan,Jan-2024,2024-01-01,1,Q1,Q1-2024,2024,2024-01-01,FY2024,FQ4,10
20240102,2024-01-02,2,Tuesday,Tue,2,False,1,1,January,Jan,Jan-2024,2024-01-01,1,Q1,Q1-2024,2024,2024-01-01,FY2024,FQ4,10
20240103,2024-01-03,3,Wednesday,Wed,3,False,1,1,January,Jan,Jan-2024,2024-01-01,1,Q1,Q1-2024,2024,2024-01-01,FY2024,FQ4,10
20240104,2024-01-04,4,Thursday,Thu,4,False,1,1,January,Jan,Jan-2024,2024-01-01,1,Q1,Q1-2024,2024,2024-01-01,FY2024,FQ4,10
20240105,2024-01-05,5,Friday,Fri,5,False,1,1,January,Jan,Jan-2024,2024-01-01,1,Q1,Q1-2024,2024,2024-01-01,FY2024,FQ4,10
20240106,2024-01-06,6,Saturday,Sat,6,True,1,1,January,Jan,Jan-2024,2024-01-01,1,Q1,Q1-2024,2024,2024-01-01,FY2024,FQ4,10
20240107,2024-01-07,7,Sunday,Sun,7,True,1,1,January,Jan,Jan-2024,2024-01-01,1,Q1,Q1-2024,2024,2024-01-01,FY2024,FQ4,10
20240108,2024-01-08,8,Monday,Mon,1,False,2,1,January,Jan,Jan-2024,2024-01-01,1,Q1,Q1-2024,2024,2024-01-01,FY2024,FQ4,10
20240109,2024-01-09,9,Tuesday,Tue,2,False,2,1,January,Jan,Jan-2024,2024-01-01,1,Q1,Q1-2024,2024,2024-01-01,FY2024,FQ4,10
20240110,2024-01-10,10,Wednesday,Wed,3,False,2,1,January,Jan,Jan-2024,2024-01-01,1,Q1,Q1-2024,2024,2024-01-01,FY2024,FQ4,10
20240111,2024-01-11,11,Thursday,Thu,4,False,2,1,January,Jan,Jan-2024,2024-01-01,1,Q1,Q1-2024,2024,2024-01-01,FY2024,FQ4,10
20240112,2024-01-12,12,Friday,Fri,5,False,2,1,January,Jan,Jan-2024,2024-01-01,1,Q1,Q1-2024,2024,2024-01-01,FY2024,FQ4,10
20240113,2024-01-13,13,Saturday,Sat,6,True,2,1,January,Jan,Jan-2024,2024-01-01,1,Q1,Q1-2024,2024,2024-01-01,FY2024,FQ4,10
20240114,2024-01-14,14,Sunday,Sun,7,True,2,1,January,Jan,Jan-2024,2024-01-01,1,Q1,Q1-2024,2024,2024-01-01,FY2024,FQ4,10
20240115,2024-01-15,15,Monday,Mon,1,False,3,1,January,Jan,Jan-2024,2024-01-01,1,Q1,Q1-2024,2024,2024-01-01,FY2024,FQ4,10
20240116,2024-01-16,16,Tuesday,Tue,2,False,3,1,January,Jan,Jan-2024,2024-01-01,1,Q1,Q1-2024,2024,2024-01-01,FY2024,FQ4,10
20240117,2024-01-17,17,Wednesday,Wed,3,False,3,1,January,Jan,Jan-2024,2024-01-01,1,Q1,Q1-2024,2024,2024-01-01,FY2024,FQ4,10
20240118,2024-01-18,18,Thursday,Thu,4,False,3,1,January,Jan,Jan-2024,2024-01-01,1,Q1,Q1-2024,2024,2024-01-01,FY2024,FQ4,10
20240119,2024-01-19,19,Friday,Fri,5,False,3,1,January,Jan,Jan-2024,2024-01-01,1,Q1,Q1-2024,2024,2024-01-01,FY2024,FQ4,10
20240120,2024-01-20,20,Saturday,Sat,6,True,3,1,January,Jan,Jan-2024,2024-01-01,1,Q1,Q1-2024,2024,2024-01-01,FY2024,FQ4,10
20240121,2024-01-21,21,Sunday,Sun,7,True,3,1,January,Jan,Jan-2024,2024-01-01,1,Q1,Q1-2024,2024,2024-01-01,FY2024,FQ4,10
20240122,2024-01-22,22,Monday,Mon,1,False,4,1,January,Jan,Jan-2024,2024-01-01,1,Q1,Q1-2024,2024,2024-01-01,FY2024,FQ4,10
20240123,2024-01-23,23,Tuesday,Tue,2,False,4,1,January,Jan,Jan-2024,2024-01-01,1,Q1,Q1-2024,2024,2024-01-01,FY2024,FQ4,10
20240124,2024-01-24,24,Wednesday,Wed,3,False,4,1,January,Jan,Jan-2024,2024-01-01,1,Q1,Q1-2024,2024,2024-01-01,FY2024,FQ4,10
20240125,2024-01-25,25,Thursday,Thu,4,False,4,1,January,Jan,Jan-2024,2024-01-01,1,Q1,Q1-2024,2024,2024-01-01,FY2024,FQ4,10
20240126,2024-01-26,26,Friday,Fri,5,False,4,1,January,Jan,Jan-2024,2024-01-01,1,Q1,Q1-2024,2024,2024-01-01,FY2024,FQ4,10
20240127,2024-01-27,27,Saturday,Sat,6,True,4,1,January,Jan,Jan-2024,2024-01-01,1,Q1,Q1-2024,2024,2024-01-01,FY2024,FQ4,10
20240128,2024-01-28,28,Sunday,Sun,7,True,4,1,January,Jan,Jan-2024,2024-01-01,1,Q1,Q1-2024,2024,2024-01-01,FY2024,FQ4,10
20240129,2024-01-29,29,Monday,Mon,1,False,5,1,January,Jan,Jan-2024,2024-01-01,1,Q1,Q1-2024,2024,2024-01-01,FY2024,FQ4,10
20240130,2024-01-30,30,Tuesday,Tue,2,False,5,1,January,Jan,Jan-2024,2024-01-01,1,Q1,Q1-2024,2024,2024-01-01,FY2024,FQ4,10
20240131,2024-01-31,31,Wednesday,Wed,3,False,5,1,January,Jan,Jan-2024,2024-01-01,1,Q1,Q1-2024,2024,2024-01-01,FY2024,FQ4,10
20240201,2024-02-01,1,Thursday,Thu,4,False,5,2,February,Feb,Feb-2024,2024-02-01,1,Q1,Q1-2024,2024,2024-01-01,FY2024,FQ4,11
20240202,2024-02-02,2,Friday,Fri,5,False,5,2,February,Feb,Feb-2024,2024-02-01,1,Q1,Q1-2024,2024,2024-01-01,FY2024,FQ4,11
20240203,2024-02-03,3,Saturday,Sat,6,True,5,2,February,Feb,Feb-2024,2024-02-01,1,Q1,Q1-2024,2024,2024-01-01,FY2024,FQ4,11
20240204,2024-02-04,4,Sunday,Sun,7,True,5,2,February,Feb,Feb-2024,2024-02-01,1,Q1,Q1-2024,2024,2024-01-01,FY2024,FQ4,11
20240205,2024-02-05,5,Monday,Mon,1,False,6,2,February,Feb,Feb-2024,2024-02-01,1,Q1,Q1-2024,2024,2024-01-01,FY2024,FQ4,11
20240206,2024-02-06,6,Tuesday,Tue,2,False,6,2,February,Feb,Feb-2024,2024-02-01,1,Q1,Q1-2024,2024,2024-01-01,FY2024,FQ4,11
20240207,2024-02-07,7,Wednesday,Wed,3,False,6,2,February,Feb,Feb-2024,2024-02-01,1,Q1,Q1-2024,2024,2024-01-01,FY2024,FQ4,11
20240208,2024-02-08,8,Thursday,Thu,4,False,6,2,February,Feb,Feb-2024,2024-02-01,1,Q1,Q1-2024,2024,2024-01-01,FY2024,FQ4,11
20240209,2024-02-09,9,Friday,Fri,5,False,6,2,February,Feb,Feb-2024,2024-02-01,1,Q1,Q1-2024,2024,2024-01-01,FY2024,FQ4,11
20240210,2024-02-10,10,Saturday,Sat,6,True,6,2,February,Feb,Feb-2024,2024-02-01,1,Q1,Q1-2024,2024,2024-01-01,FY2024,FQ4,11
20240211,2024-02-11,11,Sunday,Sun,7,True,6,2,February,Feb,Feb-2024,2024-02-01,1,Q1,Q1-2024,2024,2024-01-01,FY2024,FQ4,11
20240212,2024-02-12,12,Monday,Mon,1,False,7,2,February,Feb,Feb-2024,2024-02-01,1,Q1,Q1-2024,2024,2024-01-01,FY2024,FQ4,11
20240213,2024-02-13,13,Tuesday,Tue,2,False,7,2,February,Feb,Feb-2024,2024-02-01,1,Q1,Q1-2024,2024,2024-01-01,FY2024,FQ4,11
20240214,2024-02-14,14,Wednesday,Wed,3,False,7,2,February,Feb,Feb-2024,2024-02-01,1,Q1,Q1-2024,2024,2024-01-01,FY2024,FQ4,11
20240215,2024-02-15,15,Thursday,Thu,4,False,7,2,February,Feb,Feb-2024,2024-02-01,1,Q1,Q1-2024,2024,2024-01-01,FY2024,FQ4,11
20240216,2024-02-16,16,Friday,Fri,5,False,7,2,February,Feb,Feb-2024,2024-02-01,1,Q1,Q1-2024,2024,2024-01-01,FY2024,FQ4,11
20240217,2024-02-17,17,Saturday,Sat,6,True,7,2,February,Feb,Feb-2024,2024-02-01,1,Q1,Q1-2024,2024,2024-01-01,FY2024,FQ4,11
20240218,2024-02-18,18,Sunday,Sun,7,True,7,2,February,Feb,Feb-2024,2024-02-01,1,Q1,Q1-2024,2024,2024-01-01,FY2024,FQ4,11
20240219,2024-02-19,19,Monday,Mon,1,False,8,2,February,Feb,Feb-2024,2024-02-01,1,Q1,Q1-2024,2024,2024-01-01,FY2024,FQ4,11
20240220,2024-02-20,20,Tuesday,Tue,2,False,8,2,February,Feb,Feb-2024,2024-02-01,1,Q1,Q1-2024,2024,2024-01-01,FY2024,FQ4,11
20240221,2024-02-21,21,Wednesday,Wed,3,False,8,2,February,Feb,Feb-2024,2024-02-01,1,Q1,Q1-2024,2024,2024-01-01,FY2024,FQ4,11
20240222,2024-02-22,22,Thursday,Thu,4,False,8,2,February,Feb,Feb-2024,2024-02-01,1,Q1,Q1-2024,2024,2024-01-01,FY2024,FQ4,11
20240223,2024-02-23,23,Friday,Fri,5,False,8,2,February,Feb,Feb-2024,2024-02-01,1,Q1,Q1-2024,2024,2024-01-01,FY2024,FQ4,11
20240224,2024-02-24,24,Saturday,Sat,6,True,8,2,February,Feb,Feb-2024,2024-02-01,1,Q1,Q1-2024,2024,2024-01-01,FY2024,FQ4,11
20240225,2024-02-25,25,Sunday,Sun,7,True,8,2,February,Feb,Feb-2024,2024-02-01,1,Q1,Q1-2024,2024,2024-01-01,FY2024,FQ4,11
20240226,2024-02-26,26,Monday,Mon,1,False,9,2,February,Feb,Feb-2024,2024-02-01,1,Q1,Q1-2024,2024,2024-01-01,FY2024,FQ4,11
20240227,2024-02-27,27,Tuesday,Tue,2,False,9,2,February,Feb,Feb-2024,2024-02-01,1,Q1,Q1-2024,2024,2024-01-01,FY2024,FQ4,11
20240228,2024-02-28,28,Wednesday,Wed,3,False,9,2,February,Feb,Feb-2024,2024-02-01,1,Q1,Q1-2024,2024,2024-01-01,FY2024,FQ4,11
20240229,2024-02-29,29,Thursday,Thu,4,False,9,2,February,Feb,Feb-2024,2024-02-01,1,Q1,Q1-2024,2024,2024-01-01,FY2024,FQ4,11
20240301,2024-03-01,1,Friday,Fri,5,False,9,3,March,Mar,Mar-2024,2024-03-01,1,Q1,Q1-2024,2024,2024-01-01,FY2024,FQ4,12
20240302,2024-03-02,2,Saturday,Sat,6,True,9,3,March,Mar,Mar-2024,2024-03-01,1,Q1,Q1-2024,2024,2024-01-01,FY2024,FQ4,12
20240303,2024-03-03,3,Sunday,Sun,7,True,9,3,March,Mar,Mar-2024,2024-03-01,1,Q1,Q1-2024,2024,2024-01-01,FY2024,FQ4,12
20240304,2024-03-04,4,Monday,Mon,1,False,10,3,March,Mar,Mar-2024,2024-03-01,1,Q1,Q1-2024,2024,2024-01-01,FY2024,FQ4,12
20240305,2024-03-05,5,Tuesday,Tue,2,False,10,3,March,Mar,Mar-2024,2024-03-01,1,Q1,Q1-2024,2024,2024-01-01,FY2024,FQ4,12
20240306,2024-03-06,6,Wednesday,Wed,3,False,10,3,March,Mar,Mar-2024,2024-03-01,1,Q1,Q1-2024,2024,2024-01-01,FY2024,FQ4,12
20240307,2024-03-07,7,Thursday,Thu,4,False,10,3,March,Mar,Mar-2024,2024-03-01,1,Q1,Q1-2024,2024,2024-01-01,FY2024,FQ4,12
20240308,2024-03-08,8,Friday,Fri,5,False,10,3,March,Mar,Mar-2024,2024-03-01,1,Q1,Q1-2024,2024,2024-01-01,FY2024,FQ4,12
20240309,2024-03-09,9,Saturday,Sat,6,True,10,3,March,Mar,Mar-2024,2024-03-01,1,Q1,Q1-2024,2024,2024-01-01,FY2024,FQ4,12
20240310,2024-03-10,10,Sunday,Sun,7,True,10,3,March,Mar,Mar-2024,2024-03-01,1,Q1,Q1-2024,2024,2024-01-01,FY2024,FQ4,12
20240311,2024-03-11,11,Monday,Mon,1,False,11,3,March,Mar,Mar-2024,2024-03-01,1,Q1,Q1-2024,2024,2024-01-01,FY2024,FQ4,12
20240312,2024-03-12,12,Tuesday,Tue,2,False,11,3,March,Mar,Mar-2024,2024-03-01,1,Q1,Q1-2024,2024,2024-01-01,FY2024,FQ4,12
20240313,2024-03-13,13,Wednesday,Wed,3,False,11,3,March,Mar,Mar-2024,2024-03-01,1,Q1,Q1-2024,2024,2024-01-01,FY2024,FQ4,12
20240314,2024-03-14,14,Thursday,Thu,4,False,11,3,March,Mar,Mar-2024,2024-03-01,1,Q1,Q1-2024,2024,2024-01-01,FY2024,FQ4,12
20240315,2024-03-15,15,Friday,Fri,5,False,11,3,March,Mar,Mar-2024,2024-03-01,1,Q1,Q1-2024,2024,2024-01-01,FY2024,FQ4,12
20240316,2024-03-16,16,Saturday,Sat,6,True,11,3,March,Mar,Mar-2024,2024-03-01,1,Q1,Q1-2024,2024,2024-01-01,FY2024,FQ4,12
20240317,2024-03-17,17,Sunday,Sun,7,True,11,3,March,Mar,Mar-2024,2024-03-01,1,Q1,Q1-2024,2024,2024-01-01,FY2024,FQ4,12
20240318,2024-03-18,18,Monday,Mon,1,False,12,3,March,Mar,Mar-2024,2024-03-01,1,Q1,Q1-2024,2024,2024-01-01,FY2024,FQ4,12
20240319,2024-03-19,19,Tuesday,Tue,2,False,12,3,March,Mar,Mar-2024,2024-03-01,1,Q1,Q1-2024,2024,2024-01-01,FY2024,FQ4,12
20240320,2024-03-20,20,Wednesday,Wed,3,False,12,3,March,Mar,Mar-2024,2024-03-01,1,Q1,Q1-2024,2024,2024-01-01,FY2024,FQ4,12
20240321,2024-03-21,21,Thursday,Thu,4,False,12,3,March,Mar,Mar-2024,2024-03-01,1,Q1,Q1-2024,2024,2024-01-01,FY2024,FQ4,12
20240322,2024-03-22,22,Friday,Fri,5,False,12,3,March,Mar,Mar-2024,2024-03-01,1,Q1,Q1-2024,2024,2024-01-01,FY2024,FQ4,12
20240323,2024-03-23,23,Saturday,Sat,6,True,12,3,March,Mar,Mar-2024,2024-03-01,1,Q1,Q1-2024,2024,2024-01-01,FY2024,FQ4,12
20240324,2024-03-24,24,Sunday,Sun,7,True,12,3,March,Mar,Mar-2024,2024-03-01,1,Q1,Q1-2024,2024,2024-01-01,FY2024,FQ4,12
20240325,2024-03-25,25,Monday,Mon,1,False,13,3,March,Mar,Mar-2024,2024-03-01,1,Q1,Q1-2024,2024,2024-01-01,FY2024,FQ4,12
20240326,2024-03-26,26,Tuesday,Tue,2,False,13,3,March,Mar,Mar-2024,2024-03-01,1,Q1,Q1-2024,2024,2024-01-01,FY2024,FQ4,12
20240327,2024-03-27,27,Wednesday,Wed,3,False,13,3,March,Mar,Mar-2024,2024-03-01,1,Q1,Q1-2024,2024,2024-01-01,FY2024,FQ4,12
20240328,2024-03-28,28,Thursday,Thu,4,False,13,3,March,Mar,Mar-2024,2024-03-01,1,Q1,Q1-2024,2024,2024-01-01,FY2024,FQ4,12
20240329,2024-03-29,29,Friday,Fri,5,False,13,3,March,Mar,Mar-2024,2024-03-01,1,Q1,Q1-2024,2024,2024-01-01,FY2024,FQ4,12
20240330,2024-03-30,30,Saturday,Sat,6,True,13,3,March,Mar,Mar-2024,2024-03-01,1,Q1,Q1-2024,2024,2024-01-01,FY2024,FQ4,12
20240331,2024-03-31,31,Sunday,Sun,7,True,13,3,March,Mar,Mar-2024,2024-03-01,1,Q1,Q1-2024,2024,2024-01-01,FY2024,FQ4,12
20240401,2024-04-01,1,Monday,Mon,1,False,14,4,April,Apr,Apr-2024,2024-04-01,2,Q2,Q2-2024,2024,2024-01-01,FY2025,FQ1,1
20240402,2024-04-02,2,Tuesday,Tue,2,False,14,4,April,Apr,Apr-2024,2024-04-01,2,Q2,Q2-2024,2024,2024-01-01,FY2025,FQ1,1
20240403,2024-04-03,3,Wednesday,Wed,3,False,14,4,April,Apr,Apr-2024,2024-04-01,2,Q2,Q2-2024,2024,2024-01-01,FY2025,FQ1,1
20240404,2024-04-04,4,Thursday,Thu,4,False,14,4,April,Apr,Apr-2024,2024-04-01,2,Q2,Q2-2024,2024,2024-01-01,FY2025,FQ1,1
20240405,2024-04-05,5,Friday,Fri,5,False,14,4,April,Apr,Apr-2024,2024-04-01,2,Q2,Q2-2024,2024,2024-01-01,FY2025,FQ1,1
20240406,2024-04-06,6,Saturday,Sat,6,True,14,4,April,Apr,Apr-2024,2024-04-01,2,Q2,Q2-2024,2024,2024-01-01,FY2025,FQ1,1
20240407,2024-04-07,7,Sunday,Sun,7,True,14,4,April,Apr,Apr-2024,2024-04-01,2,Q2,Q2-2024,2024,2024-01-01,FY2025,FQ1,1
20240408,2024-04-08,8,Monday,Mon,1,False,15,4,April,Apr,Apr-2024,2024-04-01,2,Q2,Q2-2024,2024,2024-01-01,FY2025,FQ1,1
20240409,2024-04-09,9,Tuesday,Tue,2,False,15,4,April,Apr,Apr-2024,2024-04-01,2,Q2,Q2-2024,2024,2024-01-01,FY2025,FQ1,1
20240410,2024-04-10,10,Wednesday,Wed,3,False,15,4,April,Apr,Apr-2024,2024-04-01,2,Q2,Q2-2024,2024,2024-01-01,FY2025,FQ1,1
20240411,2024-04-11,11,Thursday,Thu,4,False,15,4,April,Apr,Apr-2024,2024-04-01,2,Q2,Q2-2024,2024,2024-01-01,FY2025,FQ1,1
20240412,2024-04-12,12,Friday,Fri,5,False,15,4,April,Apr,Apr-2024,2024-04-01,2,Q2,Q2-2024,2024,2024-01-01,FY2025,FQ1,1
20240413,2024-04-13,13,Saturday,Sat,6,True,15,4,April,Apr,Apr-2024,2024-04-01,2,Q2,Q2-2024,2024,2024-01-01,FY2025,FQ1,1
20240414,2024-04-14,14,Sunday,Sun,7,True,15,4,April,Apr,Apr-2024,2024-04-01,2,Q2,Q2-2024,2024,2024-01-01,FY2025,FQ1,1
20240415,2024-04-15,15,Monday,Mon,1,False,16,4,April,Apr,Apr-2024,2024-04-01,2,Q2,Q2-2024,2024,2024-01-01,FY2025,FQ1,1
20240416,2024-04-16,16,Tuesday,Tue,2,False,16,4,April,Apr,Apr-2024,2024-04-01,2,Q2,Q2-2024,2024,2024-01-01,FY2025,FQ1,1
20240417,2024-04-17,17,Wednesday,Wed,3,False,16,4,April,Apr,Apr-2024,2024-04-01,2,Q2,Q2-2024,2024,2024-01-01,FY2025,FQ1,1
20240418,2024-04-18,18,Thursday,Thu,4,False,16,4,April,Apr,Apr-2024,2024-04-01,2,Q2,Q2-2024,2024,2024-01-01,FY2025,FQ1,1
20240419,2024-04-19,19,Friday,Fri,5,False,16,4,April,Apr,Apr-2024,2024-04-01,2,Q2,Q2-2024,2024,2024-01-01,FY2025,FQ1,1
20240420,2024-04-20,20,Saturday,Sat,6,True,16,4,April,Apr,Apr-2024,2024-04-01,2,Q2,Q2-2024,2024,2024-01-01,FY2025,FQ1,1
20240421,2024-04-21,21,Sunday,Sun,7,True,16,4,April,Apr,Apr-2024,2024-04-01,2,Q2,Q2-2024,2024,2024-01-01,FY2025,FQ1,1
20240422,2024-04-22,22,Monday,Mon,1,False,17,4,April,Apr,Apr-2024,2024-04-01,2,Q2,Q2-2024,2024,2024-01-01,FY2025,FQ1,1
20240423,2024-04-23,23,Tuesday,Tue,2,False,17,4,April,Apr,Apr-2024,2024-04-01,2,Q2,Q2-2024,2024,2024-01-01,FY2025,FQ1,1
20240424,2024-04-24,24,Wednesday,Wed,3,False,17,4,April,Apr,Apr-2024,2024-04-01,2,Q2,Q2-2024,2024,2024-01-01,FY2025,FQ1,1
20240425,2024-04-25,25,Thursday,Thu,4,False,17,4,April,Apr,Apr-2024,2024-04-01,2,Q2,Q2-2024,2024,2024-01-01,FY2025,FQ1,1
20240426,2024-04-26,26,Friday,Fri,5,False,17,4,April,Apr,Apr-2024,2024-04-01,2,Q2,Q2-2024,2024,2024-01-01,FY2025,FQ1,1
20240427,2024-04-27,27,Saturday,Sat,6,True,17,4,April,Apr,Apr-2024,2024-04-01,2,Q2,Q2-2024,2024,2024-01-01,FY2025,FQ1,1
20240428,2024-04-28,28,Sunday,Sun,7,True,17,4,April,Apr,Apr-2024,2024-04-01,2,Q2,Q2-2024,2024,2024-01-01,FY2025,FQ1,1
20240429,2024-04-29,29,Monday,Mon,1,False,18,4,April,Apr,Apr-2024,2024-04-01,2,Q2,Q2-2024,2024,2024-01-01,FY2025,FQ1,1
20240430,2024-04-30,30,Tuesday,Tue,2,False,18,4,April,Apr,Apr-2024,2024-04-01,2,Q2,Q2-2024,2024,2024-01-01,FY2025,FQ1,1
20240501,2024-05-01,1,Wednesday,Wed,3,False,18,5,May,May,May-2024,2024-05-01,2,Q2,Q2-2024,2024,2024-01-01,FY2025,FQ1,2
20240502,2024-05-02,2,Thursday,Thu,4,False,18,5,May,May,May-2024,2024-05-01,2,Q2,Q2-2024,2024,2024-01-01,FY2025,FQ1,2
20240503,2024-05-03,3,Friday,Fri,5,False,18,5,May,May,May-2024,2024-05-01,2,Q2,Q2-2024,2024,2024-01-01,FY2025,FQ1,2
20240504,2024-05-04,4,Saturday,Sat,6,True,18,5,May,May,May-2024,2024-05-01,2,Q2,Q2-2024,2024,2024-01-01,FY2025,FQ1,2
20240505,2024-05-05,5,Sunday,Sun,7,True,18,5,May,May,May-2024,2024-05-01,2,Q2,Q2-2024,2024,2024-01-01,FY2025,FQ1,2
20240506,2024-05-06,6,Monday,Mon,1,False,19,5,May,May,May-2024,2024-05-01,2,Q2,Q2-2024,2024,2024-01-01,FY2025,FQ1,2
20240507,2024-05-07,7,Tuesday,Tue,2,False,19,5,May,May,May-2024,2024-05-01,2,Q2,Q2-2024,2024,2024-01-01,FY2025,FQ1,2
20240508,2024-05-08,8,Wednesday,Wed,3,False,19,5,May,May,May-2024,2024-05-01,2,Q2,Q2-2024,2024,2024-01-01,FY2025,FQ1,2
20240509,2024-05-09,9,Thursday,Thu,4,False,19,5,May,May,May-2024,2024-05-01,2,Q2,Q2-2024,2024,2024-01-01,FY2025,FQ1,2
20240510,2024-05-10,10,Friday,Fri,5,False,19,5,May,May,May-2024,2024-05-01,2,Q2,Q2-2024,2024,2024-01-01,FY2025,FQ1,2
20240511,2024-05-11,11,Saturday,Sat,6,True,19,5,May,May,May-2024,2024-05-01,2,Q2,Q2-2024,2024,2024-01-01,FY2025,FQ1,2
20240512,2024-05-12,12,Sunday,Sun,7,True,19,5,May,May,May-2024,2024-05-01,2,Q2,Q2-2024,2024,2024-01-01,FY2025,FQ1,2
20240513,2024-05-13,13,Monday,Mon,1,False,20,5,May,May,May-2024,2024-05-01,2,Q2,Q2-2024,2024,2024-01-01,FY2025,FQ1,2
20240514,2024-05-14,14,Tuesday,Tue,2,False,20,5,May,May,May-2024,2024-05-01,2,Q2,Q2-2024,2024,2024-01-01,FY2025,FQ1,2
20240515,2024-05-15,15,Wednesday,Wed,3,False,20,5,May,May,May-2024,2024-05-01,2,Q2,Q2-2024,2024,2024-01-01,FY2025,FQ1,2
20240516,2024-05-16,16,Thursday,Thu,4,False,20,5,May,May,May-2024,2024-05-01,2,Q2,Q2-2024,2024,2024-01-01,FY2025,FQ1,2
20240517,2024-05-17,17,Friday,Fri,5,False,20,5,May,May,May-2024,2024-05-01,2,Q2,Q2-2024,2024,2024-01-01,FY2025,FQ1,2
20240518,2024-05-18,18,Saturday,Sat,6,True,20,5,May,May,May-2024,2024-05-01,2,Q2,Q2-2024,2024,2024-01-01,FY2025,FQ1,2
20240519,2024-05-19,19,Sunday,Sun,7,True,20,5,May,May,May-2024,2024-05-01,2,Q2,Q2-2024,2024,2024-01-01,FY2025,FQ1,2
20240520,2024-05-20,20,Monday,Mon,1,False,21,5,May,May,May-2024,2024-05-01,2,Q2,Q2-2024,2024,2024-01-01,FY2025,FQ1,2
20240521,2024-05-21,21,Tuesday,Tue,2,False,21,5,May,May,May-2024,2024-05-01,2,Q2,Q2-2024,2024,2024-01-01,FY2025,FQ1,2
20240522,2024-05-22,22,Wednesday,Wed,3,False,21,5,May,May,May-2024,2024-05-01,2,Q2,Q2-2024,2024,2024-01-01,FY2025,FQ1,2
20240523,2024-05-23,23,Thursday,Thu,4,False,21,5,May,May,May-2024,2024-05-01,2,Q2,Q2-2024,2024,2024-01-01,FY2025,FQ1,2
20240524,2024-05-24,24,Friday,Fri,5,False,21,5,May,May,May-2024,2024-05-01,2,Q2,Q2-2024,2024,2024-01-01,FY2025,FQ1,2
20240525,2024-05-25,25,Saturday,Sat,6,True,21,5,May,May,May-2024,2024-05-01,2,Q2,Q2-2024,2024,2024-01-01,FY2025,FQ1,2
20240526,2024-05-26,26,Sunday,Sun,7,True,21,5,May,May,May-2024,2024-05-01,2,Q2,Q2-2024,2024,2024-01-01,FY2025,FQ1,2
20240527,2024-05-27,27,Monday,Mon,1,False,22,5,May,May,May-2024,2024-05-01,2,Q2,Q2-2024,2024,2024-01-01,FY2025,FQ1,2
20240528,2024-05-28,28,Tuesday,Tue,2,False,22,5,May,May,May-2024,2024-05-01,2,Q2,Q2-2024,2024,2024-01-01,FY2025,FQ1,2
20240529,2024-05-29,29,Wednesday,Wed,3,False,22,5,May,May,May-2024,2024-05-01,2,Q2,Q2-2024,2024,2024-01-01,FY2025,FQ1,2
20240530,2024-05-30,30,Thursday,Thu,4,False,22,5,May,May,May-2024,2024-05-01,2,Q2,Q2-2024,2024,2024-01-01,FY2025,FQ1,2
20240531,2024-05-31,31,Friday,Fri,5,False,22,5,May,May,May-2024,2024-05-01,2,Q2,Q2-2024,2024,2024-01-01,FY2025,FQ1,2
20240601,2024-06-01,1,Saturday,Sat,6,True,22,6,June,Jun,Jun-2024,2024-06-01,2,Q2,Q2-2024,2024,2024-01-01,FY2025,FQ1,3
20240602,2024-06-02,2,Sunday,Sun,7,True,22,6,June,Jun,Jun-2024,2024-06-01,2,Q2,Q2-2024,2024,2024-01-01,FY2025,FQ1,3
20240603,2024-06-03,3,Monday,Mon,1,False,23,6,June,Jun,Jun-2024,2024-06-01,2,Q2,Q2-2024,2024,2024-01-01,FY2025,FQ1,3
20240604,2024-06-04,4,Tuesday,Tue,2,False,23,6,June,Jun,Jun-2024,2024-06-01,2,Q2,Q2-2024,2024,2024-01-01,FY2025,FQ1,3
20240605,2024-06-05,5,Wednesday,Wed,3,False,23,6,June,Jun,Jun-2024,2024-06-01,2,Q2,Q2-2024,2024,2024-01-01,FY2025,FQ1,3
20240606,2024-06-06,6,Thursday,Thu,4,False,23,6,June,Jun,Jun-2024,2024-06-01,2,Q2,Q2-2024,2024,2024-01-01,FY2025,FQ1,3
20240607,2024-06-07,7,Friday,Fri,5,False,23,6,June,Jun,Jun-2024,2024-06-01,2,Q2,Q2-2024,2024,2024-01-01,FY2025,FQ1,3
20240608,2024-06-08,8,Saturday,Sat,6,True,23,6,June,Jun,Jun-2024,2024-06-01,2,Q2,Q2-2024,2024,2024-01-01,FY2025,FQ1,3
20240609,2024-06-09,9,Sunday,Sun,7,True,23,6,June,Jun,Jun-2024,2024-06-01,2,Q2,Q2-2024,2024,2024-01-01,FY2025,FQ1,3
20240610,2024-06-10,10,Monday,Mon,1,False,24,6,June,Jun,Jun-2024,2024-06-01,2,Q2,Q2-2024,2024,2024-01-01,FY2025,FQ1,3
20240611,2024-06-11,11,Tuesday,Tue,2,False,24,6,June,Jun,Jun-2024,2024-06-01,2,Q2,Q2-2024,2024,2024-01-01,FY2025,FQ1,3
20240612,2024-06-12,12,Wednesday,Wed,3,False,24,6,June,Jun,Jun-2024,2024-06-01,2,Q2,Q2-2024,2024,2024-01-01,FY2025,FQ1,3
20240613,2024-06-13,13,Thursday,Thu,4,False,24,6,June,Jun,Jun-2024,2024-06-01,2,Q2,Q2-2024,2024,2024-01-01,FY2025,FQ1,3
20240614,2024-06-14,14,Friday,Fri,5,False,24,6,June,Jun,Jun-2024,2024-06-01,2,Q2,Q2-2024,2024,2024-01-01,FY2025,FQ1,3
20240615,2024-06-15,15,Saturday,Sat,6,True,24,6,June,Jun,Jun-2024,2024-06-01,2,Q2,Q2-2024,2024,2024-01-01,FY2025,FQ1,3
20240616,2024-06-16,16,Sunday,Sun,7,True,24,6,June,Jun,Jun-2024,2024-06-01,2,Q2,Q2-2024,2024,2024-01-01,FY2025,FQ1,3
20240617,2024-06-17,17,Monday,Mon,1,False,25,6,June,Jun,Jun-2024,2024-06-01,2,Q2,Q2-2024,2024,2024-01-01,FY2025,FQ1,3
20240618,2024-06-18,18,Tuesday,Tue,2,False,25,6,June,Jun,Jun-2024,2024-06-01,2,Q2,Q2-2024,2024,2024-01-01,FY2025,FQ1,3
20240619,2024-06-19,19,Wednesday,Wed,3,False,25,6,June,Jun,Jun-2024,2024-06-01,2,Q2,Q2-2024,2024,2024-01-01,FY2025,FQ1,3
20240620,2024-06-20,20,Thursday,Thu,4,False,25,6,June,Jun,Jun-2024,2024-06-01,2,Q2,Q2-2024,2024,2024-01-01,FY2025,FQ1,3
20240621,2024-06-21,21,Friday,Fri,5,False,25,6,June,Jun,Jun-2024,2024-06-01,2,Q2,Q2-2024,2024,2024-01-01,FY2025,FQ1,3
20240622,2024-06-22,22,Saturday,Sat,6,True,25,6,June,Jun,Jun-2024,2024-06-01,2,Q2,Q2-2024,2024,2024-01-01,FY2025,FQ1,3
20240623,2024-06-23,23,Sunday,Sun,7,True,25,6,June,Jun,Jun-2024,2024-06-01,2,Q2,Q2-2024,2024,2024-01-01,FY2025,FQ1,3
20240624,2024-06-24,24,Monday,Mon,1,False,26,6,June,Jun,Jun-2024,2024-06-01,2,Q2,Q2-2024,2024,2024-01-01,FY2025,FQ1,3
20240625,2024-06-25,25,Tuesday,Tue,2,False,26,6,June,Jun,Jun-2024,2024-06-01,2,Q2,Q2-2024,2024,2024-01-01,FY2025,FQ1,3
20240626,2024-06-26,26,Wednesday,Wed,3,False,26,6,June,Jun,Jun-2024,2024-06-01,2,Q2,Q2-2024,2024,2024-01-01,FY2025,FQ1,3
20240627,2024-06-27,27,Thursday,Thu,4,False,26,6,June,Jun,Jun-2024,2024-06-01,2,Q2,Q2-2024,2024,2024-01-01,FY2025,FQ1,3
20240628,2024-06-28,28,Friday,Fri,5,False,26,6,June,Jun,Jun-2024,2024-06-01,2,Q2,Q2-2024,2024,2024-01-01,FY2025,FQ1,3
20240629,2024-06-29,29,Saturday,Sat,6,True,26,6,June,Jun,Jun-2024,2024-06-01,2,Q2,Q2-2024,2024,2024-01-01,FY2025,FQ1,3
20240630,2024-06-30,30,Sunday,Sun,7,True,26,6,June,Jun,Jun-2024,2024-06-01,2,Q2,Q2-2024,2024,2024-01-01,FY2025,FQ1,3
20240701,2024-07-01,1,Monday,Mon,1,False,27,7,July,Jul,Jul-2024,2024-07-01,3,Q3,Q3-2024,2024,2024-01-01,FY2025,FQ2,4
20240702,2024-07-02,2,Tuesday,Tue,2,False,27,7,July,Jul,Jul-2024,2024-07-01,3,Q3,Q3-2024,2024,2024-01-01,FY2025,FQ2,4
20240703,2024-07-03,3,Wednesday,Wed,3,False,27,7,July,Jul,Jul-2024,2024-07-01,3,Q3,Q3-2024,2024,2024-01-01,FY2025,FQ2,4
20240704,2024-07-04,4,Thursday,Thu,4,False,27,7,July,Jul,Jul-2024,2024-07-01,3,Q3,Q3-2024,2024,2024-01-01,FY2025,FQ2,4
20240705,2024-07-05,5,Friday,Fri,5,False,27,7,July,Jul,Jul-2024,2024-07-01,3,Q3,Q3-2024,2024,2024-01-01,FY2025,FQ2,4
20240706,2024-07-06,6,Saturday,Sat,6,True,27,7,July,Jul,Jul-2024,2024-07-01,3,Q3,Q3-2024,2024,2024-01-01,FY2025,FQ2,4
20240707,2024-07-07,7,Sunday,Sun,7,True,27,7,July,Jul,Jul-2024,2024-07-01,3,Q3,Q3-2024,2024,2024-01-01,FY2025,FQ2,4
20240708,2024-07-08,8,Monday,Mon,1,False,28,7,July,Jul,Jul-2024,2024-07-01,3,Q3,Q3-2024,2024,2024-01-01,FY2025,FQ2,4
20240709,2024-07-09,9,Tuesday,Tue,2,False,28,7,July,Jul,Jul-2024,2024-07-01,3,Q3,Q3-2024,2024,2024-01-01,FY2025,FQ2,4
20240710,2024-07-10,10,Wednesday,Wed,3,False,28,7,July,Jul,Jul-2024,2024-07-01,3,Q3,Q3-2024,2024,2024-01-01,FY2025,FQ2,4
20240711,2024-07-11,11,Thursday,Thu,4,False,28,7,July,Jul,Jul-2024,2024-07-01,3,Q3,Q3-2024,2024,2024-01-01,FY2025,FQ2,4
20240712,2024-07-12,12,Friday,Fri,5,False,28,7,July,Jul,Jul-2024,2024-07-01,3,Q3,Q3-2024,2024,2024-01-01,FY2025,FQ2,4
20240713,2024-07-13,13,Saturday,Sat,6,True,28,7,July,Jul,Jul-2024,2024-07-01,3,Q3,Q3-2024,2024,2024-01-01,FY2025,FQ2,4
20240714,2024-07-14,14,Sunday,Sun,7,True,28,7,July,Jul,Jul-2024,2024-07-01,3,Q3,Q3-2024,2024,2024-01-01,FY2025,FQ2,4
20240715,2024-07-15,15,Monday,Mon,1,False,29,7,July,Jul,Jul-2024,2024-07-01,3,Q3,Q3-2024,2024,2024-01-01,FY2025,FQ2,4
20240716,2024-07-16,16,Tuesday,Tue,2,False,29,7,July,Jul,Jul-2024,2024-07-01,3,Q3,Q3-2024,2024,2024-01-01,FY2025,FQ2,4
20240717,2024-07-17,17,Wednesday,Wed,3,False,29,7,July,Jul,Jul-2024,2024-07-01,3,Q3,Q3-2024,2024,2024-01-01,FY2025,FQ2,4
20240718,2024-07-18,18,Thursday,Thu,4,False,29,7,July,Jul,Jul-2024,2024-07-01,3,Q3,Q3-2024,2024,2024-01-01,FY2025,FQ2,4
20240719,2024-07-19,19,Friday,Fri,5,False,29,7,July,Jul,Jul-2024,2024-07-01,3,Q3,Q3-2024,2024,2024-01-01,FY2025,FQ2,4
20240720,2024-07-20,20,Saturday,Sat,6,True,29,7,July,Jul,Jul-2024,2024-07-01,3,Q3,Q3-2024,2024,2024-01-01,FY2025,FQ2,4
20240721,2024-07-21,21,Sunday,Sun,7,True,29,7,July,Jul,Jul-2024,2024-07-01,3,Q3,Q3-2024,2024,2024-01-01,FY2025,FQ2,4
20240722,2024-07-22,22,Monday,Mon,1,False,30,7,July,Jul,Jul-2024,2024-07-01,3,Q3,Q3-2024,2024,2024-01-01,FY2025,FQ2,4
20240723,2024-07-23,23,Tuesday,Tue,2,False,30,7,July,Jul,Jul-2024,2024-07-01,3,Q3,Q3-2024,2024,2024-01-01,FY2025,FQ2,4
20240724,2024-07-24,24,Wednesday,Wed,3,False,30,7,July,Jul,Jul-2024,2024-07-01,3,Q3,Q3-2024,2024,2024-01-01,FY2025,FQ2,4
20240725,2024-07-25,25,Thursday,Thu,4,False,30,7,July,Jul,Jul-2024,2024-07-01,3,Q3,Q3-2024,2024,2024-01-01,FY2025,FQ2,4
20240726,2024-07-26,26,Friday,Fri,5,False,30,7,July,Jul,Jul-2024,2024-07-01,3,Q3,Q3-2024,2024,2024-01-01,FY2025,FQ2,4
20240727,2024-07-27,27,Saturday,Sat,6,True,30,7,July,Jul,Jul-2024,2024-07-01,3,Q3,Q3-2024,2024,2024-01-01,FY2025,FQ2,4
20240728,2024-07-28,28,Sunday,Sun,7,True,30,7,July,Jul,Jul-2024,2024-07-01,3,Q3,Q3-2024,2024,2024-01-01,FY2025,FQ2,4
20240729,2024-07-29,29,Monday,Mon,1,False,31,7,July,Jul,Jul-2024,2024-07-01,3,Q3,Q3-2024,2024,2024-01-01,FY2025,FQ2,4
20240730,2024-07-30,30,Tuesday,Tue,2,False,31,7,July,Jul,Jul-2024,2024-07-01,3,Q3,Q3-2024,2024,2024-01-01,FY2025,FQ2,4
20240731,2024-07-31,31,Wednesday,Wed,3,False,31,7,July,Jul,Jul-2024,2024-07-01,3,Q3,Q3-2024,2024,2024-01-01,FY2025,FQ2,4
20240801,2024-08-01,1,Thursday,Thu,4,False,31,8,August,Aug,Aug-2024,2024-08-01,3,Q3,Q3-2024,2024,2024-01-01,FY2025,FQ2,5
20240802,2024-08-02,2,Friday,Fri,5,False,31,8,August,Aug,Aug-2024,2024-08-01,3,Q3,Q3-2024,2024,2024-01-01,FY2025,FQ2,5
20240803,2024-08-03,3,Saturday,Sat,6,True,31,8,August,Aug,Aug-2024,2024-08-01,3,Q3,Q3-2024,2024,2024-01-01,FY2025,FQ2,5
20240804,2024-08-04,4,Sunday,Sun,7,True,31,8,August,Aug,Aug-2024,2024-08-01,3,Q3,Q3-2024,2024,2024-01-01,FY2025,FQ2,5
20240805,2024-08-05,5,Monday,Mon,1,False,32,8,August,Aug,Aug-2024,2024-08-01,3,Q3,Q3-2024,2024,2024-01-01,FY2025,FQ2,5
20240806,2024-08-06,6,Tuesday,Tue,2,False,32,8,August,Aug,Aug-2024,2024-08-01,3,Q3,Q3-2024,2024,2024-01-01,FY2025,FQ2,5
20240807,2024-08-07,7,Wednesday,Wed,3,False,32,8,August,Aug,Aug-2024,2024-08-01,3,Q3,Q3-2024,2024,2024-01-01,FY2025,FQ2,5
20240808,2024-08-08,8,Thursday,Thu,4,False,32,8,August,Aug,Aug-2024,2024-08-01,3,Q3,Q3-2024,2024,2024-01-01,FY2025,FQ2,5
20240809,2024-08-09,9,Friday,Fri,5,False,32,8,August,Aug,Aug-2024,2024-08-01,3,Q3,Q3-2024,2024,2024-01-01,FY2025,FQ2,5
20240810,2024-08-10,10,Saturday,Sat,6,True,32,8,August,Aug,Aug-2024,2024-08-01,3,Q3,Q3-2024,2024,2024-01-01,FY2025,FQ2,5
20240811,2024-08-11,11,Sunday,Sun,7,True,32,8,August,Aug,Aug-2024,2024-08-01,3,Q3,Q3-2024,2024,2024-01-01,FY2025,FQ2,5
20240812,2024-08-12,12,Monday,Mon,1,False,33,8,August,Aug,Aug-2024,2024-08-01,3,Q3,Q3-2024,2024,2024-01-01,FY2025,FQ2,5
20240813,2024-08-13,13,Tuesday,Tue,2,False,33,8,August,Aug,Aug-2024,2024-08-01,3,Q3,Q3-2024,2024,2024-01-01,FY2025,FQ2,5
20240814,2024-08-14,14,Wednesday,Wed,3,False,33,8,August,Aug,Aug-2024,2024-08-01,3,Q3,Q3-2024,2024,2024-01-01,FY2025,FQ2,5
20240815,2024-08-15,15,Thursday,Thu,4,False,33,8,August,Aug,Aug-2024,2024-08-01,3,Q3,Q3-2024,2024,2024-01-01,FY2025,FQ2,5
20240816,2024-08-16,16,Friday,Fri,5,False,33,8,August,Aug,Aug-2024,2024-08-01,3,Q3,Q3-2024,2024,2024-01-01,FY2025,FQ2,5
20240817,2024-08-17,17,Saturday,Sat,6,True,33,8,August,Aug,Aug-2024,2024-08-01,3,Q3,Q3-2024,2024,2024-01-01,FY2025,FQ2,5
20240818,2024-08-18,18,Sunday,Sun,7,True,33,8,August,Aug,Aug-2024,2024-08-01,3,Q3,Q3-2024,2024,2024-01-01,FY2025,FQ2,5
20240819,2024-08-19,19,Monday,Mon,1,False,34,8,August,Aug,Aug-2024,2024-08-01,3,Q3,Q3-2024,2024,2024-01-01,FY2025,FQ2,5
20240820,2024-08-20,20,Tuesday,Tue,2,False,34,8,August,Aug,Aug-2024,2024-08-01,3,Q3,Q3-2024,2024,2024-01-01,FY2025,FQ2,5
20240821,2024-08-21,21,Wednesday,Wed,3,False,34,8,August,Aug,Aug-2024,2024-08-01,3,Q3,Q3-2024,2024,2024-01-01,FY2025,FQ2,5
20240822,2024-08-22,22,Thursday,Thu,4,False,34,8,August,Aug,Aug-2024,2024-08-01,3,Q3,Q3-2024,2024,2024-01-01,FY2025,FQ2,5
20240823,2024-08-23,23,Friday,Fri,5,False,34,8,August,Aug,Aug-2024,2024-08-01,3,Q3,Q3-2024,2024,2024-01-01,FY2025,FQ2,5
20240824,2024-08-24,24,Saturday,Sat,6,True,34,8,August,Aug,Aug-2024,2024-08-01,3,Q3,Q3-2024,2024,2024-01-01,FY2025,FQ2,5
20240825,2024-08-25,25,Sunday,Sun,7,True,34,8,August,Aug,Aug-2024,2024-08-01,3,Q3,Q3-2024,2024,2024-01-01,FY2025,FQ2,5
20240826,2024-08-26,26,Monday,Mon,1,False,35,8,August,Aug,Aug-2024,2024-08-01,3,Q3,Q3-2024,2024,2024-01-01,FY2025,FQ2,5
20240827,2024-08-27,27,Tuesday,Tue,2,False,35,8,August,Aug,Aug-2024,2024-08-01,3,Q3,Q3-2024,2024,2024-01-01,FY2025,FQ2,5
20240828,2024-08-28,28,Wednesday,Wed,3,False,35,8,August,Aug,Aug-2024,2024-08-01,3,Q3,Q3-2024,2024,2024-01-01,FY2025,FQ2,5
20240829,2024-08-29,29,Thursday,Thu,4,False,35,8,August,Aug,Aug-2024,2024-08-01,3,Q3,Q3-2024,2024,2024-01-01,FY2025,FQ2,5
20240830,2024-08-30,30,Friday,Fri,5,False,35,8,August,Aug,Aug-2024,2024-08-01,3,Q3,Q3-2024,2024,2024-01-01,FY2025,FQ2,5
20240831,2024-08-31,31,Saturday,Sat,6,True,35,8,August,Aug,Aug-2024,2024-08-01,3,Q3,Q3-2024,2024,2024-01-01,FY2025,FQ2,5
20240901,2024-09-01,1,Sunday,Sun,7,True,35,9,September,Sep,Sep-2024,2024-09-01,3,Q3,Q3-2024,2024,2024-01-01,FY2025,FQ2,6
20240902,2024-09-02,2,Monday,Mon,1,False,36,9,September,Sep,Sep-2024,2024-09-01,3,Q3,Q3-2024,2024,2024-01-01,FY2025,FQ2,6
20240903,2024-09-03,3,Tuesday,Tue,2,False,36,9,September,Sep,Sep-2024,2024-09-01,3,Q3,Q3-2024,2024,2024-01-01,FY2025,FQ2,6
20240904,2024-09-04,4,Wednesday,Wed,3,False,36,9,September,Sep,Sep-2024,2024-09-01,3,Q3,Q3-2024,2024,2024-01-01,FY2025,FQ2,6
20240905,2024-09-05,5,Thursday,Thu,4,False,36,9,September,Sep,Sep-2024,2024-09-01,3,Q3,Q3-2024,2024,2024-01-01,FY2025,FQ2,6
20240906,2024-09-06,6,Friday,Fri,5,False,36,9,September,Sep,Sep-2024,2024-09-01,3,Q3,Q3-2024,2024,2024-01-01,FY2025,FQ2,6
20240907,2024-09-07,7,Saturday,Sat,6,True,36,9,September,Sep,Sep-2024,2024-09-01,3,Q3,Q3-2024,2024,2024-01-01,FY2025,FQ2,6
20240908,2024-09-08,8,Sunday,Sun,7,True,36,9,September,Sep,Sep-2024,2024-09-01,3,Q3,Q3-2024,2024,2024-01-01,FY2025,FQ2,6
20240909,2024-09-09,9,Monday,Mon,1,False,37,9,September,Sep,Sep-2024,2024-09-01,3,Q3,Q3-2024,2024,2024-01-01,FY2025,FQ2,6
20240910,2024-09-10,10,Tuesday,Tue,2,False,37,9,September,Sep,Sep-2024,2024-09-01,3,Q3,Q3-2024,2024,2024-01-01,FY2025,FQ2,6
20240911,2024-09-11,11,Wednesday,Wed,3,False,37,9,September,Sep,Sep-2024,2024-09-01,3,Q3,Q3-2024,2024,2024-01-01,FY2025,FQ2,6
20240912,2024-09-12,12,Thursday,Thu,4,False,37,9,September,Sep,Sep-2024,2024-09-01,3,Q3,Q3-2024,2024,2024-01-01,FY2025,FQ2,6
20240913,2024-09-13,13,Friday,Fri,5,False,37,9,September,Sep,Sep-2024,2024-09-01,3,Q3,Q3-2024,2024,2024-01-01,FY2025,FQ2,6
20240914,2024-09-14,14,Saturday,Sat,6,True,37,9,September,Sep,Sep-2024,2024-09-01,3,Q3,Q3-2024,2024,2024-01-01,FY2025,FQ2,6
20240915,2024-09-15,15,Sunday,Sun,7,True,37,9,September,Sep,Sep-2024,2024-09-01,3,Q3,Q3-2024,2024,2024-01-01,FY2025,FQ2,6
20240916,2024-09-16,16,Monday,Mon,1,False,38,9,September,Sep,Sep-2024,2024-09-01,3,Q3,Q3-2024,2024,2024-01-01,FY2025,FQ2,6
20240917,2024-09-17,17,Tuesday,Tue,2,False,38,9,September,Sep,Sep-2024,2024-09-01,3,Q3,Q3-2024,2024,2024-01-01,FY2025,FQ2,6
20240918,2024-09-18,18,Wednesday,Wed,3,False,38,9,September,Sep,Sep-2024,2024-09-01,3,Q3,Q3-2024,2024,2024-01-01,FY2025,FQ2,6
20240919,2024-09-19,19,Thursday,Thu,4,False,38,9,September,Sep,Sep-2024,2024-09-01,3,Q3,Q3-2024,2024,2024-01-01,FY2025,FQ2,6
20240920,2024-09-20,20,Friday,Fri,5,False,38,9,September,Sep,Sep-2024,2024-09-01,3,Q3,Q3-2024,2024,2024-01-01,FY2025,FQ2,6
20240921,2024-09-21,21,Saturday,Sat,6,True,38,9,September,Sep,Sep-2024,2024-09-01,3,Q3,Q3-2024,2024,2024-01-01,FY2025,FQ2,6
20240922,2024-09-22,22,Sunday,Sun,7,True,38,9,September,Sep,Sep-2024,2024-09-01,3,Q3,Q3-2024,2024,2024-01-01,FY2025,FQ2,6
20240923,2024-09-23,23,Monday,Mon,1,False,39,9,September,Sep,Sep-2024,2024-09-01,3,Q3,Q3-2024,2024,2024-01-01,FY2025,FQ2,6
20240924,2024-09-24,24,Tuesday,Tue,2,False,39,9,September,Sep,Sep-2024,2024-09-01,3,Q3,Q3-2024,2024,2024-01-01,FY2025,FQ2,6
20240925,2024-09-25,25,Wednesday,Wed,3,False,39,9,September,Sep,Sep-2024,2024-09-01,3,Q3,Q3-2024,2024,2024-01-01,FY2025,FQ2,6
20240926,2024-09-26,26,Thursday,Thu,4,False,39,9,September,Sep,Sep-2024,2024-09-01,3,Q3,Q3-2024,2024,2024-01-01,FY2025,FQ2,6
20240927,2024-09-27,27,Friday,Fri,5,False,39,9,September,Sep,Sep-2024,2024-09-01,3,Q3,Q3-2024,2024,2024-01-01,FY2025,FQ2,6
20240928,2024-09-28,28,Saturday,Sat,6,True,39,9,September,Sep,Sep-2024,2024-09-01,3,Q3,Q3-2024,2024,2024-01-01,FY2025,FQ2,6
20240929,2024-09-29,29,Sunday,Sun,7,True,39,9,September,Sep,Sep-2024,2024-09-01,3,Q3,Q3-2024,2024,2024-01-01,FY2025,FQ2,6
20240930,2024-09-30,30,Monday,Mon,1,False,40,9,September,Sep,Sep-2024,2024-09-01,3,Q3,Q3-2024,2024,2024-01-01,FY2025,FQ2,6
20241001,2024-10-01,1,Tuesday,Tue,2,False,40,10,October,Oct,Oct-2024,2024-10-01,4,Q4,Q4-2024,2024,2024-01-01,FY2025,FQ3,7
20241002,2024-10-02,2,Wednesday,Wed,3,False,40,10,October,Oct,Oct-2024,2024-10-01,4,Q4,Q4-2024,2024,2024-01-01,FY2025,FQ3,7
20241003,2024-10-03,3,Thursday,Thu,4,False,40,10,October,Oct,Oct-2024,2024-10-01,4,Q4,Q4-2024,2024,2024-01-01,FY2025,FQ3,7
20241004,2024-10-04,4,Friday,Fri,5,False,40,10,October,Oct,Oct-2024,2024-10-01,4,Q4,Q4-2024,2024,2024-01-01,FY2025,FQ3,7
20241005,2024-10-05,5,Saturday,Sat,6,True,40,10,October,Oct,Oct-2024,2024-10-01,4,Q4,Q4-2024,2024,2024-01-01,FY2025,FQ3,7
20241006,2024-10-06,6,Sunday,Sun,7,True,40,10,October,Oct,Oct-2024,2024-10-01,4,Q4,Q4-2024,2024,2024-01-01,FY2025,FQ3,7
20241007,2024-10-07,7,Monday,Mon,1,False,41,10,October,Oct,Oct-2024,2024-10-01,4,Q4,Q4-2024,2024,2024-01-01,FY2025,FQ3,7
20241008,2024-10-08,8,Tuesday,Tue,2,False,41,10,October,Oct,Oct-2024,2024-10-01,4,Q4,Q4-2024,2024,2024-01-01,FY2025,FQ3,7
20241009,2024-10-09,9,Wednesday,Wed,3,False,41,10,October,Oct,Oct-2024,2024-10-01,4,Q4,Q4-2024,2024,2024-01-01,FY2025,FQ3,7
20241010,2024-10-10,10,Thursday,Thu,4,False,41,10,October,Oct,Oct-2024,2024-10-01,4,Q4,Q4-2024,2024,2024-01-01,FY2025,FQ3,7
20241011,2024-10-11,11,Friday,Fri,5,False,41,10,October,Oct,Oct-2024,2024-10-01,4,Q4,Q4-2024,2024,2024-01-01,FY2025,FQ3,7
20241012,2024-10-12,12,Saturday,Sat,6,True,41,10,October,Oct,Oct-2024,2024-10-01,4,Q4,Q4-2024,2024,2024-01-01,FY2025,FQ3,7
20241013,2024-10-13,13,Sunday,Sun,7,True,41,10,October,Oct,Oct-2024,2024-10-01,4,Q4,Q4-2024,2024,2024-01-01,FY2025,FQ3,7
20241014,2024-10-14,14,Monday,Mon,1,False,42,10,October,Oct,Oct-2024,2024-10-01,4,Q4,Q4-2024,2024,2024-01-01,FY2025,FQ3,7
20241015,2024-10-15,15,Tuesday,Tue,2,False,42,10,October,Oct,Oct-2024,2024-10-01,4,Q4,Q4-2024,2024,2024-01-01,FY2025,FQ3,7
20241016,2024-10-16,16,Wednesday,Wed,3,False,42,10,October,Oct,Oct-2024,2024-10-01,4,Q4,Q4-2024,2024,2024-01-01,FY2025,FQ3,7
20241017,2024-10-17,17,Thursday,Thu,4,False,42,10,October,Oct,Oct-2024,2024-10-01,4,Q4,Q4-2024,2024,2024-01-01,FY2025,FQ3,7
20241018,2024-10-18,18,Friday,Fri,5,False,42,10,October,Oct,Oct-2024,2024-10-01,4,Q4,Q4-2024,2024,2024-01-01,FY2025,FQ3,7
20241019,2024-10-19,19,Saturday,Sat,6,True,42,10,October,Oct,Oct-2024,2024-10-01,4,Q4,Q4-2024,2024,2024-01-01,FY2025,FQ3,7
20241020,2024-10-20,20,Sunday,Sun,7,True,42,10,October,Oct,Oct-2024,2024-10-01,4,Q4,Q4-2024,2024,2024-01-01,FY2025,FQ3,7
20241021,2024-10-21,21,Monday,Mon,1,False,43,10,October,Oct,Oct-2024,2024-10-01,4,Q4,Q4-2024,2024,2024-01-01,FY2025,FQ3,7
20241022,2024-10-22,22,Tuesday,Tue,2,False,43,10,October,Oct,Oct-2024,2024-10-01,4,Q4,Q4-2024,2024,2024-01-01,FY2025,FQ3,7
20241023,2024-10-23,23,Wednesday,Wed,3,False,43,10,October,Oct,Oct-2024,2024-10-01,4,Q4,Q4-2024,2024,2024-01-01,FY2025,FQ3,7
20241024,2024-10-24,24,Thursday,Thu,4,False,43,10,October,Oct,Oct-2024,2024-10-01,4,Q4,Q4-2024,2024,2024-01-01,FY2025,FQ3,7
20241025,2024-10-25,25,Friday,Fri,5,False,43,10,October,Oct,Oct-2024,2024-10-01,4,Q4,Q4-2024,2024,2024-01-01,FY2025,FQ3,7
20241026,2024-10-26,26,Saturday,Sat,6,True,43,10,October,Oct,Oct-2024,2024-10-01,4,Q4,Q4-2024,2024,2024-01-01,FY2025,FQ3,7
20241027,2024-10-27,27,Sunday,Sun,7,True,43,10,October,Oct,Oct-2024,2024-10-01,4,Q4,Q4-2024,2024,2024-01-01,FY2025,FQ3,7
20241028,2024-10-28,28,Monday,Mon,1,False,44,10,October,Oct,Oct-2024,2024-10-01,4,Q4,Q4-2024,2024,2024-01-01,FY2025,FQ3,7
20241029,2024-10-29,29,Tuesday,Tue,2,False,44,10,October,Oct,Oct-2024,2024-10-01,4,Q4,Q4-2024,2024,2024-01-01,FY2025,FQ3,7
20241030,2024-10-30,30,Wednesday,Wed,3,False,44,10,October,Oct,Oct-2024,2024-10-01,4,Q4,Q4-2024,2024,2024-01-01,FY2025,FQ3,7
20241031,2024-10-31,31,Thursday,Thu,4,False,44,10,October,Oct,Oct-2024,2024-10-01,4,Q4,Q4-2024,2024,2024-01-01,FY2025,FQ3,7
20241101,2024-11-01,1,Friday,Fri,5,False,44,11,November,Nov,Nov-2024,2024-11-01,4,Q4,Q4-2024,2024,2024-01-01,FY2025,FQ3,8
20241102,2024-11-02,2,Saturday,Sat,6,True,44,11,November,Nov,Nov-2024,2024-11-01,4,Q4,Q4-2024,2024,2024-01-01,FY2025,FQ3,8
20241103,2024-11-03,3,Sunday,Sun,7,True,44,11,November,Nov,Nov-2024,2024-11-01,4,Q4,Q4-2024,2024,2024-01-01,FY2025,FQ3,8
20241104,2024-11-04,4,Monday,Mon,1,False,45,11,November,Nov,Nov-2024,2024-11-01,4,Q4,Q4-2024,2024,2024-01-01,FY2025,FQ3,8
20241105,2024-11-05,5,Tuesday,Tue,2,False,45,11,November,Nov,Nov-2024,2024-11-01,4,Q4,Q4-2024,2024,2024-01-01,FY2025,FQ3,8
20241106,2024-11-06,6,Wednesday,Wed,3,False,45,11,November,Nov,Nov-2024,2024-11-01,4,Q4,Q4-2024,2024,2024-01-01,FY2025,FQ3,8
20241107,2024-11-07,7,Thursday,Thu,4,False,45,11,November,Nov,Nov-2024,2024-11-01,4,Q4,Q4-2024,2024,2024-01-01,FY2025,FQ3,8
20241108,2024-11-08,8,Friday,Fri,5,False,45,11,November,Nov,Nov-2024,2024-11-01,4,Q4,Q4-2024,2024,2024-01-01,FY2025,FQ3,8
20241109,2024-11-09,9,Saturday,Sat,6,True,45,11,November,Nov,Nov-2024,2024-11-01,4,Q4,Q4-2024,2024,2024-01-01,FY2025,FQ3,8
20241110,2024-11-10,10,Sunday,Sun,7,True,45,11,November,Nov,Nov-2024,2024-11-01,4,Q4,Q4-2024,2024,2024-01-01,FY2025,FQ3,8
20241111,2024-11-11,11,Monday,Mon,1,False,46,11,November,Nov,Nov-2024,2024-11-01,4,Q4,Q4-2024,2024,2024-01-01,FY2025,FQ3,8
20241112,2024-11-12,12,Tuesday,Tue,2,False,46,11,November,Nov,Nov-2024,2024-11-01,4,Q4,Q4-2024,2024,2024-01-01,FY2025,FQ3,8
20241113,2024-11-13,13,Wednesday,Wed,3,False,46,11,November,Nov,Nov-2024,2024-11-01,4,Q4,Q4-2024,2024,2024-01-01,FY2025,FQ3,8
20241114,2024-11-14,14,Thursday,Thu,4,False,46,11,November,Nov,Nov-2024,2024-11-01,4,Q4,Q4-2024,2024,2024-01-01,FY2025,FQ3,8
20241115,2024-11-15,15,Friday,Fri,5,False,46,11,November,Nov,Nov-2024,2024-11-01,4,Q4,Q4-2024,2024,2024-01-01,FY2025,FQ3,8
20241116,2024-11-16,16,Saturday,Sat,6,True,46,11,November,Nov,Nov-2024,2024-11-01,4,Q4,Q4-2024,2024,2024-01-01,FY2025,FQ3,8
20241117,2024-11-17,17,Sunday,Sun,7,True,46,11,November,Nov,Nov-2024,2024-11-01,4,Q4,Q4-2024,2024,2024-01-01,FY2025,FQ3,8
20241118,2024-11-18,18,Monday,Mon,1,False,47,11,November,Nov,Nov-2024,2024-11-01,4,Q4,Q4-2024,2024,2024-01-01,FY2025,FQ3,8
20241119,2024-11-19,19,Tuesday,Tue,2,False,47,11,November,Nov,Nov-2024,2024-11-01,4,Q4,Q4-2024,2024,2024-01-01,FY2025,FQ3,8
20241120,2024-11-20,20,Wednesday,Wed,3,False,47,11,November,Nov,Nov-2024,2024-11-01,4,Q4,Q4-2024,2024,2024-01-01,FY2025,FQ3,8
20241121,2024-11-21,21,Thursday,Thu,4,False,47,11,November,Nov,Nov-2024,2024-11-01,4,Q4,Q4-2024,2024,2024-01-01,FY2025,FQ3,8
20241122,2024-11-22,22,Friday,Fri,5,False,47,11,November,Nov,Nov-2024,2024-11-01,4,Q4,Q4-2024,2024,2024-01-01,FY2025,FQ3,8
20241123,2024-11-23,23,Saturday,Sat,6,True,47,11,November,Nov,Nov-2024,2024-11-01,4,Q4,Q4-2024,2024,2024-01-01,FY2025,FQ3,8
20241124,2024-11-24,24,Sunday,Sun,7,True,47,11,November,Nov,Nov-2024,2024-11-01,4,Q4,Q4-2024,2024,2024-01-01,FY2025,FQ3,8
20241125,2024-11-25,25,Monday,Mon,1,False,48,11,November,Nov,Nov-2024,2024-11-01,4,Q4,Q4-2024,2024,2024-01-01,FY2025,FQ3,8
20241126,2024-11-26,26,Tuesday,Tue,2,False,48,11,November,Nov,Nov-2024,2024-11-01,4,Q4,Q4-2024,2024,2024-01-01,FY2025,FQ3,8
20241127,2024-11-27,27,Wednesday,Wed,3,False,48,11,November,Nov,Nov-2024,2024-11-01,4,Q4,Q4-2024,2024,2024-01-01,FY2025,FQ3,8
20241128,2024-11-28,28,Thursday,Thu,4,False,48,11,November,Nov,Nov-2024,2024-11-01,4,Q4,Q4-2024,2024,2024-01-01,FY2025,FQ3,8
20241129,2024-11-29,29,Friday,Fri,5,False,48,11,November,Nov,Nov-2024,2024-11-01,4,Q4,Q4-2024,2024,2024-01-01,FY2025,FQ3,8
20241130,2024-11-30,30,Saturday,Sat,6,True,48,11,November,Nov,Nov-2024,2024-11-01,4,Q4,Q4-2024,2024,2024-01-01,FY2025,FQ3,8
20241201,2024-12-01,1,Sunday,Sun,7,True,48,12,December,Dec,Dec-2024,2024-12-01,4,Q4,Q4-2024,2024,2024-01-01,FY2025,FQ3,9
20241202,2024-12-02,2,Monday,Mon,1,False,49,12,December,Dec,Dec-2024,2024-12-01,4,Q4,Q4-2024,2024,2024-01-01,FY2025,FQ3,9
20241203,2024-12-03,3,Tuesday,Tue,2,False,49,12,December,Dec,Dec-2024,2024-12-01,4,Q4,Q4-2024,2024,2024-01-01,FY2025,FQ3,9
20241204,2024-12-04,4,Wednesday,Wed,3,False,49,12,December,Dec,Dec-2024,2024-12-01,4,Q4,Q4-2024,2024,2024-01-01,FY2025,FQ3,9
20241205,2024-12-05,5,Thursday,Thu,4,False,49,12,December,Dec,Dec-2024,2024-12-01,4,Q4,Q4-2024,2024,2024-01-01,FY2025,FQ3,9
20241206,2024-12-06,6,Friday,Fri,5,False,49,12,December,Dec,Dec-2024,2024-12-01,4,Q4,Q4-2024,2024,2024-01-01,FY2025,FQ3,9
20241207,2024-12-07,7,Saturday,Sat,6,True,49,12,December,Dec,Dec-2024,2024-12-01,4,Q4,Q4-2024,2024,2024-01-01,FY2025,FQ3,9
20241208,2024-12-08,8,Sunday,Sun,7,True,49,12,December,Dec,Dec-2024,2024-12-01,4,Q4,Q4-2024,2024,2024-01-01,FY2025,FQ3,9
20241209,2024-12-09,9,Monday,Mon,1,False,50,12,December,Dec,Dec-2024,2024-12-01,4,Q4,Q4-2024,2024,2024-01-01,FY2025,FQ3,9
20241210,2024-12-10,10,Tuesday,Tue,2,False,50,12,December,Dec,Dec-2024,2024-12-01,4,Q4,Q4-2024,2024,2024-01-01,FY2025,FQ3,9
20241211,2024-12-11,11,Wednesday,Wed,3,False,50,12,December,Dec,Dec-2024,2024-12-01,4,Q4,Q4-2024,2024,2024-01-01,FY2025,FQ3,9
20241212,2024-12-12,12,Thursday,Thu,4,False,50,12,December,Dec,Dec-2024,2024-12-01,4,Q4,Q4-2024,2024,2024-01-01,FY2025,FQ3,9
20241213,2024-12-13,13,Friday,Fri,5,False,50,12,December,Dec,Dec-2024,2024-12-01,4,Q4,Q4-2024,2024,2024-01-01,FY2025,FQ3,9
20241214,2024-12-14,14,Saturday,Sat,6,True,50,12,December,Dec,Dec-2024,2024-12-01,4,Q4,Q4-2024,2024,2024-01-01,FY2025,FQ3,9
20241215,2024-12-15,15,Sunday,Sun,7,True,50,12,December,Dec,Dec-2024,2024-12-01,4,Q4,Q4-2024,2024,2024-01-01,FY2025,FQ3,9
20241216,2024-12-16,16,Monday,Mon,1,False,51,12,December,Dec,Dec-2024,2024-12-01,4,Q4,Q4-2024,2024,2024-01-01,FY2025,FQ3,9
20241217,2024-12-17,17,Tuesday,Tue,2,False,51,12,December,Dec,Dec-2024,2024-12-01,4,Q4,Q4-2024,2024,2024-01-01,FY2025,FQ3,9
20241218,2024-12-18,18,Wednesday,Wed,3,False,51,12,December,Dec,Dec-2024,2024-12-01,4,Q4,Q4-2024,2024,2024-01-01,FY2025,FQ3,9
20241219,2024-12-19,19,Thursday,Thu,4,False,51,12,December,Dec,Dec-2024,2024-12-01,4,Q4,Q4-2024,2024,2024-01-01,FY2025,FQ3,9
20241220,2024-12-20,20,Friday,Fri,5,False,51,12,December,Dec,Dec-2024,2024-12-01,4,Q4,Q4-2024,2024,2024-01-01,FY2025,FQ3,9
20241221,2024-12-21,21,Saturday,Sat,6,True,51,12,December,Dec,Dec-2024,2024-12-01,4,Q4,Q4-2024,2024,2024-01-01,FY2025,FQ3,9
20241222,2024-12-22,22,Sunday,Sun,7,True,51,12,December,Dec,Dec-2024,2024-12-01,4,Q4,Q4-2024,2024,2024-01-01,FY2025,FQ3,9
20241223,2024-12-23,23,Monday,Mon,1,False,52,12,December,Dec,Dec-2024,2024-12-01,4,Q4,Q4-2024,2024,2024-01-01,FY2025,FQ3,9
20241224,2024-12-24,24,Tuesday,Tue,2,False,52,12,December,Dec,Dec-2024,2024-12-01,4,Q4,Q4-2024,2024,2024-01-01,FY2025,FQ3,9
20241225,2024-12-25,25,Wednesday,Wed,3,False,52,12,December,Dec,Dec-2024,2024-12-01,4,Q4,Q4-2024,2024,2024-01-01,FY2025,FQ3,9
20241226,2024-12-26,26,Thursday,Thu,4,False,52,12,December,Dec,Dec-2024,2024-12-01,4,Q4,Q4-2024,2024,2024-01-01,FY2025,FQ3,9
20241227,2024-12-27,27,Friday,Fri,5,False,52,12,December,Dec,Dec-2024,2024-12-01,4,Q4,Q4-2024,2024,2024-01-01,FY2025,FQ3,9
20241228,2024-12-28,28,Saturday,Sat,6,True,52,12,December,Dec,Dec-2024,2024-12-01,4,Q4,Q4-2024,2024,2024-01-01,FY2025,FQ3,9
20241229,2024-12-29,29,Sunday,Sun,7,True,52,12,December,Dec,Dec-2024,2024-12-01,4,Q4,Q4-2024,2024,2024-01-01,FY2025,FQ3,9
20241230,2024-12-30,30,Monday,Mon,1,False,1,12,December,Dec,Dec-2024,2024-12-01,4,Q4,Q4-2024,2024,2024-01-01,FY2025,FQ3,9
20241231,2024-12-31,31,Tuesday,Tue,2,False,1,12,December,Dec,Dec-2024,2024-12-01,4,Q4,Q4-2024,2024,2024-01-01,FY2025,FQ3,9
20250101,2025-01-01,1,Wednesday,Wed,3,False,1,1,January,Jan,Jan-2025,2025-01-01,1,Q1,Q1-2025,2025,2025-01-01,FY2025,FQ4,10
20250102,2025-01-02,2,Thursday,Thu,4,False,1,1,January,Jan,Jan-2025,2025-01-01,1,Q1,Q1-2025,2025,2025-01-01,FY2025,FQ4,10
20250103,2025-01-03,3,Friday,Fri,5,False,1,1,January,Jan,Jan-2025,2025-01-01,1,Q1,Q1-2025,2025,2025-01-01,FY2025,FQ4,10
20250104,2025-01-04,4,Saturday,Sat,6,True,1,1,January,Jan,Jan-2025,2025-01-01,1,Q1,Q1-2025,2025,2025-01-01,FY2025,FQ4,10
20250105,2025-01-05,5,Sunday,Sun,7,True,1,1,January,Jan,Jan-2025,2025-01-01,1,Q1,Q1-2025,2025,2025-01-01,FY2025,FQ4,10
20250106,2025-01-06,6,Monday,Mon,1,False,2,1,January,Jan,Jan-2025,2025-01-01,1,Q1,Q1-2025,2025,2025-01-01,FY2025,FQ4,10
20250107,2025-01-07,7,Tuesday,Tue,2,False,2,1,January,Jan,Jan-2025,2025-01-01,1,Q1,Q1-2025,2025,2025-01-01,FY2025,FQ4,10
20250108,2025-01-08,8,Wednesday,Wed,3,False,2,1,January,Jan,Jan-2025,2025-01-01,1,Q1,Q1-2025,2025,2025-01-01,FY2025,FQ4,10
20250109,2025-01-09,9,Thursday,Thu,4,False,2,1,January,Jan,Jan-2025,2025-01-01,1,Q1,Q1-2025,2025,2025-01-01,FY2025,FQ4,10
20250110,2025-01-10,10,Friday,Fri,5,False,2,1,January,Jan,Jan-2025,2025-01-01,1,Q1,Q1-2025,2025,2025-01-01,FY2025,FQ4,10
20250111,2025-01-11,11,Saturday,Sat,6,True,2,1,January,Jan,Jan-2025,2025-01-01,1,Q1,Q1-2025,2025,2025-01-01,FY2025,FQ4,10
20250112,2025-01-12,12,Sunday,Sun,7,True,2,1,January,Jan,Jan-2025,2025-01-01,1,Q1,Q1-2025,2025,2025-01-01,FY2025,FQ4,10
20250113,2025-01-13,13,Monday,Mon,1,False,3,1,January,Jan,Jan-2025,2025-01-01,1,Q1,Q1-2025,2025,2025-01-01,FY2025,FQ4,10
20250114,2025-01-14,14,Tuesday,Tue,2,False,3,1,January,Jan,Jan-2025,2025-01-01,1,Q1,Q1-2025,2025,2025-01-01,FY2025,FQ4,10
20250115,2025-01-15,15,Wednesday,Wed,3,False,3,1,January,Jan,Jan-2025,2025-01-01,1,Q1,Q1-2025,2025,2025-01-01,FY2025,FQ4,10
20250116,2025-01-16,16,Thursday,Thu,4,False,3,1,January,Jan,Jan-2025,2025-01-01,1,Q1,Q1-2025,2025,2025-01-01,FY2025,FQ4,10
20250117,2025-01-17,17,Friday,Fri,5,False,3,1,January,Jan,Jan-2025,2025-01-01,1,Q1,Q1-2025,2025,2025-01-01,FY2025,FQ4,10
20250118,2025-01-18,18,Saturday,Sat,6,True,3,1,January,Jan,Jan-2025,2025-01-01,1,Q1,Q1-2025,2025,2025-01-01,FY2025,FQ4,10
20250119,2025-01-19,19,Sunday,Sun,7,True,3,1,January,Jan,Jan-2025,2025-01-01,1,Q1,Q1-2025,2025,2025-01-01,FY2025,FQ4,10
20250120,2025-01-20,20,Monday,Mon,1,False,4,1,January,Jan,Jan-2025,2025-01-01,1,Q1,Q1-2025,2025,2025-01-01,FY2025,FQ4,10
20250121,2025-01-21,21,Tuesday,Tue,2,False,4,1,January,Jan,Jan-2025,2025-01-01,1,Q1,Q1-2025,2025,2025-01-01,FY2025,FQ4,10
20250122,2025-01-22,22,Wednesday,Wed,3,False,4,1,January,Jan,Jan-2025,2025-01-01,1,Q1,Q1-2025,2025,2025-01-01,FY2025,FQ4,10
20250123,2025-01-23,23,Thursday,Thu,4,False,4,1,January,Jan,Jan-2025,2025-01-01,1,Q1,Q1-2025,2025,2025-01-01,FY2025,FQ4,10
20250124,2025-01-24,24,Friday,Fri,5,False,4,1,January,Jan,Jan-2025,2025-01-01,1,Q1,Q1-2025,2025,2025-01-01,FY2025,FQ4,10
20250125,2025-01-25,25,Saturday,Sat,6,True,4,1,January,Jan,Jan-2025,2025-01-01,1,Q1,Q1-2025,2025,2025-01-01,FY2025,FQ4,10
20250126,2025-01-26,26,Sunday,Sun,7,True,4,1,January,Jan,Jan-2025,2025-01-01,1,Q1,Q1-2025,2025,2025-01-01,FY2025,FQ4,10
20250127,2025-01-27,27,Monday,Mon,1,False,5,1,January,Jan,Jan-2025,2025-01-01,1,Q1,Q1-2025,2025,2025-01-01,FY2025,FQ4,10
20250128,2025-01-28,28,Tuesday,Tue,2,False,5,1,January,Jan,Jan-2025,2025-01-01,1,Q1,Q1-2025,2025,2025-01-01,FY2025,FQ4,10
20250129,2025-01-29,29,Wednesday,Wed,3,False,5,1,January,Jan,Jan-2025,2025-01-01,1,Q1,Q1-2025,2025,2025-01-01,FY2025,FQ4,10
20250130,2025-01-30,30,Thursday,Thu,4,False,5,1,January,Jan,Jan-2025,2025-01-01,1,Q1,Q1-2025,2025,2025-01-01,FY2025,FQ4,10
20250131,2025-01-31,31,Friday,Fri,5,False,5,1,January,Jan,Jan-2025,2025-01-01,1,Q1,Q1-2025,2025,2025-01-01,FY2025,FQ4,10
20250201,2025-02-01,1,Saturday,Sat,6,True,5,2,February,Feb,Feb-2025,2025-02-01,1,Q1,Q1-2025,2025,2025-01-01,FY2025,FQ4,11
20250202,2025-02-02,2,Sunday,Sun,7,True,5,2,February,Feb,Feb-2025,2025-02-01,1,Q1,Q1-2025,2025,2025-01-01,FY2025,FQ4,11
20250203,2025-02-03,3,Monday,Mon,1,False,6,2,February,Feb,Feb-2025,2025-02-01,1,Q1,Q1-2025,2025,2025-01-01,FY2025,FQ4,11
20250204,2025-02-04,4,Tuesday,Tue,2,False,6,2,February,Feb,Feb-2025,2025-02-01,1,Q1,Q1-2025,2025,2025-01-01,FY2025,FQ4,11
20250205,2025-02-05,5,Wednesday,Wed,3,False,6,2,February,Feb,Feb-2025,2025-02-01,1,Q1,Q1-2025,2025,2025-01-01,FY2025,FQ4,11
20250206,2025-02-06,6,Thursday,Thu,4,False,6,2,February,Feb,Feb-2025,2025-02-01,1,Q1,Q1-2025,2025,2025-01-01,FY2025,FQ4,11
20250207,2025-02-07,7,Friday,Fri,5,False,6,2,February,Feb,Feb-2025,2025-02-01,1,Q1,Q1-2025,2025,2025-01-01,FY2025,FQ4,11
20250208,2025-02-08,8,Saturday,Sat,6,True,6,2,February,Feb,Feb-2025,2025-02-01,1,Q1,Q1-2025,2025,2025-01-01,FY2025,FQ4,11
20250209,2025-02-09,9,Sunday,Sun,7,True,6,2,February,Feb,Feb-2025,2025-02-01,1,Q1,Q1-2025,2025,2025-01-01,FY2025,FQ4,11
20250210,2025-02-10,10,Monday,Mon,1,False,7,2,February,Feb,Feb-2025,2025-02-01,1,Q1,Q1-2025,2025,2025-01-01,FY2025,FQ4,11
20250211,2025-02-11,11,Tuesday,Tue,2,False,7,2,February,Feb,Feb-2025,2025-02-01,1,Q1,Q1-2025,2025,2025-01-01,FY2025,FQ4,11
20250212,2025-02-12,12,Wednesday,Wed,3,False,7,2,February,Feb,Feb-2025,2025-02-01,1,Q1,Q1-2025,2025,2025-01-01,FY2025,FQ4,11
20250213,2025-02-13,13,Thursday,Thu,4,False,7,2,February,Feb,Feb-2025,2025-02-01,1,Q1,Q1-2025,2025,2025-01-01,FY2025,FQ4,11
20250214,2025-02-14,14,Friday,Fri,5,False,7,2,February,Feb,Feb-2025,2025-02-01,1,Q1,Q1-2025,2025,2025-01-01,FY2025,FQ4,11
20250215,2025-02-15,15,Saturday,Sat,6,True,7,2,February,Feb,Feb-2025,2025-02-01,1,Q1,Q1-2025,2025,2025-01-01,FY2025,FQ4,11
20250216,2025-02-16,16,Sunday,Sun,7,True,7,2,February,Feb,Feb-2025,2025-02-01,1,Q1,Q1-2025,2025,2025-01-01,FY2025,FQ4,11
20250217,2025-02-17,17,Monday,Mon,1,False,8,2,February,Feb,Feb-2025,2025-02-01,1,Q1,Q1-2025,2025,2025-01-01,FY2025,FQ4,11
20250218,2025-02-18,18,Tuesday,Tue,2,False,8,2,February,Feb,Feb-2025,2025-02-01,1,Q1,Q1-2025,2025,2025-01-01,FY2025,FQ4,11
20250219,2025-02-19,19,Wednesday,Wed,3,False,8,2,February,Feb,Feb-2025,2025-02-01,1,Q1,Q1-2025,2025,2025-01-01,FY2025,FQ4,11
20250220,2025-02-20,20,Thursday,Thu,4,False,8,2,February,Feb,Feb-2025,2025-02-01,1,Q1,Q1-2025,2025,2025-01-01,FY2025,FQ4,11
20250221,2025-02-21,21,Friday,Fri,5,False,8,2,February,Feb,Feb-2025,2025-02-01,1,Q1,Q1-2025,2025,2025-01-01,FY2025,FQ4,11
20250222,2025-02-22,22,Saturday,Sat,6,True,8,2,February,Feb,Feb-2025,2025-02-01,1,Q1,Q1-2025,2025,2025-01-01,FY2025,FQ4,11
20250223,2025-02-23,23,Sunday,Sun,7,True,8,2,February,Feb,Feb-2025,2025-02-01,1,Q1,Q1-2025,2025,2025-01-01,FY2025,FQ4,11
20250224,2025-02-24,24,Monday,Mon,1,False,9,2,February,Feb,Feb-2025,2025-02-01,1,Q1,Q1-2025,2025,2025-01-01,FY2025,FQ4,11
20250225,2025-02-25,25,Tuesday,Tue,2,False,9,2,February,Feb,Feb-2025,2025-02-01,1,Q1,Q1-2025,2025,2025-01-01,FY2025,FQ4,11
20250226,2025-02-26,26,Wednesday,Wed,3,False,9,2,February,Feb,Feb-2025,2025-02-01,1,Q1,Q1-2025,2025,2025-01-01,FY2025,FQ4,11
20250227,2025-02-27,27,Thursday,Thu,4,False,9,2,February,Feb,Feb-2025,2025-02-01,1,Q1,Q1-2025,2025,2025-01-01,FY2025,FQ4,11
20250228,2025-02-28,28,Friday,Fri,5,False,9,2,February,Feb,Feb-2025,2025-02-01,1,Q1,Q1-2025,2025,2025-01-01,FY2025,FQ4,11
20250301,2025-03-01,1,Saturday,Sat,6,True,9,3,March,Mar,Mar-2025,2025-03-01,1,Q1,Q1-2025,2025,2025-01-01,FY2025,FQ4,12
20250302,2025-03-02,2,Sunday,Sun,7,True,9,3,March,Mar,Mar-2025,2025-03-01,1,Q1,Q1-2025,2025,2025-01-01,FY2025,FQ4,12
20250303,2025-03-03,3,Monday,Mon,1,False,10,3,March,Mar,Mar-2025,2025-03-01,1,Q1,Q1-2025,2025,2025-01-01,FY2025,FQ4,12
20250304,2025-03-04,4,Tuesday,Tue,2,False,10,3,March,Mar,Mar-2025,2025-03-01,1,Q1,Q1-2025,2025,2025-01-01,FY2025,FQ4,12
20250305,2025-03-05,5,Wednesday,Wed,3,False,10,3,March,Mar,Mar-2025,2025-03-01,1,Q1,Q1-2025,2025,2025-01-01,FY2025,FQ4,12
20250306,2025-03-06,6,Thursday,Thu,4,False,10,3,March,Mar,Mar-2025,2025-03-01,1,Q1,Q1-2025,2025,2025-01-01,FY2025,FQ4,12
20250307,2025-03-07,7,Friday,Fri,5,False,10,3,March,Mar,Mar-2025,2025-03-01,1,Q1,Q1-2025,2025,2025-01-01,FY2025,FQ4,12
20250308,2025-03-08,8,Saturday,Sat,6,True,10,3,March,Mar,Mar-2025,2025-03-01,1,Q1,Q1-2025,2025,2025-01-01,FY2025,FQ4,12
20250309,2025-03-09,9,Sunday,Sun,7,True,10,3,March,Mar,Mar-2025,2025-03-01,1,Q1,Q1-2025,2025,2025-01-01,FY2025,FQ4,12
20250310,2025-03-10,10,Monday,Mon,1,False,11,3,March,Mar,Mar-2025,2025-03-01,1,Q1,Q1-2025,2025,2025-01-01,FY2025,FQ4,12
20250311,2025-03-11,11,Tuesday,Tue,2,False,11,3,March,Mar,Mar-2025,2025-03-01,1,Q1,Q1-2025,2025,2025-01-01,FY2025,FQ4,12
20250312,2025-03-12,12,Wednesday,Wed,3,False,11,3,March,Mar,Mar-2025,2025-03-01,1,Q1,Q1-2025,2025,2025-01-01,FY2025,FQ4,12
20250313,2025-03-13,13,Thursday,Thu,4,False,11,3,March,Mar,Mar-2025,2025-03-01,1,Q1,Q1-2025,2025,2025-01-01,FY2025,FQ4,12
20250314,2025-03-14,14,Friday,Fri,5,False,11,3,March,Mar,Mar-2025,2025-03-01,1,Q1,Q1-2025,2025,2025-01-01,FY2025,FQ4,12
20250315,2025-03-15,15,Saturday,Sat,6,True,11,3,March,Mar,Mar-2025,2025-03-01,1,Q1,Q1-2025,2025,2025-01-01,FY2025,FQ4,12
20250316,2025-03-16,16,Sunday,Sun,7,True,11,3,March,Mar,Mar-2025,2025-03-01,1,Q1,Q1-2025,2025,2025-01-01,FY2025,FQ4,12
20250317,2025-03-17,17,Monday,Mon,1,False,12,3,March,Mar,Mar-2025,2025-03-01,1,Q1,Q1-2025,2025,2025-01-01,FY2025,FQ4,12
20250318,2025-03-18,18,Tuesday,Tue,2,False,12,3,March,Mar,Mar-2025,2025-03-01,1,Q1,Q1-2025,2025,2025-01-01,FY2025,FQ4,12
20250319,2025-03-19,19,Wednesday,Wed,3,False,12,3,March,Mar,Mar-2025,2025-03-01,1,Q1,Q1-2025,2025,2025-01-01,FY2025,FQ4,12
20250320,2025-03-20,20,Thursday,Thu,4,False,12,3,March,Mar,Mar-2025,2025-03-01,1,Q1,Q1-2025,2025,2025-01-01,FY2025,FQ4,12
20250321,2025-03-21,21,Friday,Fri,5,False,12,3,March,Mar,Mar-2025,2025-03-01,1,Q1,Q1-2025,2025,2025-01-01,FY2025,FQ4,12
20250322,2025-03-22,22,Saturday,Sat,6,True,12,3,March,Mar,Mar-2025,2025-03-01,1,Q1,Q1-2025,2025,2025-01-01,FY2025,FQ4,12
20250323,2025-03-23,23,Sunday,Sun,7,True,12,3,March,Mar,Mar-2025,2025-03-01,1,Q1,Q1-2025,2025,2025-01-01,FY2025,FQ4,12
20250324,2025-03-24,24,Monday,Mon,1,False,13,3,March,Mar,Mar-2025,2025-03-01,1,Q1,Q1-2025,2025,2025-01-01,FY2025,FQ4,12
20250325,2025-03-25,25,Tuesday,Tue,2,False,13,3,March,Mar,Mar-2025,2025-03-01,1,Q1,Q1-2025,2025,2025-01-01,FY2025,FQ4,12
20250326,2025-03-26,26,Wednesday,Wed,3,False,13,3,March,Mar,Mar-2025,2025-03-01,1,Q1,Q1-2025,2025,2025-01-01,FY2025,FQ4,12
20250327,2025-03-27,27,Thursday,Thu,4,False,13,3,March,Mar,Mar-2025,2025-03-01,1,Q1,Q1-2025,2025,2025-01-01,FY2025,FQ4,12
20250328,2025-03-28,28,Friday,Fri,5,False,13,3,March,Mar,Mar-2025,2025-03-01,1,Q1,Q1-2025,2025,2025-01-01,FY2025,FQ4,12
20250329,2025-03-29,29,Saturday,Sat,6,True,13,3,March,Mar,Mar-2025,2025-03-01,1,Q1,Q1-2025,2025,2025-01-01,FY2025,FQ4,12
20250330,2025-03-30,30,Sunday,Sun,7,True,13,3,March,Mar,Mar-2025,2025-03-01,1,Q1,Q1-2025,2025,2025-01-01,FY2025,FQ4,12
20250331,2025-03-31,31,Monday,Mon,1,False,14,3,March,Mar,Mar-2025,2025-03-01,1,Q1,Q1-2025,2025,2025-01-01,FY2025,FQ4,12
20250401,2025-04-01,1,Tuesday,Tue,2,False,14,4,April,Apr,Apr-2025,2025-04-01,2,Q2,Q2-2025,2025,2025-01-01,FY2026,FQ1,1
20250402,2025-04-02,2,Wednesday,Wed,3,False,14,4,April,Apr,Apr-2025,2025-04-01,2,Q2,Q2-2025,2025,2025-01-01,FY2026,FQ1,1
20250403,2025-04-03,3,Thursday,Thu,4,False,14,4,April,Apr,Apr-2025,2025-04-01,2,Q2,Q2-2025,2025,2025-01-01,FY2026,FQ1,1
20250404,2025-04-04,4,Friday,Fri,5,False,14,4,April,Apr,Apr-2025,2025-04-01,2,Q2,Q2-2025,2025,2025-01-01,FY2026,FQ1,1
20250405,2025-04-05,5,Saturday,Sat,6,True,14,4,April,Apr,Apr-2025,2025-04-01,2,Q2,Q2-2025,2025,2025-01-01,FY2026,FQ1,1
20250406,2025-04-06,6,Sunday,Sun,7,True,14,4,April,Apr,Apr-2025,2025-04-01,2,Q2,Q2-2025,2025,2025-01-01,FY2026,FQ1,1
20250407,2025-04-07,7,Monday,Mon,1,False,15,4,April,Apr,Apr-2025,2025-04-01,2,Q2,Q2-2025,2025,2025-01-01,FY2026,FQ1,1
20250408,2025-04-08,8,Tuesday,Tue,2,False,15,4,April,Apr,Apr-2025,2025-04-01,2,Q2,Q2-2025,2025,2025-01-01,FY2026,FQ1,1
20250409,2025-04-09,9,Wednesday,Wed,3,False,15,4,April,Apr,Apr-2025,2025-04-01,2,Q2,Q2-2025,2025,2025-01-01,FY2026,FQ1,1
20250410,2025-04-10,10,Thursday,Thu,4,False,15,4,April,Apr,Apr-2025,2025-04-01,2,Q2,Q2-2025,2025,2025-01-01,FY2026,FQ1,1
20250411,2025-04-11,11,Friday,Fri,5,False,15,4,April,Apr,Apr-2025,2025-04-01,2,Q2,Q2-2025,2025,2025-01-01,FY2026,FQ1,1
20250412,2025-04-12,12,Saturday,Sat,6,True,15,4,April,Apr,Apr-2025,2025-04-01,2,Q2,Q2-2025,2025,2025-01-01,FY2026,FQ1,1
20250413,2025-04-13,13,Sunday,Sun,7,True,15,4,April,Apr,Apr-2025,2025-04-01,2,Q2,Q2-2025,2025,2025-01-01,FY2026,FQ1,1
20250414,2025-04-14,14,Monday,Mon,1,False,16,4,April,Apr,Apr-2025,2025-04-01,2,Q2,Q2-2025,2025,2025-01-01,FY2026,FQ1,1
20250415,2025-04-15,15,Tuesday,Tue,2,False,16,4,April,Apr,Apr-2025,2025-04-01,2,Q2,Q2-2025,2025,2025-01-01,FY2026,FQ1,1
20250416,2025-04-16,16,Wednesday,Wed,3,False,16,4,April,Apr,Apr-2025,2025-04-01,2,Q2,Q2-2025,2025,2025-01-01,FY2026,FQ1,1
20250417,2025-04-17,17,Thursday,Thu,4,False,16,4,April,Apr,Apr-2025,2025-04-01,2,Q2,Q2-2025,2025,2025-01-01,FY2026,FQ1,1
20250418,2025-04-18,18,Friday,Fri,5,False,16,4,April,Apr,Apr-2025,2025-04-01,2,Q2,Q2-2025,2025,2025-01-01,FY2026,FQ1,1
20250419,2025-04-19,19,Saturday,Sat,6,True,16,4,April,Apr,Apr-2025,2025-04-01,2,Q2,Q2-2025,2025,2025-01-01,FY2026,FQ1,1
20250420,2025-04-20,20,Sunday,Sun,7,True,16,4,April,Apr,Apr-2025,2025-04-01,2,Q2,Q2-2025,2025,2025-01-01,FY2026,FQ1,1
20250421,2025-04-21,21,Monday,Mon,1,False,17,4,April,Apr,Apr-2025,2025-04-01,2,Q2,Q2-2025,2025,2025-01-01,FY2026,FQ1,1
20250422,2025-04-22,22,Tuesday,Tue,2,False,17,4,April,Apr,Apr-2025,2025-04-01,2,Q2,Q2-2025,2025,2025-01-01,FY2026,FQ1,1
20250423,2025-04-23,23,Wednesday,Wed,3,False,17,4,April,Apr,Apr-2025,2025-04-01,2,Q2,Q2-2025,2025,2025-01-01,FY2026,FQ1,1
20250424,2025-04-24,24,Thursday,Thu,4,False,17,4,April,Apr,Apr-2025,2025-04-01,2,Q2,Q2-2025,2025,2025-01-01,FY2026,FQ1,1
20250425,2025-04-25,25,Friday,Fri,5,False,17,4,April,Apr,Apr-2025,2025-04-01,2,Q2,Q2-2025,2025,2025-01-01,FY2026,FQ1,1
20250426,2025-04-26,26,Saturday,Sat,6,True,17,4,April,Apr,Apr-2025,2025-04-01,2,Q2,Q2-2025,2025,2025-01-01,FY2026,FQ1,1
20250427,2025-04-27,27,Sunday,Sun,7,True,17,4,April,Apr,Apr-2025,2025-04-01,2,Q2,Q2-2025,2025,2025-01-01,FY2026,FQ1,1
20250428,2025-04-28,28,Monday,Mon,1,False,18,4,April,Apr,Apr-2025,2025-04-01,2,Q2,Q2-2025,2025,2025-01-01,FY2026,FQ1,1
20250429,2025-04-29,29,Tuesday,Tue,2,False,18,4,April,Apr,Apr-2025,2025-04-01,2,Q2,Q2-2025,2025,2025-01-01,FY2026,FQ1,1
20250430,2025-04-30,30,Wednesday,Wed,3,False,18,4,April,Apr,Apr-2025,2025-04-01,2,Q2,Q2-2025,2025,2025-01-01,FY2026,FQ1,1
20250501,2025-05-01,1,Thursday,Thu,4,False,18,5,May,May,May-2025,2025-05-01,2,Q2,Q2-2025,2025,2025-01-01,FY2026,FQ1,2
20250502,2025-05-02,2,Friday,Fri,5,False,18,5,May,May,May-2025,2025-05-01,2,Q2,Q2-2025,2025,2025-01-01,FY2026,FQ1,2
20250503,2025-05-03,3,Saturday,Sat,6,True,18,5,May,May,May-2025,2025-05-01,2,Q2,Q2-2025,2025,2025-01-01,FY2026,FQ1,2
20250504,2025-05-04,4,Sunday,Sun,7,True,18,5,May,May,May-2025,2025-05-01,2,Q2,Q2-2025,2025,2025-01-01,FY2026,FQ1,2
20250505,2025-05-05,5,Monday,Mon,1,False,19,5,May,May,May-2025,2025-05-01,2,Q2,Q2-2025,2025,2025-01-01,FY2026,FQ1,2
20250506,2025-05-06,6,Tuesday,Tue,2,False,19,5,May,May,May-2025,2025-05-01,2,Q2,Q2-2025,2025,2025-01-01,FY2026,FQ1,2
20250507,2025-05-07,7,Wednesday,Wed,3,False,19,5,May,May,May-2025,2025-05-01,2,Q2,Q2-2025,2025,2025-01-01,FY2026,FQ1,2
20250508,2025-05-08,8,Thursday,Thu,4,False,19,5,May,May,May-2025,2025-05-01,2,Q2,Q2-2025,2025,2025-01-01,FY2026,FQ1,2
20250509,2025-05-09,9,Friday,Fri,5,False,19,5,May,May,May-2025,2025-05-01,2,Q2,Q2-2025,2025,2025-01-01,FY2026,FQ1,2
20250510,2025-05-10,10,Saturday,Sat,6,True,19,5,May,May,May-2025,2025-05-01,2,Q2,Q2-2025,2025,2025-01-01,FY2026,FQ1,2
20250511,2025-05-11,11,Sunday,Sun,7,True,19,5,May,May,May-2025,2025-05-01,2,Q2,Q2-2025,2025,2025-01-01,FY2026,FQ1,2
20250512,2025-05-12,12,Monday,Mon,1,False,20,5,May,May,May-2025,2025-05-01,2,Q2,Q2-2025,2025,2025-01-01,FY2026,FQ1,2
20250513,2025-05-13,13,Tuesday,Tue,2,False,20,5,May,May,May-2025,2025-05-01,2,Q2,Q2-2025,2025,2025-01-01,FY2026,FQ1,2
20250514,2025-05-14,14,Wednesday,Wed,3,False,20,5,May,May,May-2025,2025-05-01,2,Q2,Q2-2025,2025,2025-01-01,FY2026,FQ1,2
20250515,2025-05-15,15,Thursday,Thu,4,False,20,5,May,May,May-2025,2025-05-01,2,Q2,Q2-2025,2025,2025-01-01,FY2026,FQ1,2
20250516,2025-05-16,16,Friday,Fri,5,False,20,5,May,May,May-2025,2025-05-01,2,Q2,Q2-2025,2025,2025-01-01,FY2026,FQ1,2
20250517,2025-05-17,17,Saturday,Sat,6,True,20,5,May,May,May-2025,2025-05-01,2,Q2,Q2-2025,2025,2025-01-01,FY2026,FQ1,2
20250518,2025-05-18,18,Sunday,Sun,7,True,20,5,May,May,May-2025,2025-05-01,2,Q2,Q2-2025,2025,2025-01-01,FY2026,FQ1,2
20250519,2025-05-19,19,Monday,Mon,1,False,21,5,May,May,May-2025,2025-05-01,2,Q2,Q2-2025,2025,2025-01-01,FY2026,FQ1,2
20250520,2025-05-20,20,Tuesday,Tue,2,False,21,5,May,May,May-2025,2025-05-01,2,Q2,Q2-2025,2025,2025-01-01,FY2026,FQ1,2
20250521,2025-05-21,21,Wednesday,Wed,3,False,21,5,May,May,May-2025,2025-05-01,2,Q2,Q2-2025,2025,2025-01-01,FY2026,FQ1,2
20250522,2025-05-22,22,Thursday,Thu,4,False,21,5,May,May,May-2025,2025-05-01,2,Q2,Q2-2025,2025,2025-01-01,FY2026,FQ1,2
20250523,2025-05-23,23,Friday,Fri,5,False,21,5,May,May,May-2025,2025-05-01,2,Q2,Q2-2025,2025,2025-01-01,FY2026,FQ1,2
20250524,2025-05-24,24,Saturday,Sat,6,True,21,5,May,May,May-2025,2025-05-01,2,Q2,Q2-2025,2025,2025-01-01,FY2026,FQ1,2
20250525,2025-05-25,25,Sunday,Sun,7,True,21,5,May,May,May-2025,2025-05-01,2,Q2,Q2-2025,2025,2025-01-01,FY2026,FQ1,2
20250526,2025-05-26,26,Monday,Mon,1,False,22,5,May,May,May-2025,2025-05-01,2,Q2,Q2-2025,2025,2025-01-01,FY2026,FQ1,2
20250527,2025-05-27,27,Tuesday,Tue,2,False,22,5,May,May,May-2025,2025-05-01,2,Q2,Q2-2025,2025,2025-01-01,FY2026,FQ1,2
20250528,2025-05-28,28,Wednesday,Wed,3,False,22,5,May,May,May-2025,2025-05-01,2,Q2,Q2-2025,2025,2025-01-01,FY2026,FQ1,2
20250529,2025-05-29,29,Thursday,Thu,4,False,22,5,May,May,May-2025,2025-05-01,2,Q2,Q2-2025,2025,2025-01-01,FY2026,FQ1,2
20250530,2025-05-30,30,Friday,Fri,5,False,22,5,May,May,May-2025,2025-05-01,2,Q2,Q2-2025,2025,2025-01-01,FY2026,FQ1,2
20250531,2025-05-31,31,Saturday,Sat,6,True,22,5,May,May,May-2025,2025-05-01,2,Q2,Q2-2025,2025,2025-01-01,FY2026,FQ1,2
20250601,2025-06-01,1,Sunday,Sun,7,True,22,6,June,Jun,Jun-2025,2025-06-01,2,Q2,Q2-2025,2025,2025-01-01,FY2026,FQ1,3
20250602,2025-06-02,2,Monday,Mon,1,False,23,6,June,Jun,Jun-2025,2025-06-01,2,Q2,Q2-2025,2025,2025-01-01,FY2026,FQ1,3
20250603,2025-06-03,3,Tuesday,Tue,2,False,23,6,June,Jun,Jun-2025,2025-06-01,2,Q2,Q2-2025,2025,2025-01-01,FY2026,FQ1,3
20250604,2025-06-04,4,Wednesday,Wed,3,False,23,6,June,Jun,Jun-2025,2025-06-01,2,Q2,Q2-2025,2025,2025-01-01,FY2026,FQ1,3
20250605,2025-06-05,5,Thursday,Thu,4,False,23,6,June,Jun,Jun-2025,2025-06-01,2,Q2,Q2-2025,2025,2025-01-01,FY2026,FQ1,3
20250606,2025-06-06,6,Friday,Fri,5,False,23,6,June,Jun,Jun-2025,2025-06-01,2,Q2,Q2-2025,2025,2025-01-01,FY2026,FQ1,3
20250607,2025-06-07,7,Saturday,Sat,6,True,23,6,June,Jun,Jun-2025,2025-06-01,2,Q2,Q2-2025,2025,2025-01-01,FY2026,FQ1,3
20250608,2025-06-08,8,Sunday,Sun,7,True,23,6,June,Jun,Jun-2025,2025-06-01,2,Q2,Q2-2025,2025,2025-01-01,FY2026,FQ1,3
20250609,2025-06-09,9,Monday,Mon,1,False,24,6,June,Jun,Jun-2025,2025-06-01,2,Q2,Q2-2025,2025,2025-01-01,FY2026,FQ1,3
20250610,2025-06-10,10,Tuesday,Tue,2,False,24,6,June,Jun,Jun-2025,2025-06-01,2,Q2,Q2-2025,2025,2025-01-01,FY2026,FQ1,3
20250611,2025-06-11,11,Wednesday,Wed,3,False,24,6,June,Jun,Jun-2025,2025-06-01,2,Q2,Q2-2025,2025,2025-01-01,FY2026,FQ1,3
20250612,2025-06-12,12,Thursday,Thu,4,False,24,6,June,Jun,Jun-2025,2025-06-01,2,Q2,Q2-2025,2025,2025-01-01,FY2026,FQ1,3
20250613,2025-06-13,13,Friday,Fri,5,False,24,6,June,Jun,Jun-2025,2025-06-01,2,Q2,Q2-2025,2025,2025-01-01,FY2026,FQ1,3
20250614,2025-06-14,14,Saturday,Sat,6,True,24,6,June,Jun,Jun-2025,2025-06-01,2,Q2,Q2-2025,2025,2025-01-01,FY2026,FQ1,3
20250615,2025-06-15,15,Sunday,Sun,7,True,24,6,June,Jun,Jun-2025,2025-06-01,2,Q2,Q2-2025,2025,2025-01-01,FY2026,FQ1,3
20250616,2025-06-16,16,Monday,Mon,1,False,25,6,June,Jun,Jun-2025,2025-06-01,2,Q2,Q2-2025,2025,2025-01-01,FY2026,FQ1,3
20250617,2025-06-17,17,Tuesday,Tue,2,False,25,6,June,Jun,Jun-2025,2025-06-01,2,Q2,Q2-2025,2025,2025-01-01,FY2026,FQ1,3
20250618,2025-06-18,18,Wednesday,Wed,3,False,25,6,June,Jun,Jun-2025,2025-06-01,2,Q2,Q2-2025,2025,2025-01-01,FY2026,FQ1,3
20250619,2025-06-19,19,Thursday,Thu,4,False,25,6,June,Jun,Jun-2025,2025-06-01,2,Q2,Q2-2025,2025,2025-01-01,FY2026,FQ1,3
20250620,2025-06-20,20,Friday,Fri,5,False,25,6,June,Jun,Jun-2025,2025-06-01,2,Q2,Q2-2025,2025,2025-01-01,FY2026,FQ1,3
20250621,2025-06-21,21,Saturday,Sat,6,True,25,6,June,Jun,Jun-2025,2025-06-01,2,Q2,Q2-2025,2025,2025-01-01,FY2026,FQ1,3
20250622,2025-06-22,22,Sunday,Sun,7,True,25,6,June,Jun,Jun-2025,2025-06-01,2,Q2,Q2-2025,2025,2025-01-01,FY2026,FQ1,3
20250623,2025-06-23,23,Monday,Mon,1,False,26,6,June,Jun,Jun-2025,2025-06-01,2,Q2,Q2-2025,2025,2025-01-01,FY2026,FQ1,3
20250624,2025-06-24,24,Tuesday,Tue,2,False,26,6,June,Jun,Jun-2025,2025-06-01,2,Q2,Q2-2025,2025,2025-01-01,FY2026,FQ1,3
20250625,2025-06-25,25,Wednesday,Wed,3,False,26,6,June,Jun,Jun-2025,2025-06-01,2,Q2,Q2-2025,2025,2025-01-01,FY2026,FQ1,3
20250626,2025-06-26,26,Thursday,Thu,4,False,26,6,June,Jun,Jun-2025,2025-06-01,2,Q2,Q2-2025,2025,2025-01-01,FY2026,FQ1,3
20250627,2025-06-27,27,Friday,Fri,5,False,26,6,June,Jun,Jun-2025,2025-06-01,2,Q2,Q2-2025,2025,2025-01-01,FY2026,FQ1,3
20250628,2025-06-28,28,Saturday,Sat,6,True,26,6,June,Jun,Jun-2025,2025-06-01,2,Q2,Q2-2025,2025,2025-01-01,FY2026,FQ1,3
20250629,2025-06-29,29,Sunday,Sun,7,True,26,6,June,Jun,Jun-2025,2025-06-01,2,Q2,Q2-2025,2025,2025-01-01,FY2026,FQ1,3
20250630,2025-06-30,30,Monday,Mon,1,False,27,6,June,Jun,Jun-2025,2025-06-01,2,Q2,Q2-2025,2025,2025-01-01,FY2026,FQ1,3
20250701,2025-07-01,1,Tuesday,Tue,2,False,27,7,July,Jul,Jul-2025,2025-07-01,3,Q3,Q3-2025,2025,2025-01-01,FY2026,FQ2,4
20250702,2025-07-02,2,Wednesday,Wed,3,False,27,7,July,Jul,Jul-2025,2025-07-01,3,Q3,Q3-2025,2025,2025-01-01,FY2026,FQ2,4
20250703,2025-07-03,3,Thursday,Thu,4,False,27,7,July,Jul,Jul-2025,2025-07-01,3,Q3,Q3-2025,2025,2025-01-01,FY2026,FQ2,4
20250704,2025-07-04,4,Friday,Fri,5,False,27,7,July,Jul,Jul-2025,2025-07-01,3,Q3,Q3-2025,2025,2025-01-01,FY2026,FQ2,4
20250705,2025-07-05,5,Saturday,Sat,6,True,27,7,July,Jul,Jul-2025,2025-07-01,3,Q3,Q3-2025,2025,2025-01-01,FY2026,FQ2,4
20250706,2025-07-06,6,Sunday,Sun,7,True,27,7,July,Jul,Jul-2025,2025-07-01,3,Q3,Q3-2025,2025,2025-01-01,FY2026,FQ2,4
20250707,2025-07-07,7,Monday,Mon,1,False,28,7,July,Jul,Jul-2025,2025-07-01,3,Q3,Q3-2025,2025,2025-01-01,FY2026,FQ2,4
20250708,2025-07-08,8,Tuesday,Tue,2,False,28,7,July,Jul,Jul-2025,2025-07-01,3,Q3,Q3-2025,2025,2025-01-01,FY2026,FQ2,4
20250709,2025-07-09,9,Wednesday,Wed,3,False,28,7,July,Jul,Jul-2025,2025-07-01,3,Q3,Q3-2025,2025,2025-01-01,FY2026,FQ2,4
20250710,2025-07-10,10,Thursday,Thu,4,False,28,7,July,Jul,Jul-2025,2025-07-01,3,Q3,Q3-2025,2025,2025-01-01,FY2026,FQ2,4
20250711,2025-07-11,11,Friday,Fri,5,False,28,7,July,Jul,Jul-2025,2025-07-01,3,Q3,Q3-2025,2025,2025-01-01,FY2026,FQ2,4
20250712,2025-07-12,12,Saturday,Sat,6,True,28,7,July,Jul,Jul-2025,2025-07-01,3,Q3,Q3-2025,2025,2025-01-01,FY2026,FQ2,4
20250713,2025-07-13,13,Sunday,Sun,7,True,28,7,July,Jul,Jul-2025,2025-07-01,3,Q3,Q3-2025,2025,2025-01-01,FY2026,FQ2,4
20250714,2025-07-14,14,Monday,Mon,1,False,29,7,July,Jul,Jul-2025,2025-07-01,3,Q3,Q3-2025,2025,2025-01-01,FY2026,FQ2,4
20250715,2025-07-15,15,Tuesday,Tue,2,False,29,7,July,Jul,Jul-2025,2025-07-01,3,Q3,Q3-2025,2025,2025-01-01,FY2026,FQ2,4
20250716,2025-07-16,16,Wednesday,Wed,3,False,29,7,July,Jul,Jul-2025,2025-07-01,3,Q3,Q3-2025,2025,2025-01-01,FY2026,FQ2,4
20250717,2025-07-17,17,Thursday,Thu,4,False,29,7,July,Jul,Jul-2025,2025-07-01,3,Q3,Q3-2025,2025,2025-01-01,FY2026,FQ2,4
20250718,2025-07-18,18,Friday,Fri,5,False,29,7,July,Jul,Jul-2025,2025-07-01,3,Q3,Q3-2025,2025,2025-01-01,FY2026,FQ2,4
20250719,2025-07-19,19,Saturday,Sat,6,True,29,7,July,Jul,Jul-2025,2025-07-01,3,Q3,Q3-2025,2025,2025-01-01,FY2026,FQ2,4
20250720,2025-07-20,20,Sunday,Sun,7,True,29,7,July,Jul,Jul-2025,2025-07-01,3,Q3,Q3-2025,2025,2025-01-01,FY2026,FQ2,4
20250721,2025-07-21,21,Monday,Mon,1,False,30,7,July,Jul,Jul-2025,2025-07-01,3,Q3,Q3-2025,2025,2025-01-01,FY2026,FQ2,4
20250722,2025-07-22,22,Tuesday,Tue,2,False,30,7,July,Jul,Jul-2025,2025-07-01,3,Q3,Q3-2025,2025,2025-01-01,FY2026,FQ2,4
20250723,2025-07-23,23,Wednesday,Wed,3,False,30,7,July,Jul,Jul-2025,2025-07-01,3,Q3,Q3-2025,2025,2025-01-01,FY2026,FQ2,4
20250724,2025-07-24,24,Thursday,Thu,4,False,30,7,July,Jul,Jul-2025,2025-07-01,3,Q3,Q3-2025,2025,2025-01-01,FY2026,FQ2,4
20250725,2025-07-25,25,Friday,Fri,5,False,30,7,July,Jul,Jul-2025,2025-07-01,3,Q3,Q3-2025,2025,2025-01-01,FY2026,FQ2,4
20250726,2025-07-26,26,Saturday,Sat,6,True,30,7,July,Jul,Jul-2025,2025-07-01,3,Q3,Q3-2025,2025,2025-01-01,FY2026,FQ2,4
20250727,2025-07-27,27,Sunday,Sun,7,True,30,7,July,Jul,Jul-2025,2025-07-01,3,Q3,Q3-2025,2025,2025-01-01,FY2026,FQ2,4
20250728,2025-07-28,28,Monday,Mon,1,False,31,7,July,Jul,Jul-2025,2025-07-01,3,Q3,Q3-2025,2025,2025-01-01,FY2026,FQ2,4
20250729,2025-07-29,29,Tuesday,Tue,2,False,31,7,July,Jul,Jul-2025,2025-07-01,3,Q3,Q3-2025,2025,2025-01-01,FY2026,FQ2,4
20250730,2025-07-30,30,Wednesday,Wed,3,False,31,7,July,Jul,Jul-2025,2025-07-01,3,Q3,Q3-2025,2025,2025-01-01,FY2026,FQ2,4
20250731,2025-07-31,31,Thursday,Thu,4,False,31,7,July,Jul,Jul-2025,2025-07-01,3,Q3,Q3-2025,2025,2025-01-01,FY2026,FQ2,4
20250801,2025-08-01,1,Friday,Fri,5,False,31,8,August,Aug,Aug-2025,2025-08-01,3,Q3,Q3-2025,2025,2025-01-01,FY2026,FQ2,5
20250802,2025-08-02,2,Saturday,Sat,6,True,31,8,August,Aug,Aug-2025,2025-08-01,3,Q3,Q3-2025,2025,2025-01-01,FY2026,FQ2,5
20250803,2025-08-03,3,Sunday,Sun,7,True,31,8,August,Aug,Aug-2025,2025-08-01,3,Q3,Q3-2025,2025,2025-01-01,FY2026,FQ2,5
20250804,2025-08-04,4,Monday,Mon,1,False,32,8,August,Aug,Aug-2025,2025-08-01,3,Q3,Q3-2025,2025,2025-01-01,FY2026,FQ2,5
20250805,2025-08-05,5,Tuesday,Tue,2,False,32,8,August,Aug,Aug-2025,2025-08-01,3,Q3,Q3-2025,2025,2025-01-01,FY2026,FQ2,5
20250806,2025-08-06,6,Wednesday,Wed,3,False,32,8,August,Aug,Aug-2025,2025-08-01,3,Q3,Q3-2025,2025,2025-01-01,FY2026,FQ2,5
20250807,2025-08-07,7,Thursday,Thu,4,False,32,8,August,Aug,Aug-2025,2025-08-01,3,Q3,Q3-2025,2025,2025-01-01,FY2026,FQ2,5
20250808,2025-08-08,8,Friday,Fri,5,False,32,8,August,Aug,Aug-2025,2025-08-01,3,Q3,Q3-2025,2025,2025-01-01,FY2026,FQ2,5
20250809,2025-08-09,9,Saturday,Sat,6,True,32,8,August,Aug,Aug-2025,2025-08-01,3,Q3,Q3-2025,2025,2025-01-01,FY2026,FQ2,5
20250810,2025-08-10,10,Sunday,Sun,7,True,32,8,August,Aug,Aug-2025,2025-08-01,3,Q3,Q3-2025,2025,2025-01-01,FY2026,FQ2,5
20250811,2025-08-11,11,Monday,Mon,1,False,33,8,August,Aug,Aug-2025,2025-08-01,3,Q3,Q3-2025,2025,2025-01-01,FY2026,FQ2,5
20250812,2025-08-12,12,Tuesday,Tue,2,False,33,8,August,Aug,Aug-2025,2025-08-01,3,Q3,Q3-2025,2025,2025-01-01,FY2026,FQ2,5
20250813,2025-08-13,13,Wednesday,Wed,3,False,33,8,August,Aug,Aug-2025,2025-08-01,3,Q3,Q3-2025,2025,2025-01-01,FY2026,FQ2,5
20250814,2025-08-14,14,Thursday,Thu,4,False,33,8,August,Aug,Aug-2025,2025-08-01,3,Q3,Q3-2025,2025,2025-01-01,FY2026,FQ2,5
20250815,2025-08-15,15,Friday,Fri,5,False,33,8,August,Aug,Aug-2025,2025-08-01,3,Q3,Q3-2025,2025,2025-01-01,FY2026,FQ2,5
20250816,2025-08-16,16,Saturday,Sat,6,True,33,8,August,Aug,Aug-2025,2025-08-01,3,Q3,Q3-2025,2025,2025-01-01,FY2026,FQ2,5
20250817,2025-08-17,17,Sunday,Sun,7,True,33,8,August,Aug,Aug-2025,2025-08-01,3,Q3,Q3-2025,2025,2025-01-01,FY2026,FQ2,5
20250818,2025-08-18,18,Monday,Mon,1,False,34,8,August,Aug,Aug-2025,2025-08-01,3,Q3,Q3-2025,2025,2025-01-01,FY2026,FQ2,5
20250819,2025-08-19,19,Tuesday,Tue,2,False,34,8,August,Aug,Aug-2025,2025-08-01,3,Q3,Q3-2025,2025,2025-01-01,FY2026,FQ2,5
20250820,2025-08-20,20,Wednesday,Wed,3,False,34,8,August,Aug,Aug-2025,2025-08-01,3,Q3,Q3-2025,2025,2025-01-01,FY2026,FQ2,5
20250821,2025-08-21,21,Thursday,Thu,4,False,34,8,August,Aug,Aug-2025,2025-08-01,3,Q3,Q3-2025,2025,2025-01-01,FY2026,FQ2,5
20250822,2025-08-22,22,Friday,Fri,5,False,34,8,August,Aug,Aug-2025,2025-08-01,3,Q3,Q3-2025,2025,2025-01-01,FY2026,FQ2,5
20250823,2025-08-23,23,Saturday,Sat,6,True,34,8,August,Aug,Aug-2025,2025-08-01,3,Q3,Q3-2025,2025,2025-01-01,FY2026,FQ2,5
20250824,2025-08-24,24,Sunday,Sun,7,True,34,8,August,Aug,Aug-2025,2025-08-01,3,Q3,Q3-2025,2025,2025-01-01,FY2026,FQ2,5
20250825,2025-08-25,25,Monday,Mon,1,False,35,8,August,Aug,Aug-2025,2025-08-01,3,Q3,Q3-2025,2025,2025-01-01,FY2026,FQ2,5
20250826,2025-08-26,26,Tuesday,Tue,2,False,35,8,August,Aug,Aug-2025,2025-08-01,3,Q3,Q3-2025,2025,2025-01-01,FY2026,FQ2,5
20250827,2025-08-27,27,Wednesday,Wed,3,False,35,8,August,Aug,Aug-2025,2025-08-01,3,Q3,Q3-2025,2025,2025-01-01,FY2026,FQ2,5
20250828,2025-08-28,28,Thursday,Thu,4,False,35,8,August,Aug,Aug-2025,2025-08-01,3,Q3,Q3-2025,2025,2025-01-01,FY2026,FQ2,5
20250829,2025-08-29,29,Friday,Fri,5,False,35,8,August,Aug,Aug-2025,2025-08-01,3,Q3,Q3-2025,2025,2025-01-01,FY2026,FQ2,5
20250830,2025-08-30,30,Saturday,Sat,6,True,35,8,August,Aug,Aug-2025,2025-08-01,3,Q3,Q3-2025,2025,2025-01-01,FY2026,FQ2,5
20250831,2025-08-31,31,Sunday,Sun,7,True,35,8,August,Aug,Aug-2025,2025-08-01,3,Q3,Q3-2025,2025,2025-01-01,FY2026,FQ2,5
20250901,2025-09-01,1,Monday,Mon,1,False,36,9,September,Sep,Sep-2025,2025-09-01,3,Q3,Q3-2025,2025,2025-01-01,FY2026,FQ2,6
20250902,2025-09-02,2,Tuesday,Tue,2,False,36,9,September,Sep,Sep-2025,2025-09-01,3,Q3,Q3-2025,2025,2025-01-01,FY2026,FQ2,6
20250903,2025-09-03,3,Wednesday,Wed,3,False,36,9,September,Sep,Sep-2025,2025-09-01,3,Q3,Q3-2025,2025,2025-01-01,FY2026,FQ2,6
20250904,2025-09-04,4,Thursday,Thu,4,False,36,9,September,Sep,Sep-2025,2025-09-01,3,Q3,Q3-2025,2025,2025-01-01,FY2026,FQ2,6
20250905,2025-09-05,5,Friday,Fri,5,False,36,9,September,Sep,Sep-2025,2025-09-01,3,Q3,Q3-2025,2025,2025-01-01,FY2026,FQ2,6
20250906,2025-09-06,6,Saturday,Sat,6,True,36,9,September,Sep,Sep-2025,2025-09-01,3,Q3,Q3-2025,2025,2025-01-01,FY2026,FQ2,6
20250907,2025-09-07,7,Sunday,Sun,7,True,36,9,September,Sep,Sep-2025,2025-09-01,3,Q3,Q3-2025,2025,2025-01-01,FY2026,FQ2,6
20250908,2025-09-08,8,Monday,Mon,1,False,37,9,September,Sep,Sep-2025,2025-09-01,3,Q3,Q3-2025,2025,2025-01-01,FY2026,FQ2,6
20250909,2025-09-09,9,Tuesday,Tue,2,False,37,9,September,Sep,Sep-2025,2025-09-01,3,Q3,Q3-2025,2025,2025-01-01,FY2026,FQ2,6
20250910,2025-09-10,10,Wednesday,Wed,3,False,37,9,September,Sep,Sep-2025,2025-09-01,3,Q3,Q3-2025,2025,2025-01-01,FY2026,FQ2,6
20250911,2025-09-11,11,Thursday,Thu,4,False,37,9,September,Sep,Sep-2025,2025-09-01,3,Q3,Q3-2025,2025,2025-01-01,FY2026,FQ2,6
20250912,2025-09-12,12,Friday,Fri,5,False,37,9,September,Sep,Sep-2025,2025-09-01,3,Q3,Q3-2025,2025,2025-01-01,FY2026,FQ2,6
20250913,2025-09-13,13,Saturday,Sat,6,True,37,9,September,Sep,Sep-2025,2025-09-01,3,Q3,Q3-2025,2025,2025-01-01,FY2026,FQ2,6
20250914,2025-09-14,14,Sunday,Sun,7,True,37,9,September,Sep,Sep-2025,2025-09-01,3,Q3,Q3-2025,2025,2025-01-01,FY2026,FQ2,6
20250915,2025-09-15,15,Monday,Mon,1,False,38,9,September,Sep,Sep-2025,2025-09-01,3,Q3,Q3-2025,2025,2025-01-01,FY2026,FQ2,6
20250916,2025-09-16,16,Tuesday,Tue,2,False,38,9,September,Sep,Sep-2025,2025-09-01,3,Q3,Q3-2025,2025,2025-01-01,FY2026,FQ2,6
20250917,2025-09-17,17,Wednesday,Wed,3,False,38,9,September,Sep,Sep-2025,2025-09-01,3,Q3,Q3-2025,2025,2025-01-01,FY2026,FQ2,6
20250918,2025-09-18,18,Thursday,Thu,4,False,38,9,September,Sep,Sep-2025,2025-09-01,3,Q3,Q3-2025,2025,2025-01-01,FY2026,FQ2,6
20250919,2025-09-19,19,Friday,Fri,5,False,38,9,September,Sep,Sep-2025,2025-09-01,3,Q3,Q3-2025,2025,2025-01-01,FY2026,FQ2,6
20250920,2025-09-20,20,Saturday,Sat,6,True,38,9,September,Sep,Sep-2025,2025-09-01,3,Q3,Q3-2025,2025,2025-01-01,FY2026,FQ2,6
20250921,2025-09-21,21,Sunday,Sun,7,True,38,9,September,Sep,Sep-2025,2025-09-01,3,Q3,Q3-2025,2025,2025-01-01,FY2026,FQ2,6
20250922,2025-09-22,22,Monday,Mon,1,False,39,9,September,Sep,Sep-2025,2025-09-01,3,Q3,Q3-2025,2025,2025-01-01,FY2026,FQ2,6
20250923,2025-09-23,23,Tuesday,Tue,2,False,39,9,September,Sep,Sep-2025,2025-09-01,3,Q3,Q3-2025,2025,2025-01-01,FY2026,FQ2,6
20250924,2025-09-24,24,Wednesday,Wed,3,False,39,9,September,Sep,Sep-2025,2025-09-01,3,Q3,Q3-2025,2025,2025-01-01,FY2026,FQ2,6
20250925,2025-09-25,25,Thursday,Thu,4,False,39,9,September,Sep,Sep-2025,2025-09-01,3,Q3,Q3-2025,2025,2025-01-01,FY2026,FQ2,6
20250926,2025-09-26,26,Friday,Fri,5,False,39,9,September,Sep,Sep-2025,2025-09-01,3,Q3,Q3-2025,2025,2025-01-01,FY2026,FQ2,6
20250927,2025-09-27,27,Saturday,Sat,6,True,39,9,September,Sep,Sep-2025,2025-09-01,3,Q3,Q3-2025,2025,2025-01-01,FY2026,FQ2,6
20250928,2025-09-28,28,Sunday,Sun,7,True,39,9,September,Sep,Sep-2025,2025-09-01,3,Q3,Q3-2025,2025,2025-01-01,FY2026,FQ2,6
20250929,2025-09-29,29,Monday,Mon,1,False,40,9,September,Sep,Sep-2025,2025-09-01,3,Q3,Q3-2025,2025,2025-01-01,FY2026,FQ2,6
20250930,2025-09-30,30,Tuesday,Tue,2,False,40,9,September,Sep,Sep-2025,2025-09-01,3,Q3,Q3-2025,2025,2025-01-01,FY2026,FQ2,6
20251001,2025-10-01,1,Wednesday,Wed,3,False,40,10,October,Oct,Oct-2025,2025-10-01,4,Q4,Q4-2025,2025,2025-01-01,FY2026,FQ3,7
20251002,2025-10-02,2,Thursday,Thu,4,False,40,10,October,Oct,Oct-2025,2025-10-01,4,Q4,Q4-2025,2025,2025-01-01,FY2026,FQ3,7
20251003,2025-10-03,3,Friday,Fri,5,False,40,10,October,Oct,Oct-2025,2025-10-01,4,Q4,Q4-2025,2025,2025-01-01,FY2026,FQ3,7
20251004,2025-10-04,4,Saturday,Sat,6,True,40,10,October,Oct,Oct-2025,2025-10-01,4,Q4,Q4-2025,2025,2025-01-01,FY2026,FQ3,7
20251005,2025-10-05,5,Sunday,Sun,7,True,40,10,October,Oct,Oct-2025,2025-10-01,4,Q4,Q4-2025,2025,2025-01-01,FY2026,FQ3,7
20251006,2025-10-06,6,Monday,Mon,1,False,41,10,October,Oct,Oct-2025,2025-10-01,4,Q4,Q4-2025,2025,2025-01-01,FY2026,FQ3,7
20251007,2025-10-07,7,Tuesday,Tue,2,False,41,10,October,Oct,Oct-2025,2025-10-01,4,Q4,Q4-2025,2025,2025-01-01,FY2026,FQ3,7
20251008,2025-10-08,8,Wednesday,Wed,3,False,41,10,October,Oct,Oct-2025,2025-10-01,4,Q4,Q4-2025,2025,2025-01-01,FY2026,FQ3,7
20251009,2025-10-09,9,Thursday,Thu,4,False,41,10,October,Oct,Oct-2025,2025-10-01,4,Q4,Q4-2025,2025,2025-01-01,FY2026,FQ3,7
20251010,2025-10-10,10,Friday,Fri,5,False,41,10,October,Oct,Oct-2025,2025-10-01,4,Q4,Q4-2025,2025,2025-01-01,FY2026,FQ3,7
20251011,2025-10-11,11,Saturday,Sat,6,True,41,10,October,Oct,Oct-2025,2025-10-01,4,Q4,Q4-2025,2025,2025-01-01,FY2026,FQ3,7
20251012,2025-10-12,12,Sunday,Sun,7,True,41,10,October,Oct,Oct-2025,2025-10-01,4,Q4,Q4-2025,2025,2025-01-01,FY2026,FQ3,7
20251013,2025-10-13,13,Monday,Mon,1,False,42,10,October,Oct,Oct-2025,2025-10-01,4,Q4,Q4-2025,2025,2025-01-01,FY2026,FQ3,7
20251014,2025-10-14,14,Tuesday,Tue,2,False,42,10,October,Oct,Oct-2025,2025-10-01,4,Q4,Q4-2025,2025,2025-01-01,FY2026,FQ3,7
20251015,2025-10-15,15,Wednesday,Wed,3,False,42,10,October,Oct,Oct-2025,2025-10-01,4,Q4,Q4-2025,2025,2025-01-01,FY2026,FQ3,7
20251016,2025-10-16,16,Thursday,Thu,4,False,42,10,October,Oct,Oct-2025,2025-10-01,4,Q4,Q4-2025,2025,2025-01-01,FY2026,FQ3,7
20251017,2025-10-17,17,Friday,Fri,5,False,42,10,October,Oct,Oct-2025,2025-10-01,4,Q4,Q4-2025,2025,2025-01-01,FY2026,FQ3,7
20251018,2025-10-18,18,Saturday,Sat,6,True,42,10,October,Oct,Oct-2025,2025-10-01,4,Q4,Q4-2025,2025,2025-01-01,FY2026,FQ3,7
20251019,2025-10-19,19,Sunday,Sun,7,True,42,10,October,Oct,Oct-2025,2025-10-01,4,Q4,Q4-2025,2025,2025-01-01,FY2026,FQ3,7
20251020,2025-10-20,20,Monday,Mon,1,False,43,10,October,Oct,Oct-2025,2025-10-01,4,Q4,Q4-2025,2025,2025-01-01,FY2026,FQ3,7
20251021,2025-10-21,21,Tuesday,Tue,2,False,43,10,October,Oct,Oct-2025,2025-10-01,4,Q4,Q4-2025,2025,2025-01-01,FY2026,FQ3,7
20251022,2025-10-22,22,Wednesday,Wed,3,False,43,10,October,Oct,Oct-2025,2025-10-01,4,Q4,Q4-2025,2025,2025-01-01,FY2026,FQ3,7
20251023,2025-10-23,23,Thursday,Thu,4,False,43,10,October,Oct,Oct-2025,2025-10-01,4,Q4,Q4-2025,2025,2025-01-01,FY2026,FQ3,7
20251024,2025-10-24,24,Friday,Fri,5,False,43,10,October,Oct,Oct-2025,2025-10-01,4,Q4,Q4-2025,2025,2025-01-01,FY2026,FQ3,7
20251025,2025-10-25,25,Saturday,Sat,6,True,43,10,October,Oct,Oct-2025,2025-10-01,4,Q4,Q4-2025,2025,2025-01-01,FY2026,FQ3,7
20251026,2025-10-26,26,Sunday,Sun,7,True,43,10,October,Oct,Oct-2025,2025-10-01,4,Q4,Q4-2025,2025,2025-01-01,FY2026,FQ3,7
20251027,2025-10-27,27,Monday,Mon,1,False,44,10,October,Oct,Oct-2025,2025-10-01,4,Q4,Q4-2025,2025,2025-01-01,FY2026,FQ3,7
20251028,2025-10-28,28,Tuesday,Tue,2,False,44,10,October,Oct,Oct-2025,2025-10-01,4,Q4,Q4-2025,2025,2025-01-01,FY2026,FQ3,7
20251029,2025-10-29,29,Wednesday,Wed,3,False,44,10,October,Oct,Oct-2025,2025-10-01,4,Q4,Q4-2025,2025,2025-01-01,FY2026,FQ3,7
20251030,2025-10-30,30,Thursday,Thu,4,False,44,10,October,Oct,Oct-2025,2025-10-01,4,Q4,Q4-2025,2025,2025-01-01,FY2026,FQ3,7
20251031,2025-10-31,31,Friday,Fri,5,False,44,10,October,Oct,Oct-2025,2025-10-01,4,Q4,Q4-2025,2025,2025-01-01,FY2026,FQ3,7
20251101,2025-11-01,1,Saturday,Sat,6,True,44,11,November,Nov,Nov-2025,2025-11-01,4,Q4,Q4-2025,2025,2025-01-01,FY2026,FQ3,8
20251102,2025-11-02,2,Sunday,Sun,7,True,44,11,November,Nov,Nov-2025,2025-11-01,4,Q4,Q4-2025,2025,2025-01-01,FY2026,FQ3,8
20251103,2025-11-03,3,Monday,Mon,1,False,45,11,November,Nov,Nov-2025,2025-11-01,4,Q4,Q4-2025,2025,2025-01-01,FY2026,FQ3,8
20251104,2025-11-04,4,Tuesday,Tue,2,False,45,11,November,Nov,Nov-2025,2025-11-01,4,Q4,Q4-2025,2025,2025-01-01,FY2026,FQ3,8
20251105,2025-11-05,5,Wednesday,Wed,3,False,45,11,November,Nov,Nov-2025,2025-11-01,4,Q4,Q4-2025,2025,2025-01-01,FY2026,FQ3,8
20251106,2025-11-06,6,Thursday,Thu,4,False,45,11,November,Nov,Nov-2025,2025-11-01,4,Q4,Q4-2025,2025,2025-01-01,FY2026,FQ3,8
20251107,2025-11-07,7,Friday,Fri,5,False,45,11,November,Nov,Nov-2025,2025-11-01,4,Q4,Q4-2025,2025,2025-01-01,FY2026,FQ3,8
20251108,2025-11-08,8,Saturday,Sat,6,True,45,11,November,Nov,Nov-2025,2025-11-01,4,Q4,Q4-2025,2025,2025-01-01,FY2026,FQ3,8
20251109,2025-11-09,9,Sunday,Sun,7,True,45,11,November,Nov,Nov-2025,2025-11-01,4,Q4,Q4-2025,2025,2025-01-01,FY2026,FQ3,8
20251110,2025-11-10,10,Monday,Mon,1,False,46,11,November,Nov,Nov-2025,2025-11-01,4,Q4,Q4-2025,2025,2025-01-01,FY2026,FQ3,8
20251111,2025-11-11,11,Tuesday,Tue,2,False,46,11,November,Nov,Nov-2025,2025-11-01,4,Q4,Q4-2025,2025,2025-01-01,FY2026,FQ3,8
20251112,2025-11-12,12,Wednesday,Wed,3,False,46,11,November,Nov,Nov-2025,2025-11-01,4,Q4,Q4-2025,2025,2025-01-01,FY2026,FQ3,8
20251113,2025-11-13,13,Thursday,Thu,4,False,46,11,November,Nov,Nov-2025,2025-11-01,4,Q4,Q4-2025,2025,2025-01-01,FY2026,FQ3,8
20251114,2025-11-14,14,Friday,Fri,5,False,46,11,November,Nov,Nov-2025,2025-11-01,4,Q4,Q4-2025,2025,2025-01-01,FY2026,FQ3,8
20251115,2025-11-15,15,Saturday,Sat,6,True,46,11,November,Nov,Nov-2025,2025-11-01,4,Q4,Q4-2025,2025,2025-01-01,FY2026,FQ3,8
20251116,2025-11-16,16,Sunday,Sun,7,True,46,11,November,Nov,Nov-2025,2025-11-01,4,Q4,Q4-2025,2025,2025-01-01,FY2026,FQ3,8
20251117,2025-11-17,17,Monday,Mon,1,False,47,11,November,Nov,Nov-2025,2025-11-01,4,Q4,Q4-2025,2025,2025-01-01,FY2026,FQ3,8
20251118,2025-11-18,18,Tuesday,Tue,2,False,47,11,November,Nov,Nov-2025,2025-11-01,4,Q4,Q4-2025,2025,2025-01-01,FY2026,FQ3,8
20251119,2025-11-19,19,Wednesday,Wed,3,False,47,11,November,Nov,Nov-2025,2025-11-01,4,Q4,Q4-2025,2025,2025-01-01,FY2026,FQ3,8
20251120,2025-11-20,20,Thursday,Thu,4,False,47,11,November,Nov,Nov-2025,2025-11-01,4,Q4,Q4-2025,2025,2025-01-01,FY2026,FQ3,8
20251121,2025-11-21,21,Friday,Fri,5,False,47,11,November,Nov,Nov-2025,2025-11-01,4,Q4,Q4-2025,2025,2025-01-01,FY2026,FQ3,8
20251122,2025-11-22,22,Saturday,Sat,6,True,47,11,November,Nov,Nov-2025,2025-11-01,4,Q4,Q4-2025,2025,2025-01-01,FY2026,FQ3,8
20251123,2025-11-23,23,Sunday,Sun,7,True,47,11,November,Nov,Nov-2025,2025-11-01,4,Q4,Q4-2025,2025,2025-01-01,FY2026,FQ3,8
20251124,2025-11-24,24,Monday,Mon,1,False,48,11,November,Nov,Nov-2025,2025-11-01,4,Q4,Q4-2025,2025,2025-01-01,FY2026,FQ3,8
20251125,2025-11-25,25,Tuesday,Tue,2,False,48,11,November,Nov,Nov-2025,2025-11-01,4,Q4,Q4-2025,2025,2025-01-01,FY2026,FQ3,8
20251126,2025-11-26,26,Wednesday,Wed,3,False,48,11,November,Nov,Nov-2025,2025-11-01,4,Q4,Q4-2025,2025,2025-01-01,FY2026,FQ3,8
20251127,2025-11-27,27,Thursday,Thu,4,False,48,11,November,Nov,Nov-2025,2025-11-01,4,Q4,Q4-2025,2025,2025-01-01,FY2026,FQ3,8
20251128,2025-11-28,28,Friday,Fri,5,False,48,11,November,Nov,Nov-2025,2025-11-01,4,Q4,Q4-2025,2025,2025-01-01,FY2026,FQ3,8
20251129,2025-11-29,29,Saturday,Sat,6,True,48,11,November,Nov,Nov-2025,2025-11-01,4,Q4,Q4-2025,2025,2025-01-01,FY2026,FQ3,8
20251130,2025-11-30,30,Sunday,Sun,7,True,48,11,November,Nov,Nov-2025,2025-11-01,4,Q4,Q4-2025,2025,2025-01-01,FY2026,FQ3,8
20251201,2025-12-01,1,Monday,Mon,1,False,49,12,December,Dec,Dec-2025,2025-12-01,4,Q4,Q4-2025,2025,2025-01-01,FY2026,FQ3,9
20251202,2025-12-02,2,Tuesday,Tue,2,False,49,12,December,Dec,Dec-2025,2025-12-01,4,Q4,Q4-2025,2025,2025-01-01,FY2026,FQ3,9
20251203,2025-12-03,3,Wednesday,Wed,3,False,49,12,December,Dec,Dec-2025,2025-12-01,4,Q4,Q4-2025,2025,2025-01-01,FY2026,FQ3,9
20251204,2025-12-04,4,Thursday,Thu,4,False,49,12,December,Dec,Dec-2025,2025-12-01,4,Q4,Q4-2025,2025,2025-01-01,FY2026,FQ3,9
20251205,2025-12-05,5,Friday,Fri,5,False,49,12,December,Dec,Dec-2025,2025-12-01,4,Q4,Q4-2025,2025,2025-01-01,FY2026,FQ3,9
20251206,2025-12-06,6,Saturday,Sat,6,True,49,12,December,Dec,Dec-2025,2025-12-01,4,Q4,Q4-2025,2025,2025-01-01,FY2026,FQ3,9
20251207,2025-12-07,7,Sunday,Sun,7,True,49,12,December,Dec,Dec-2025,2025-12-01,4,Q4,Q4-2025,2025,2025-01-01,FY2026,FQ3,9
20251208,2025-12-08,8,Monday,Mon,1,False,50,12,December,Dec,Dec-2025,2025-12-01,4,Q4,Q4-2025,2025,2025-01-01,FY2026,FQ3,9
20251209,2025-12-09,9,Tuesday,Tue,2,False,50,12,December,Dec,Dec-2025,2025-12-01,4,Q4,Q4-2025,2025,2025-01-01,FY2026,FQ3,9
20251210,2025-12-10,10,Wednesday,Wed,3,False,50,12,December,Dec,Dec-2025,2025-12-01,4,Q4,Q4-2025,2025,2025-01-01,FY2026,FQ3,9
20251211,2025-12-11,11,Thursday,Thu,4,False,50,12,December,Dec,Dec-2025,2025-12-01,4,Q4,Q4-2025,2025,2025-01-01,FY2026,FQ3,9
20251212,2025-12-12,12,Friday,Fri,5,False,50,12,December,Dec,Dec-2025,2025-12-01,4,Q4,Q4-2025,2025,2025-01-01,FY2026,FQ3,9
20251213,2025-12-13,13,Saturday,Sat,6,True,50,12,December,Dec,Dec-2025,2025-12-01,4,Q4,Q4-2025,2025,2025-01-01,FY2026,FQ3,9
20251214,2025-12-14,14,Sunday,Sun,7,True,50,12,December,Dec,Dec-2025,2025-12-01,4,Q4,Q4-2025,2025,2025-01-01,FY2026,FQ3,9
20251215,2025-12-15,15,Monday,Mon,1,False,51,12,December,Dec,Dec-2025,2025-12-01,4,Q4,Q4-2025,2025,2025-01-01,FY2026,FQ3,9
20251216,2025-12-16,16,Tuesday,Tue,2,False,51,12,December,Dec,Dec-2025,2025-12-01,4,Q4,Q4-2025,2025,2025-01-01,FY2026,FQ3,9
20251217,2025-12-17,17,Wednesday,Wed,3,False,51,12,December,Dec,Dec-2025,2025-12-01,4,Q4,Q4-2025,2025,2025-01-01,FY2026,FQ3,9
20251218,2025-12-18,18,Thursday,Thu,4,False,51,12,December,Dec,Dec-2025,2025-12-01,4,Q4,Q4-2025,2025,2025-01-01,FY2026,FQ3,9
20251219,2025-12-19,19,Friday,Fri,5,False,51,12,December,Dec,Dec-2025,2025-12-01,4,Q4,Q4-2025,2025,2025-01-01,FY2026,FQ3,9
20251220,2025-12-20,20,Saturday,Sat,6,True,51,12,December,Dec,Dec-2025,2025-12-01,4,Q4,Q4-2025,2025,2025-01-01,FY2026,FQ3,9
20251221,2025-12-21,21,Sunday,Sun,7,True,51,12,December,Dec,Dec-2025,2025-12-01,4,Q4,Q4-2025,2025,2025-01-01,FY2026,FQ3,9
20251222,2025-12-22,22,Monday,Mon,1,False,52,12,December,Dec,Dec-2025,2025-12-01,4,Q4,Q4-2025,2025,2025-01-01,FY2026,FQ3,9
20251223,2025-12-23,23,Tuesday,Tue,2,False,52,12,December,Dec,Dec-2025,2025-12-01,4,Q4,Q4-2025,2025,2025-01-01,FY2026,FQ3,9
20251224,2025-12-24,24,Wednesday,Wed,3,False,52,12,December,Dec,Dec-2025,2025-12-01,4,Q4,Q4-2025,2025,2025-01-01,FY2026,FQ3,9
20251225,2025-12-25,25,Thursday,Thu,4,False,52,12,December,Dec,Dec-2025,2025-12-01,4,Q4,Q4-2025,2025,2025-01-01,FY2026,FQ3,9
20251226,2025-12-26,26,Friday,Fri,5,False,52,12,December,Dec,Dec-2025,2025-12-01,4,Q4,Q4-2025,2025,2025-01-01,FY2026,FQ3,9
20251227,2025-12-27,27,Saturday,Sat,6,True,52,12,December,Dec,Dec-2025,2025-12-01,4,Q4,Q4-2025,2025,2025-01-01,FY2026,FQ3,9
20251228,2025-12-28,28,Sunday,Sun,7,True,52,12,December,Dec,Dec-2025,2025-12-01,4,Q4,Q4-2025,2025,2025-01-01,FY2026,FQ3,9
20251229,2025-12-29,29,Monday,Mon,1,False,1,12,December,Dec,Dec-2025,2025-12-01,4,Q4,Q4-2025,2025,2025-01-01,FY2026,FQ3,9
20251230,2025-12-30,30,Tuesday,Tue,2,False,1,12,December,Dec,Dec-2025,2025-12-01,4,Q4,Q4-2025,2025,2025-01-01,FY2026,FQ3,9
20251231,2025-12-31,31,Wednesday,Wed,3,False,1,12,December,Dec,Dec-2025,2025-12-01,4,Q4,Q4-2025,2025,2025-01-01,FY2026,FQ3,9
