TransactionID,DateKey,AccountKey,DepartmentKey,CustomerKey,ProductKey,ScenarioKey,Amount,Quantity
1,20230101,1,2,18,8,1,917.08,1
2,20230101,1,2,18,8,2,931.71,11
3,20230101,1,2,25,2,1,39345.04,23
4,20230101,1,2,25,2,2,39972.67,31
5,20230101,1,7,35,7,1,14080.72,16
6,20230101,1,7,35,7,2,14305.34,26
7,20230101,1,9,52,4,1,56806.88,49
8,20230101,1,9,52,4,2,57713.06,2
9,20230101,1,9,12,5,1,10504.95,37
10,20230101,1,9,12,5,2,10672.53,32
11,20230101,1,4,9,1,1,64377.74,35
12,20230101,1,4,9,1,2,65404.7,19
13,20230101,2,5,40,4,1,17778.38,35
14,20230101,2,5,40,4,2,16748.92,48
15,20230101,2,1,35,1,1,18395.53,29
16,20230101,2,1,35,1,2,17330.34,18
17,20230101,2,1,18,2,1,4914.78,35
18,20230101,2,1,18,2,2,4630.19,16
19,20230101,2,9,36,1,1,20737.49,4
20,20230101,2,9,36,1,2,19536.69,33
21,20230101,2,3,48,4,1,18045.97,8
22,20230101,2,3,48,4,2,17001.02,7
23,20230101,2,5,33,8,1,26008.88,12
24,20230101,2,5,33,8,2,24502.84,22
25,20230101,3,2,33,4,1,4151.33,47
26,20230101,3,2,33,4,2,4344.0,33
27,20230101,3,1,48,3,1,717.66,4
28,20230101,3,1,48,3,2,750.97,35
29,20230101,3,5,17,4,1,2545.27,28
30,20230101,3,5,17,4,2,2663.4,30
31,20230101,3,8,53,6,1,613.16,35
32,20230101,3,8,53,6,2,641.62,41
33,20230101,4,9,33,0,1,28199.41,0
34,20230101,4,9,33,0,2,29371.05,0
35,20230101,4,1,21,0,1,5980.49,0
36,20230101,4,1,21,0,2,6228.97,0
37,20230101,4,1,33,0,1,36388.11,0
38,20230101,4,1,33,0,2,37899.98,0
39,20230101,5,1,50,0,1,5505.4,0
40,20230101,5,1,50,0,2,5774.29,0
41,20230101,5,4,22,0,1,20389.74,0
42,20230101,5,4,22,0,2,21385.63,0
43,20230101,5,2,27,0,1,29165.55,0
44,20230101,5,2,27,0,2,30590.07,0
45,20230101,6,2,29,0,1,7364.84,0
46,20230101,6,2,29,0,2,7527.03,0
47,20230101,6,2,26,0,1,4737.8,0
48,20230101,6,2,26,0,2,4842.13,0
49,20230101,6,6,25,0,1,4190.48,0
50,20230101,6,6,25,0,2,4282.76,0
51,20230101,6,4,60,0,1,4254.39,0
52,20230101,6,4,60,0,2,4348.08,0
53,20230101,7,1,51,0,1,9500.42,0
54,20230101,7,1,51,0,2,9128.69,0
55,20230101,7,2,28,0,1,3236.26,0
56,20230101,7,2,28,0,2,3109.63,0
57,20230101,7,3,32,0,1,22231.55,0
58,20230101,7,3,32,0,2,21361.68,0
59,20230101,8,7,49,0,1,11614.98,0
60,20230101,8,7,49,0,2,9345.14,0
61,20230101,8,1,6,0,1,4143.76,0
62,20230101,8,1,6,0,2,3333.98,0
63,20230101,8,2,43,0,1,1755.21,0
64,20230101,8,2,43,0,2,1412.21,0
65,20230101,8,1,33,0,1,41764.18,0
66,20230101,8,1,33,0,2,33602.5,0
67,20230101,8,6,60,0,1,19023.88,0
68,20230101,8,6,60,0,2,15306.18,0
69,20230101,9,9,42,0,1,6924.58,0
70,20230101,9,9,42,0,2,6640.29,0
71,20230101,9,2,17,0,1,811.09,0
72,20230101,9,2,17,0,2,777.79,0
73,20230101,9,2,19,0,1,1988.58,0
74,20230101,9,2,19,0,2,1906.94,0
75,20230101,9,3,55,0,1,4511.86,0
76,20230101,9,3,55,0,2,4326.62,0
77,20230101,9,1,26,0,1,558.79,0
78,20230101,9,1,26,0,2,535.85,0
79,20230101,9,9,23,0,1,534.45,0
80,20230101,9,9,23,0,2,512.51,0
81,20230101,10,3,48,0,1,8873.48,0
82,20230101,10,3,48,0,2,9515.33,0
83,20230101,10,1,45,0,1,3919.06,0
84,20230101,10,1,45,0,2,4202.54,0
85,20230101,10,1,16,0,1,1418.29,0
86,20230101,10,1,16,0,2,1520.88,0
87,20230101,10,3,5,0,1,1267.86,0
88,20230101,10,3,5,0,2,1359.56,0
89,20230101,10,4,55,0,1,2146.42,0
90,20230101,10,4,55,0,2,2301.67,0
91,20230101,11,6,52,0,1,13781.06,0
92,20230101,11,6,52,0,2,13580.52,0
93,20230101,11,1,16,0,1,140.88,0
94,20230101,11,1,16,0,2,138.83,0
95,20230101,11,1,48,0,1,1198.94,0
96,20230101,11,1,48,0,2,1181.49,0
97,20230101,11,6,36,0,1,457.64,0
98,20230101,11,6,36,0,2,450.98,0
99,20230101,11,1,30,0,1,404.06,0
100,20230101,11,1,30,0,2,398.18,0
101,20230101,12,1,31,0,1,1891.1,0
102,20230101,12,1,31,0,2,1942.35,0
103,20230101,12,1,19,0,1,3559.17,0
104,20230101,12,1,19,0,2,3655.64,0
105,20230101,12,3,1,0,1,3750.36,0
106,20230101,12,3,1,0,2,3852.01,0
107,20230101,13,2,60,0,1,167.55,0
108,20230101,13,2,60,0,2,148.71,0
109,20230101,13,1,51,0,1,2354.43,0
110,20230101,13,1,51,0,2,2089.78,0
111,20230101,13,6,12,0,1,61.51,0
112,20230101,13,6,12,0,2,54.6,0
113,20230101,13,2,33,0,1,2017.78,0
114,20230101,13,2,33,0,2,1790.97,0
115,20230101,13,4,43,0,1,6449.9,0
116,20230101,13,4,43,0,2,5724.89,0
117,20230101,13,1,13,0,1,1961.54,0
118,20230101,13,1,13,0,2,1741.05,0
119,20230101,14,6,26,0,1,252.13,0
120,20230101,14,6,26,0,2,243.7,0
121,20230101,14,2,51,0,1,43.65,0
122,20230101,14,2,51,0,2,42.19,0
123,20230101,14,2,4,0,1,235.47,0
124,20230101,14,2,4,0,2,227.6,0
125,20230101,14,4,50,0,1,2726.93,0
126,20230101,14,4,50,0,2,2635.75,0
127,20230101,14,4,29,0,1,175.29,0
128,20230101,14,4,29,0,2,169.43,0
129,20230101,14,1,25,0,1,911.82,0
130,20230101,14,1,25,0,2,881.33,0
131,20230101,15,1,49,0,1,3939.59,0
132,20230101,15,1,49,0,2,4055.66,0
133,20230101,15,5,24,0,1,6012.69,0
134,20230101,15,5,24,0,2,6189.83,0
135,20230101,15,7,32,0,1,6136.51,0
136,20230101,15,7,32,0,2,6317.3,0
137,20230101,15,6,49,0,1,9409.99,0
138,20230101,15,6,49,0,2,9687.21,0
139,20230201,1,6,22,5,1,49709.55,19
140,20230201,1,6,22,5,2,46484.29,49
141,20230201,1,1,41,3,1,50240.64,12
142,20230201,1,1,41,3,2,46980.92,9
143,20230201,1,2,14,7,1,3892.88,19
144,20230201,1,2,14,7,2,3640.3,47
145,20230201,1,1,5,3,1,83283.39,12
146,20230201,1,1,5,3,2,77879.79,25
147,20230201,1,3,21,4,1,25170.07,23
148,20230201,1,3,21,4,2,23536.98,16
149,20230201,2,4,58,4,1,851.05,17
150,20230201,2,4,58,4,2,874.38,38
151,20230201,2,1,13,8,1,19772.65,42
152,20230201,2,1,13,8,2,20314.59,9
153,20230201,2,6,58,2,1,11686.41,5
154,20230201,2,6,58,2,2,12006.72,29
155,20230201,2,1,19,8,1,18112.75,48
156,20230201,2,1,19,8,2,18609.19,45
157,20230201,2,2,52,1,1,51256.24,7
158,20230201,2,2,52,1,2,52661.1,25
159,20230201,3,5,54,7,1,6370.26,27
160,20230201,3,5,54,7,2,6273.63,10
161,20230201,3,7,39,6,1,2147.94,3
162,20230201,3,7,39,6,2,2115.36,45
163,20230201,3,1,28,6,1,396.78,20
164,20230201,3,1,28,6,2,390.76,28
165,20230201,4,7,38,0,1,17563.67,0
166,20230201,4,7,38,0,2,16641.52,0
167,20230201,4,3,58,0,1,11219.88,0
168,20230201,4,3,58,0,2,10630.79,0
169,20230201,4,1,32,0,1,41964.25,0
170,20230201,4,1,32,0,2,39760.98,0
171,20230201,4,3,47,0,1,6020.26,0
172,20230201,4,3,47,0,2,5704.17,0
173,20230201,4,7,54,0,1,4311.72,0
174,20230201,4,7,54,0,2,4085.34,0
175,20230201,5,9,18,0,1,53611.28,0
176,20230201,5,9,18,0,2,51125.83,0
177,20230201,5,1,49,0,1,829.14,0
178,20230201,5,1,49,0,2,790.7,0
179,20230201,5,4,31,0,1,8729.41,0
180,20230201,5,4,31,0,2,8324.71,0
181,20230201,6,1,28,0,1,1116.6,0
182,20230201,6,1,28,0,2,1011.85,0
183,20230201,6,4,8,0,1,10169.26,0
184,20230201,6,4,8,0,2,9215.29,0
185,20230201,6,2,50,0,1,7480.29,0
186,20230201,6,2,50,0,2,6778.57,0
187,20230201,6,1,37,0,1,2058.82,0
188,20230201,6,1,37,0,2,1865.69,0
189,20230201,6,9,27,0,1,3276.69,0
190,20230201,6,9,27,0,2,2969.31,0
191,20230201,7,1,13,0,1,618.91,0
192,20230201,7,1,13,0,2,635.98,0
193,20230201,7,8,6,0,1,6183.07,0
194,20230201,7,8,6,0,2,6353.56,0
195,20230201,7,8,5,0,1,9979.57,0
196,20230201,7,8,5,0,2,10254.73,0
197,20230201,7,4,2,0,1,17395.09,0
198,20230201,7,4,2,0,2,17874.72,0
199,20230201,8,9,27,0,1,3623.33,0
200,20230201,8,9,27,0,2,3851.09,0
201,20230201,8,3,33,0,1,12761.67,0
202,20230201,8,3,33,0,2,13563.86,0
203,20230201,8,3,35,0,1,33477.92,0
204,20230201,8,3,35,0,2,35582.32,0
205,20230201,8,1,21,0,1,1250.43,0
206,20230201,8,1,21,0,2,1329.03,0
207,20230201,8,1,6,0,1,6917.03,0
208,20230201,8,1,6,0,2,7351.84,0
209,20230201,8,4,5,0,1,3677.99,0
210,20230201,8,4,5,0,2,3909.19,0
211,20230201,9,2,21,0,1,2937.24,0
212,20230201,9,2,21,0,2,2858.63,0
213,20230201,9,3,46,0,1,5179.08,0
214,20230201,9,3,46,0,2,5040.48,0
215,20230201,9,1,45,0,1,1864.65,0
216,20230201,9,1,45,0,2,1814.75,0
217,20230201,9,4,1,0,1,2744.66,0
218,20230201,9,4,1,0,2,2671.21,0
219,20230201,9,4,32,0,1,2998.89,0
220,20230201,9,4,32,0,2,2918.64,0
221,20230201,10,3,30,0,1,5983.39,0
222,20230201,10,3,30,0,2,5890.09,0
223,20230201,10,5,17,0,1,2969.08,0
224,20230201,10,5,17,0,2,2922.78,0
225,20230201,10,1,47,0,1,7729.97,0
226,20230201,10,1,47,0,2,7609.44,0
227,20230201,10,3,37,0,1,3245.82,0
228,20230201,10,3,37,0,2,3195.21,0
229,20230201,11,4,34,0,1,3331.2,0
230,20230201,11,4,34,0,2,3364.94,0
231,20230201,11,2,34,0,1,5340.3,0
232,20230201,11,2,34,0,2,5394.4,0
233,20230201,11,4,15,0,1,7625.44,0
234,20230201,11,4,15,0,2,7702.69,0
235,20230201,12,5,10,0,1,1366.12,0
236,20230201,12,5,10,0,2,1276.81,0
237,20230201,12,8,10,0,1,1032.96,0
238,20230201,12,8,10,0,2,965.43,0
239,20230201,12,5,20,0,1,4158.06,0
240,20230201,12,5,20,0,2,3886.22,0
241,20230201,12,3,34,0,1,609.55,0
242,20230201,12,3,34,0,2,569.7,0
243,20230201,12,4,2,0,1,1277.65,0
244,20230201,12,4,2,0,2,1194.12,0
245,20230201,12,2,43,0,1,2061.02,0
246,20230201,12,2,43,0,2,1926.27,0
247,20230201,13,1,8,0,1,4177.66,0
248,20230201,13,1,8,0,2,4146.21,0
249,20230201,13,1,4,0,1,1200.16,0
250,20230201,13,1,4,0,2,1191.12,0
251,20230201,13,2,3,0,1,2098.89,0
252,20230201,13,2,3,0,2,2083.09,0
253,20230201,13,7,27,0,1,2084.33,0
254,20230201,13,7,27,0,2,2068.64,0
255,20230201,13,4,50,0,1,2506.33,0
256,20230201,13,4,50,0,2,2487.47,0
257,20230201,14,1,1,0,1,1062.99,0
258,20230201,14,1,1,0,2,1139.71,0
259,20230201,14,3,12,0,1,1875.84,0
260,20230201,14,3,12,0,2,2011.21,0
261,20230201,14,1,34,0,1,1119.09,0
262,20230201,14,1,34,0,2,1199.84,0
263,20230201,15,5,57,0,1,10510.55,0
264,20230201,15,5,57,0,2,10041.91,0
265,20230201,15,4,56,0,1,17604.41,0
266,20230201,15,4,56,0,2,16819.47,0
267,20230201,15,7,48,0,1,602.19,0
268,20230201,15,7,48,0,2,575.34,0
269,20230301,1,3,56,6,1,3446.8,14
270,20230301,1,3,56,6,2,3408.22,26
271,20230301,1,5,14,8,1,35501.33,2
272,20230301,1,5,14,8,2,35103.96,45
273,20230301,1,1,59,8,1,167345.45,7
274,20230301,1,1,59,8,2,165472.37,3
275,20230301,2,2,25,7,1,34900.71,37
276,20230301,2,2,25,7,2,34738.05,28
277,20230301,2,1,57,1,1,25973.24,39
278,20230301,2,1,57,1,2,25852.18,22
279,20230301,2,2,44,1,1,580.44,17
280,20230301,2,2,44,1,2,577.73,13
281,20230301,2,4,4,2,1,37869.79,3
282,20230301,2,4,4,2,2,37693.29,41
283,20230301,2,3,47,4,1,8200.01,47
284,20230301,2,3,47,4,2,8161.79,22
285,20230301,3,7,34,3,1,4823.61,45
286,20230301,3,7,34,3,2,4340.78,6
287,20230301,3,4,33,5,1,2762.77,22
288,20230301,3,4,33,5,2,2486.22,21
289,20230301,3,1,55,8,1,2389.01,4
290,20230301,3,1,55,8,2,2149.88,30
291,20230301,4,1,37,0,1,2059.04,0
292,20230301,4,1,37,0,2,1958.93,0
293,20230301,4,9,31,0,1,36689.98,0
294,20230301,4,9,31,0,2,34906.12,0
295,20230301,4,7,20,0,1,1281.69,0
296,20230301,4,7,20,0,2,1219.37,0
297,20230301,4,9,4,0,1,41344.46,0
298,20230301,4,9,4,0,2,39334.31,0
299,20230301,4,1,54,0,1,1186.66,0
300,20230301,4,1,54,0,2,1128.96,0
301,20230301,5,1,26,0,1,16541.15,0
302,20230301,5,1,26,0,2,16983.54,0
303,20230301,5,2,19,0,1,12192.07,0
304,20230301,5,2,19,0,2,12518.14,0
305,20230301,5,1,20,0,1,7366.36,0
306,20230301,5,1,20,0,2,7563.37,0
307,20230301,5,1,47,0,1,6227.92,0
308,20230301,5,1,47,0,2,6394.49,0
309,20230301,5,5,14,0,1,17543.14,0
310,20230301,5,5,14,0,2,18012.33,0
311,20230301,6,3,5,0,1,382.22,0
312,20230301,6,3,5,0,2,387.78,0
313,20230301,6,1,44,0,1,2952.0,0
314,20230301,6,1,44,0,2,2994.99,0
315,20230301,6,1,40,0,1,11250.33,0
316,20230301,6,1,40,0,2,11414.17,0
317,20230301,6,6,1,0,1,1617.83,0
318,20230301,6,6,1,0,2,1641.39,0
319,20230301,6,1,9,0,1,3770.87,0
320,20230301,6,1,9,0,2,3825.79,0
321,20230301,6,5,11,0,1,1928.36,0
322,20230301,6,5,11,0,2,1956.44,0
323,20230301,7,5,9,0,1,2149.71,0
324,20230301,7,5,9,0,2,1846.54,0
325,20230301,7,1,35,0,1,13290.54,0
326,20230301,7,1,35,0,2,11416.21,0
327,20230301,7,1,40,0,1,8896.62,0
328,20230301,7,1,40,0,2,7641.95,0
329,20230301,7,5,60,0,1,16800.98,0
330,20230301,7,5,60,0,2,14431.58,0
331,20230301,7,6,8,0,1,665.03,0
332,20230301,7,6,8,0,2,571.24,0
333,20230301,8,4,26,0,1,26969.48,0
334,20230301,8,4,26,0,2,27484.61,0
335,20230301,8,7,25,0,1,3829.0,0
336,20230301,8,7,25,0,2,3902.13,0
337,20230301,8,7,25,0,1,3038.91,0
338,20230301,8,7,25,0,2,3096.95,0
339,20230301,8,4,8,0,1,3051.31,0
340,20230301,8,4,8,0,2,3109.59,0
341,20230301,8,3,14,0,1,28653.8,0
342,20230301,8,3,14,0,2,29201.1,0
343,20230301,9,7,55,0,1,9478.31,0
344,20230301,9,7,55,0,2,9171.38,0
345,20230301,9,3,53,0,1,4809.47,0
346,20230301,9,3,53,0,2,4653.73,0
347,20230301,9,7,51,0,1,1819.16,0
348,20230301,9,7,51,0,2,1760.25,0
349,20230301,10,5,29,0,1,589.88,0
350,20230301,10,5,29,0,2,552.63,0
351,20230301,10,3,30,0,1,13336.48,0
352,20230301,10,3,30,0,2,12494.3,0
353,20230301,10,7,36,0,1,4688.46,0
354,20230301,10,7,36,0,2,4392.39,0
355,20230301,10,9,57,0,1,1935.15,0
356,20230301,10,9,57,0,2,1812.95,0
357,20230301,10,2,37,0,1,711.65,0
358,20230301,10,2,37,0,2,666.71,0
359,20230301,11,6,24,0,1,2115.07,0
360,20230301,11,6,24,0,2,2141.13,0
361,20230301,11,4,15,0,1,3603.39,0
362,20230301,11,4,15,0,2,3647.79,0
363,20230301,11,5,5,0,1,5248.52,0
364,20230301,11,5,5,0,2,5313.19,0
365,20230301,11,3,4,0,1,1049.56,0
366,20230301,11,3,4,0,2,1062.49,0
367,20230301,11,5,2,0,1,4316.33,0
368,20230301,11,5,2,0,2,4369.51,0
369,20230301,11,1,51,0,1,293.91,0
370,20230301,11,1,51,0,2,297.54,0
371,20230301,12,2,6,0,1,1089.33,0
372,20230301,12,2,6,0,2,1045.55,0
373,20230301,12,2,47,0,1,1645.82,0
374,20230301,12,2,47,0,2,1579.67,0
375,20230301,12,2,43,0,1,1194.26,0
376,20230301,12,2,43,0,2,1146.26,0
377,20230301,12,1,13,0,1,2291.24,0
378,20230301,12,1,13,0,2,2199.15,0
379,20230301,12,1,18,0,1,4176.6,0
380,20230301,12,1,18,0,2,4008.73,0
381,20230301,13,5,31,0,1,1784.39,0
382,20230301,13,5,31,0,2,1774.11,0
383,20230301,13,4,54,0,1,214.05,0
384,20230301,13,4,54,0,2,212.81,0
385,20230301,13,1,14,0,1,4983.27,0
386,20230301,13,1,14,0,2,4954.59,0
387,20230301,13,8,22,0,1,3098.97,0
388,20230301,13,8,22,0,2,3081.14,0
389,20230301,13,8,1,0,1,46.24,0
390,20230301,13,8,1,0,2,45.97,0
391,20230301,13,1,21,0,1,2091.86,0
392,20230301,13,1,21,0,2,2079.82,0
393,20230301,14,3,40,0,1,1257.71,0
394,20230301,14,3,40,0,2,1231.79,0
395,20230301,14,4,47,0,1,91.72,0
396,20230301,14,4,47,0,2,89.83,0
397,20230301,14,1,9,0,1,1747.23,0
398,20230301,14,1,9,0,2,1711.21,0
399,20230301,14,1,57,0,1,1404.93,0
400,20230301,14,1,57,0,2,1375.97,0
401,20230301,15,1,59,0,1,10634.87,0
402,20230301,15,1,59,0,2,9936.85,0
403,20230301,15,1,24,0,1,2600.39,0
404,20230301,15,1,24,0,2,2429.71,0
405,20230301,15,3,52,0,1,2719.62,0
406,20230301,15,3,52,0,2,2541.11,0
407,20230301,15,2,24,0,1,10399.08,0
408,20230301,15,2,24,0,2,9716.53,0
409,20230301,15,2,29,0,1,3669.4,0
410,20230301,15,2,29,0,2,3428.55,0
411,20230401,1,3,20,6,1,11082.14,22
412,20230401,1,3,20,6,2,12672.89,28
413,20230401,1,3,40,1,1,8472.38,7
414,20230401,1,3,40,1,2,9688.52,1
415,20230401,1,2,30,7,1,8149.81,19
416,20230401,1,2,30,7,2,9319.64,32
417,20230401,1,3,49,5,1,24674.36,29
418,20230401,1,3,49,5,2,28216.16,30
419,20230401,1,6,19,2,1,126471.49,1
420,20230401,1,6,19,2,2,144625.41,14
421,20230401,2,1,29,7,1,30766.67,39
422,20230401,2,1,29,7,2,29863.2,3
423,20230401,2,2,10,3,1,27109.53,46
424,20230401,2,2,10,3,2,26313.46,34
425,20230401,2,2,23,7,1,43417.93,28
426,20230401,2,2,23,7,2,42142.96,32
427,20230401,2,5,29,8,1,8930.82,1
428,20230401,2,5,29,8,2,8668.57,3
429,20230401,3,3,8,2,1,418.17,35
430,20230401,3,3,8,2,2,371.13,32
431,20230401,3,9,32,8,1,1349.02,46
432,20230401,3,9,32,8,2,1197.25,43
433,20230401,3,9,52,5,1,1731.69,21
434,20230401,3,9,52,5,2,1536.87,14
435,20230401,3,2,48,2,1,793.85,7
436,20230401,3,2,48,2,2,704.54,10
437,20230401,3,1,23,5,1,1614.24,19
438,20230401,3,1,23,5,2,1432.64,48
439,20230401,3,1,36,5,1,4184.55,18
440,20230401,3,1,36,5,2,3713.79,2
441,20230401,4,2,30,0,1,8185.89,0
442,20230401,4,2,30,0,2,7949.06,0
443,20230401,4,2,53,0,1,13016.14,0
444,20230401,4,2,53,0,2,12639.57,0
445,20230401,4,2,52,0,1,24321.6,0
446,20230401,4,2,52,0,2,23617.95,0
447,20230401,4,9,44,0,1,8505.76,0
448,20230401,4,9,44,0,2,8259.68,0
449,20230401,4,1,10,0,1,26672.34,0
450,20230401,4,1,10,0,2,25900.68,0
451,20230401,5,1,14,0,1,8547.55,0
452,20230401,5,1,14,0,2,8052.07,0
453,20230401,5,5,2,0,1,28770.71,0
454,20230401,5,5,2,0,2,27102.95,0
455,20230401,5,4,39,0,1,20574.82,0
456,20230401,5,4,39,0,2,19382.15,0
457,20230401,5,1,22,0,1,7082.33,0
458,20230401,5,1,22,0,2,6671.78,0
459,20230401,6,1,37,0,1,3954.87,0
460,20230401,6,1,37,0,2,4218.97,0
461,20230401,6,4,58,0,1,5949.87,0
462,20230401,6,4,58,0,2,6347.2,0
463,20230401,6,5,53,0,1,2595.34,0
464,20230401,6,5,53,0,2,2768.65,0
465,20230401,6,1,21,0,1,5806.87,0
466,20230401,6,1,21,0,2,6194.64,0
467,20230401,6,1,31,0,1,2371.81,0
468,20230401,6,1,31,0,2,2530.19,0
469,20230401,7,3,17,0,1,14660.28,0
470,20230401,7,3,17,0,2,14343.49,0
471,20230401,7,2,28,0,1,3212.09,0
472,20230401,7,2,28,0,2,3142.68,0
473,20230401,7,5,46,0,1,11157.31,0
474,20230401,7,5,46,0,2,10916.22,0
475,20230401,7,1,60,0,1,7586.42,0
476,20230401,7,1,60,0,2,7422.49,0
477,20230401,8,5,39,0,1,26346.92,0
478,20230401,8,5,39,0,2,25706.49,0
479,20230401,8,4,54,0,1,18199.89,0
480,20230401,8,4,54,0,2,17757.5,0
481,20230401,8,3,47,0,1,23483.59,0
482,20230401,8,3,47,0,2,22912.75,0
483,20230401,9,1,59,0,1,7708.08,0
484,20230401,9,1,59,0,2,7689.82,0
485,20230401,9,4,34,0,1,3680.85,0
486,20230401,9,4,34,0,2,3672.13,0
487,20230401,9,4,2,0,1,675.37,0
488,20230401,9,4,2,0,2,673.77,0
489,20230401,9,1,9,0,1,88.41,0
490,20230401,9,1,9,0,2,88.2,0
491,20230401,9,2,1,0,1,848.89,0
492,20230401,9,2,1,0,2,846.88,0
493,20230401,9,3,43,0,1,2523.09,0
494,20230401,9,3,43,0,2,2517.11,0
495,20230401,10,2,44,0,1,5660.95,0
496,20230401,10,2,44,0,2,5906.94,0
497,20230401,10,6,49,0,1,5318.94,0
498,20230401,10,6,49,0,2,5550.07,0
499,20230401,10,1,10,0,1,3928.14,0
500,20230401,10,1,10,0,2,4098.84,0
501,20230401,10,4,49,0,1,1051.7,0
502,20230401,10,4,49,0,2,1097.4,0
503,20230401,10,1,16,0,1,2953.8,0
504,20230401,10,1,16,0,2,3082.16,0
505,20230401,11,7,12,0,1,2729.46,0
506,20230401,11,7,12,0,2,2360.48,0
507,20230401,11,1,26,0,1,1957.57,0
508,20230401,11,1,26,0,2,1692.93,0
509,20230401,11,1,26,0,1,2734.59,0
510,20230401,11,1,26,0,2,2364.91,0
511,20230401,11,1,10,0,1,2474.45,0
512,20230401,11,1,10,0,2,2139.94,0
513,20230401,11,4,17,0,1,1948.45,0
514,20230401,11,4,17,0,2,1685.04,0
515,20230401,11,1,21,0,1,7573.43,0
516,20230401,11,1,21,0,2,6549.61,0
517,20230401,12,3,30,0,1,1004.88,0
518,20230401,12,3,30,0,2,1120.36,0
519,20230401,12,1,35,0,1,296.65,0
520,20230401,12,1,35,0,2,330.74,0
521,20230401,12,2,42,0,1,2170.68,0
522,20230401,12,2,42,0,2,2420.14,0
523,20230401,12,4,14,0,1,2977.86,0
524,20230401,12,4,14,0,2,3320.08,0
525,20230401,12,4,35,0,1,2427.0,0
526,20230401,12,4,35,0,2,2705.92,0
527,20230401,13,2,49,0,1,486.31,0
528,20230401,13,2,49,0,2,486.84,0
529,20230401,13,3,22,0,1,303.1,0
530,20230401,13,3,22,0,2,303.43,0
531,20230401,13,2,18,0,1,4510.66,0
532,20230401,13,2,18,0,2,4515.61,0
533,20230401,13,3,45,0,1,1572.06,0
534,20230401,13,3,45,0,2,1573.79,0
535,20230401,13,4,2,0,1,4883.33,0
536,20230401,13,4,2,0,2,4888.7,0
537,20230401,13,1,42,0,1,255.84,0
538,20230401,13,1,42,0,2,256.12,0
539,20230401,14,4,56,0,1,637.74,0
540,20230401,14,4,56,0,2,644.66,0
541,20230401,14,1,57,0,1,2458.95,0
542,20230401,14,1,57,0,2,2485.64,0
543,20230401,14,5,25,0,1,171.78,0
544,20230401,14,5,25,0,2,173.64,0
545,20230401,14,2,20,0,1,579.73,0
546,20230401,14,2,20,0,2,586.02,0
547,20230401,14,5,30,0,1,204.46,0
548,20230401,14,5,30,0,2,206.68,0
549,20230401,14,1,45,0,1,260.0,0
550,20230401,14,1,45,0,2,262.82,0
551,20230401,15,1,53,0,1,2107.99,0
552,20230401,15,1,53,0,2,2233.92,0
553,20230401,15,9,9,0,1,11461.72,0
554,20230401,15,9,9,0,2,12146.47,0
555,20230401,15,1,57,0,1,7520.33,0
556,20230401,15,1,57,0,2,7969.61,0
557,20230401,15,4,12,0,1,5320.34,0
558,20230401,15,4,12,0,2,5638.19,0
559,20230501,1,9,59,8,1,65322.98,20
560,20230501,1,9,59,8,2,62592.07,29
561,20230501,1,4,53,3,1,89518.14,45
562,20230501,1,4,53,3,2,85775.72,46
563,20230501,1,1,34,1,1,19476.47,26
564,20230501,1,1,34,1,2,18662.23,41
565,20230501,1,1,3,8,1,29382.04,6
566,20230501,1,1,3,8,2,28153.69,5
567,20230501,1,1,47,7,1,5650.22,49
568,20230501,1,1,47,7,2,5414.0,9
569,20230501,2,9,3,8,1,25998.13,35
570,20230501,2,9,3,8,2,28360.67,38
571,20230501,2,4,47,1,1,21281.81,9
572,20230501,2,4,47,1,2,23215.76,4
573,20230501,2,4,34,3,1,8616.14,41
574,20230501,2,4,34,3,2,9399.12,3
575,20230501,2,1,29,1,1,20698.98,3
576,20230501,2,1,29,1,2,22579.97,25
577,20230501,2,6,42,1,1,19314.2,15
578,20230501,2,6,42,1,2,21069.35,40
579,20230501,3,3,6,5,1,1811.04,48
580,20230501,3,3,6,5,2,1780.58,13
581,20230501,3,7,13,1,1,1608.54,40
582,20230501,3,7,13,1,2,1581.49,45
583,20230501,3,3,29,3,1,1037.52,3
584,20230501,3,3,29,3,2,1020.07,40
585,20230501,3,4,27,5,1,4433.49,45
586,20230501,3,4,27,5,2,4358.93,33
587,20230501,4,1,13,0,1,17932.1,0
588,20230501,4,1,13,0,2,17521.5,0
589,20230501,4,6,25,0,1,49326.1,0
590,20230501,4,6,25,0,2,48196.67,0
591,20230501,4,8,36,0,1,6850.92,0
592,20230501,4,8,36,0,2,6694.05,0
593,20230501,4,4,38,0,1,4167.59,0
594,20230501,4,4,38,0,2,4072.17,0
595,20230501,5,1,43,0,1,32648.17,0
596,20230501,5,1,43,0,2,31966.44,0
597,20230501,5,1,39,0,1,471.7,0
598,20230501,5,1,39,0,2,461.85,0
599,20230501,5,1,36,0,1,27771.91,0
600,20230501,5,1,36,0,2,27192.0,0
601,20230501,6,4,49,0,1,13472.41,0
602,20230501,6,4,49,0,2,13473.59,0
603,20230501,6,3,40,0,1,5346.38,0
604,20230501,6,3,40,0,2,5346.85,0
605,20230501,6,1,60,0,1,48.36,0
606,20230501,6,1,60,0,2,48.37,0
607,20230501,6,1,45,0,1,2554.14,0
608,20230501,6,1,45,0,2,2554.36,0
609,20230501,7,1,37,0,1,221.0,0
610,20230501,7,1,37,0,2,223.03,0
611,20230501,7,1,4,0,1,6725.82,0
612,20230501,7,1,4,0,2,6787.72,0
613,20230501,7,1,36,0,1,21783.5,0
614,20230501,7,1,36,0,2,21983.97,0
615,20230501,7,1,27,0,1,5915.14,0
616,20230501,7,1,27,0,2,5969.57,0
617,20230501,8,7,47,0,1,22482.59,0
618,20230501,8,7,47,0,2,21981.45,0
619,20230501,8,9,36,0,1,1272.84,0
620,20230501,8,9,36,0,2,1244.47,0
621,20230501,8,4,52,0,1,15930.73,0
622,20230501,8,4,52,0,2,15575.64,0
623,20230501,8,5,7,0,1,7748.65,0
624,20230501,8,5,7,0,2,7575.93,0
625,20230501,8,1,33,0,1,17707.2,0
626,20230501,8,1,33,0,2,17312.51,0
627,20230501,8,2,15,0,1,854.72,0
628,20230501,8,2,15,0,2,835.67,0
629,20230501,9,1,55,0,1,1094.83,0
630,20230501,9,1,55,0,2,1122.75,0
631,20230501,9,6,11,0,1,592.82,0
632,20230501,9,6,11,0,2,607.93,0
633,20230501,9,1,2,0,1,10850.76,0
634,20230501,9,1,2,0,2,11127.4,0
635,20230501,9,5,20,0,1,1029.98,0
636,20230501,9,5,20,0,2,1056.24,0
637,20230501,9,4,27,0,1,1113.28,0
638,20230501,9,4,27,0,2,1141.66,0
639,20230501,10,4,6,0,1,8479.26,0
640,20230501,10,4,6,0,2,8046.26,0
641,20230501,10,5,5,0,1,460.85,0
642,20230501,10,5,5,0,2,437.31,0
643,20230501,10,9,1,0,1,1593.4,0
644,20230501,10,9,1,0,2,1512.03,0
645,20230501,10,2,38,0,1,8092.09,0
646,20230501,10,2,38,0,2,7678.85,0
647,20230501,10,1,35,0,1,1531.58,0
648,20230501,10,1,35,0,2,1453.37,0
649,20230501,11,1,27,0,1,5007.7,0
650,20230501,11,1,27,0,2,4938.47,0
651,20230501,11,6,52,0,1,3860.71,0
652,20230501,11,6,52,0,2,3807.34,0
653,20230501,11,1,29,0,1,4743.35,0
654,20230501,11,1,29,0,2,4677.77,0
655,20230501,11,1,53,0,1,1050.0,0
656,20230501,11,1,53,0,2,1035.49,0
657,20230501,11,8,58,0,1,1378.85,0
658,20230501,11,8,58,0,2,1359.79,0
659,20230501,11,4,46,0,1,578.65,0
660,20230501,11,4,46,0,2,570.65,0
661,20230501,12,1,57,0,1,2383.16,0
662,20230501,12,1,57,0,2,2393.62,0
663,20230501,12,1,22,0,1,452.71,0
664,20230501,12,1,22,0,2,454.7,0
665,20230501,12,4,53,0,1,485.24,0
666,20230501,12,4,53,0,2,487.37,0
667,20230501,12,4,8,0,1,4197.65,0
668,20230501,12,4,8,0,2,4216.08,0
669,20230501,12,2,13,0,1,2041.38,0
670,20230501,12,2,13,0,2,2050.34,0
671,20230501,13,4,33,0,1,2409.93,0
672,20230501,13,4,33,0,2,2404.36,0
673,20230501,13,8,41,0,1,3161.42,0
674,20230501,13,8,41,0,2,3154.12,0
675,20230501,13,1,22,0,1,4430.88,0
676,20230501,13,1,22,0,2,4420.64,0
677,20230501,13,5,41,0,1,1667.41,0
678,20230501,13,5,41,0,2,1663.56,0
679,20230501,14,3,28,0,1,440.98,0
680,20230501,14,3,28,0,2,470.04,0
681,20230501,14,5,10,0,1,3439.78,0
682,20230501,14,5,10,0,2,3666.45,0
683,20230501,14,5,50,0,1,75.37,0
684,20230501,14,5,50,0,2,80.34,0
685,20230501,15,2,39,0,1,15069.7,0
686,20230501,15,2,39,0,2,14743.2,0
687,20230501,15,1,39,0,1,605.94,0
688,20230501,15,1,39,0,2,592.81,0
689,20230501,15,1,58,0,1,12245.15,0
690,20230501,15,1,58,0,2,11979.84,0
691,20230601,1,1,59,6,1,49670.25,9
692,20230601,1,1,59,6,2,56604.54,6
693,20230601,1,4,31,8,1,1212.48,41
694,20230601,1,4,31,8,2,1381.76,12
695,20230601,1,7,50,4,1,31997.03,20
696,20230601,1,7,50,4,2,36464.03,47
697,20230601,1,6,7,3,1,87276.45,20
698,20230601,1,6,7,3,2,99460.8,16
699,20230601,2,5,12,7,1,49075.29,12
700,20230601,2,5,12,7,2,45480.35,13
701,20230601,2,3,51,2,1,3114.26,19
702,20230601,2,3,51,2,2,2886.13,46
703,20230601,2,2,8,5,1,13407.22,32
704,20230601,2,2,8,5,2,12425.1,44
705,20230601,2,3,18,3,1,43212.32,22
706,20230601,2,3,18,3,2,40046.87,37
707,20230601,3,1,7,4,1,2330.78,49
708,20230601,3,1,7,4,2,2303.47,30
709,20230601,3,9,58,5,1,2026.32,24
710,20230601,3,9,58,5,2,2002.57,20
711,20230601,3,4,28,4,1,253.49,20
712,20230601,3,4,28,4,2,250.52,24
713,20230601,3,3,51,8,1,1538.91,41
714,20230601,3,3,51,8,2,1520.88,36
715,20230601,3,1,34,8,1,742.76,36
716,20230601,3,1,34,8,2,734.05,2
717,20230601,3,4,36,6,1,1615.51,39
718,20230601,3,4,36,6,2,1596.58,42
719,20230601,4,7,23,0,1,18240.37,0
720,20230601,4,7,23,0,2,19754.2,0
721,20230601,4,4,14,0,1,24130.98,0
722,20230601,4,4,14,0,2,26133.69,0
723,20230601,4,9,55,0,1,2577.01,0
724,20230601,4,9,55,0,2,2790.89,0
725,20230601,4,2,38,0,1,22984.38,0
726,20230601,4,2,38,0,2,24891.93,0
727,20230601,5,4,39,0,1,24940.24,0
728,20230601,5,4,39,0,2,27495.3,0
729,20230601,5,2,2,0,1,4446.28,0
730,20230601,5,2,2,0,2,4901.79,0
731,20230601,5,1,17,0,1,22530.24,0
732,20230601,5,1,17,0,2,24838.39,0
733,20230601,6,2,23,0,1,10878.31,0
734,20230601,6,2,23,0,2,10639.38,0
735,20230601,6,3,11,0,1,50.56,0
736,20230601,6,3,11,0,2,49.45,0
737,20230601,6,7,54,0,1,4947.68,0
738,20230601,6,7,54,0,2,4839.01,0
739,20230601,6,1,10,0,1,5088.95,0
740,20230601,6,1,10,0,2,4977.18,0
741,20230601,7,1,43,0,1,5018.25,0
742,20230601,7,1,43,0,2,5044.53,0
743,20230601,7,8,57,0,1,21556.16,0
744,20230601,7,8,57,0,2,21669.08,0
745,20230601,7,1,20,0,1,6882.66,0
746,20230601,7,1,20,0,2,6918.71,0
747,20230601,8,7,44,0,1,11956.44,0
748,20230601,8,7,44,0,2,11027.15,0
749,20230601,8,3,20,0,1,7059.97,0
750,20230601,8,3,20,0,2,6511.25,0
751,20230601,8,1,2,0,1,20390.51,0
752,20230601,8,1,2,0,2,18805.7,0
753,20230601,8,1,37,0,1,17968.71,0
754,20230601,8,1,37,0,2,16572.13,0
755,20230601,8,8,29,0,1,9655.98,0
756,20230601,8,8,29,0,2,8905.49,0
757,20230601,9,2,49,0,1,492.32,0
758,20230601,9,2,49,0,2,544.8,0
759,20230601,9,4,12,0,1,2275.13,0
760,20230601,9,4,12,0,2,2517.67,0
761,20230601,9,1,53,0,1,10268.02,0
762,20230601,9,1,53,0,2,11362.6,0
763,20230601,10,3,50,0,1,9272.7,0
764,20230601,10,3,50,0,2,8291.78,0
765,20230601,10,2,38,0,1,3116.37,0
766,20230601,10,2,38,0,2,2786.7,0
767,20230601,10,1,45,0,1,6189.67,0
768,20230601,10,1,45,0,2,5534.89,0
769,20230601,10,1,50,0,1,1854.43,0
770,20230601,10,1,50,0,2,1658.26,0
771,20230601,11,1,38,0,1,6806.84,0
772,20230601,11,1,38,0,2,6895.01,0
773,20230601,11,7,22,0,1,913.64,0
774,20230601,11,7,22,0,2,925.48,0
775,20230601,11,1,1,0,1,1076.02,0
776,20230601,11,1,1,0,2,1089.96,0
777,20230601,11,6,26,0,1,6767.04,0
778,20230601,11,6,26,0,2,6854.7,0
779,20230601,12,8,46,0,1,2268.07,0
780,20230601,12,8,46,0,2,2282.15,0
781,20230601,12,8,1,0,1,4790.69,0
782,20230601,12,8,1,0,2,4820.44,0
783,20230601,12,1,16,0,1,1993.27,0
784,20230601,12,1,16,0,2,2005.65,0
785,20230601,12,6,48,0,1,72.76,0
786,20230601,12,6,48,0,2,73.21,0
787,20230601,13,4,9,0,1,6527.18,0
788,20230601,13,4,9,0,2,6537.69,0
789,20230601,13,7,25,0,1,3249.79,0
790,20230601,13,7,25,0,2,3255.03,0
791,20230601,13,7,9,0,1,1315.61,0
792,20230601,13,7,9,0,2,1317.72,0
793,20230601,14,5,41,0,1,1444.91,0
794,20230601,14,5,41,0,2,1467.98,0
795,20230601,14,2,45,0,1,354.89,0
796,20230601,14,2,45,0,2,360.56,0
797,20230601,14,6,24,0,1,271.48,0
798,20230601,14,6,24,0,2,275.81,0
799,20230601,14,2,7,0,1,754.95,0
800,20230601,14,2,7,0,2,767.01,0
801,20230601,14,1,15,0,1,1130.62,0
802,20230601,14,1,15,0,2,1148.68,0
803,20230601,15,2,25,0,1,5408.5,0
804,20230601,15,2,25,0,2,5578.42,0
805,20230601,15,4,32,0,1,5977.66,0
806,20230601,15,4,32,0,2,6165.46,0
807,20230601,15,2,44,0,1,14088.73,0
808,20230601,15,2,44,0,2,14531.36,0
809,20230701,1,3,53,5,1,34728.55,26
810,20230701,1,3,53,5,2,35010.43,25
811,20230701,1,2,34,8,1,30415.5,37
812,20230701,1,2,34,8,2,30662.37,15
813,20230701,1,3,15,3,1,19600.7,48
814,20230701,1,3,15,3,2,19759.79,23
815,20230701,1,6,50,4,1,15036.78,43
816,20230701,1,6,50,4,2,15158.82,45
817,20230701,1,6,43,7,1,62648.08,16
818,20230701,1,6,43,7,2,63156.57,47
819,20230701,1,1,15,1,1,23043.78,36
820,20230701,1,1,15,1,2,23230.82,11
821,20230701,2,1,52,6,1,1472.7,27
822,20230701,2,1,52,6,2,1509.41,29
823,20230701,2,6,35,8,1,64554.42,16
824,20230701,2,6,35,8,2,66163.76,42
825,20230701,2,4,18,2,1,10265.35,49
826,20230701,2,4,18,2,2,10521.27,13
827,20230701,2,2,25,6,1,2533.64,11
828,20230701,2,2,25,6,2,2596.8,7
829,20230701,2,4,10,7,1,15761.91,13
830,20230701,2,4,10,7,2,16154.85,31
831,20230701,3,6,44,8,1,471.01,45
832,20230701,3,6,44,8,2,493.84,42
833,20230701,3,1,13,7,1,5743.7,22
834,20230701,3,1,13,7,2,6022.1,21
835,20230701,3,7,9,2,1,1270.51,9
836,20230701,3,7,9,2,2,1332.09,15
837,20230701,3,4,58,1,1,209.38,42
838,20230701,3,4,58,1,2,219.53,8
839,20230701,4,4,18,0,1,6433.85,0
840,20230701,4,4,18,0,2,6379.89,0
841,20230701,4,5,10,0,1,3988.55,0
842,20230701,4,5,10,0,2,3955.09,0
843,20230701,4,3,50,0,1,22375.49,0
844,20230701,4,3,50,0,2,22187.81,0
845,20230701,4,1,49,0,1,4740.86,0
846,20230701,4,1,49,0,2,4701.09,0
847,20230701,4,5,34,0,1,25516.86,0
848,20230701,4,5,34,0,2,25302.83,0
849,20230701,4,3,21,0,1,8132.58,0
850,20230701,4,3,21,0,2,8064.37,0
851,20230701,5,4,18,0,1,20777.84,0
852,20230701,5,4,18,0,2,19561.59,0
853,20230701,5,2,54,0,1,6071.83,0
854,20230701,5,2,54,0,2,5716.41,0
855,20230701,5,3,41,0,1,20444.73,0
856,20230701,5,3,41,0,2,19247.98,0
857,20230701,5,4,39,0,1,1231.79,0
858,20230701,5,4,39,0,2,1159.69,0
859,20230701,5,2,46,0,1,3126.65,0
860,20230701,5,2,46,0,2,2943.63,0
861,20230701,5,1,26,0,1,6563.6,0
862,20230701,5,1,26,0,2,6179.4,0
863,20230701,6,7,3,0,1,13535.71,0
864,20230701,6,7,3,0,2,12465.51,0
865,20230701,6,2,33,0,1,5021.84,0
866,20230701,6,2,33,0,2,4624.79,0
867,20230701,6,1,41,0,1,1296.9,0
868,20230701,6,1,41,0,2,1194.36,0
869,20230701,6,4,13,0,1,1403.47,0
870,20230701,6,4,13,0,2,1292.51,0
871,20230701,7,4,3,0,1,1565.98,0
872,20230701,7,4,3,0,2,1658.16,0
873,20230701,7,3,58,0,1,22078.41,0
874,20230701,7,3,58,0,2,23377.98,0
875,20230701,7,2,6,0,1,6831.93,0
876,20230701,7,2,6,0,2,7234.07,0
877,20230701,8,3,8,0,1,36049.37,0
878,20230701,8,3,8,0,2,36359.88,0
879,20230701,8,4,58,0,1,7605.01,0
880,20230701,8,4,58,0,2,7670.52,0
881,20230701,8,8,13,0,1,5723.26,0
882,20230701,8,8,13,0,2,5772.56,0
883,20230701,8,4,47,0,1,9200.82,0
884,20230701,8,4,47,0,2,9280.07,0
885,20230701,9,9,3,0,1,2874.67,0
886,20230701,9,9,3,0,2,2876.02,0
887,20230701,9,8,45,0,1,9025.67,0
888,20230701,9,8,45,0,2,9029.93,0
889,20230701,9,1,51,0,1,6.48,0
890,20230701,9,1,51,0,2,6.48,0
891,20230701,9,1,5,0,1,1872.73,0
892,20230701,9,1,5,0,2,1873.61,0
893,20230701,10,5,33,0,1,5856.72,0
894,20230701,10,5,33,0,2,6467.63,0
895,20230701,10,4,12,0,1,1737.42,0
896,20230701,10,4,12,0,2,1918.65,0
897,20230701,10,5,34,0,1,4129.36,0
898,20230701,10,5,34,0,2,4560.09,0
899,20230701,10,1,36,0,1,1646.86,0
900,20230701,10,1,36,0,2,1818.65,0
901,20230701,10,2,50,0,1,2186.37,0
902,20230701,10,2,50,0,2,2414.42,0
903,20230701,10,2,41,0,1,208.89,0
904,20230701,10,2,41,0,2,230.67,0
905,20230701,11,3,52,0,1,558.6,0
906,20230701,11,3,52,0,2,634.44,0
907,20230701,11,1,47,0,1,4859.15,0
908,20230701,11,1,47,0,2,5518.87,0
909,20230701,11,2,38,0,1,3517.89,0
910,20230701,11,2,38,0,2,3995.51,0
911,20230701,11,6,35,0,1,300.43,0
912,20230701,11,6,35,0,2,341.22,0
913,20230701,11,4,42,0,1,2627.19,0
914,20230701,11,4,42,0,2,2983.88,0
915,20230701,11,7,6,0,1,1455.18,0
916,20230701,11,7,6,0,2,1652.75,0
917,20230701,12,4,18,0,1,5133.29,0
918,20230701,12,4,18,0,2,5034.45,0
919,20230701,12,8,18,0,1,1195.13,0
920,20230701,12,8,18,0,2,1172.12,0
921,20230701,12,4,25,0,1,277.52,0
922,20230701,12,4,25,0,2,272.18,0
923,20230701,12,3,54,0,1,1696.43,0
924,20230701,12,3,54,0,2,1663.77,0
925,20230701,12,2,31,0,1,626.82,0
926,20230701,12,2,31,0,2,614.75,0
927,20230701,13,4,34,0,1,3056.97,0
928,20230701,13,4,34,0,2,2691.44,0
929,20230701,13,1,34,0,1,660.55,0
930,20230701,13,1,34,0,2,581.57,0
931,20230701,13,3,15,0,1,5279.22,0
932,20230701,13,3,15,0,2,4647.98,0
933,20230701,13,9,60,0,1,3015.61,0
934,20230701,13,9,60,0,2,2655.03,0
935,20230701,14,4,29,0,1,2195.32,0
936,20230701,14,4,29,0,2,2259.36,0
937,20230701,14,1,2,0,1,368.37,0
938,20230701,14,1,2,0,2,379.11,0
939,20230701,14,4,19,0,1,242.99,0
940,20230701,14,4,19,0,2,250.08,0
941,20230701,14,2,5,0,1,458.75,0
942,20230701,14,2,5,0,2,472.13,0
943,20230701,14,5,10,0,1,376.45,0
944,20230701,14,5,10,0,2,387.44,0
945,20230701,14,1,11,0,1,72.62,0
946,20230701,14,1,11,0,2,74.73,0
947,20230701,15,1,16,0,1,21188.23,0
948,20230701,15,1,16,0,2,20614.71,0
949,20230701,15,4,33,0,1,1407.43,0
950,20230701,15,4,33,0,2,1369.33,0
951,20230701,15,3,39,0,1,790.02,0
952,20230701,15,3,39,0,2,768.63,0
953,20230701,15,1,37,0,1,666.28,0
954,20230701,15,1,37,0,2,648.24,0
955,20230701,15,4,52,0,1,1860.54,0
956,20230701,15,4,52,0,2,1810.18,0
957,20230801,1,1,52,7,1,83039.15,35
958,20230801,1,1,52,7,2,78196.28,7
959,20230801,1,3,22,6,1,63581.2,7
960,20230801,1,3,22,6,2,59873.12,37
961,20230801,1,2,5,6,1,47151.81,2
962,20230801,1,2,5,6,2,44401.91,27
963,20230801,2,1,21,2,1,61070.82,45
964,20230801,2,1,21,2,2,57524.67,21
965,20230801,2,1,37,5,1,6305.27,32
966,20230801,2,1,37,5,2,5939.15,36
967,20230801,2,2,49,4,1,32768.29,11
968,20230801,2,2,49,4,2,30865.56,21
969,20230801,3,6,29,4,1,589.3,29
970,20230801,3,6,29,4,2,614.85,38
971,20230801,3,2,42,5,1,307.96,49
972,20230801,3,2,42,5,2,321.32,41
973,20230801,3,1,56,1,1,259.23,41
974,20230801,3,1,56,1,2,270.47,1
975,20230801,3,6,48,5,1,3810.79,33
976,20230801,3,6,48,5,2,3976.07,10
977,20230801,3,8,60,8,1,531.66,21
978,20230801,3,8,60,8,2,554.72,28
979,20230801,3,4,34,8,1,2009.69,22
980,20230801,3,4,34,8,2,2096.86,8
981,20230801,4,1,57,0,1,12282.05,0
982,20230801,4,1,57,0,2,12250.1,0
983,20230801,4,5,1,0,1,2735.22,0
984,20230801,4,5,1,0,2,2728.1,0
985,20230801,4,1,24,0,1,22478.63,0
986,20230801,4,1,24,0,2,22420.16,0
987,20230801,4,1,17,0,1,12067.5,0
988,20230801,4,1,17,0,2,12036.11,0
989,20230801,4,8,21,0,1,19165.37,0
990,20230801,4,8,21,0,2,19115.52,0
991,20230801,5,1,5,0,1,5596.07,0
992,20230801,5,1,5,0,2,5793.56,0
993,20230801,5,3,54,0,1,4516.66,0
994,20230801,5,3,54,0,2,4676.06,0
995,20230801,5,5,10,0,1,5525.81,0
996,20230801,5,5,10,0,2,5720.82,0
997,20230801,5,1,32,0,1,19134.55,0
998,20230801,5,1,32,0,2,19809.82,0
999,20230801,5,3,17,0,1,13904.84,0
1000,20230801,5,3,17,0,2,14395.55,0
1001,20230801,5,2,40,0,1,2629.92,0
1002,20230801,5,2,40,0,2,2722.74,0
1003,20230801,6,8,55,0,1,261.97,0
1004,20230801,6,8,55,0,2,291.94,0
1005,20230801,6,1,50,0,1,7370.51,0
1006,20230801,6,1,50,0,2,8213.68,0
1007,20230801,6,2,36,0,1,7549.03,0
1008,20230801,6,2,36,0,2,8412.62,0
1009,20230801,6,2,40,0,1,1793.59,0
1010,20230801,6,2,40,0,2,1998.77,0
1011,20230801,7,4,11,0,1,6373.11,0
1012,20230801,7,4,11,0,2,5959.47,0
1013,20230801,7,1,17,0,1,6042.9,0
1014,20230801,7,1,17,0,2,5650.69,0
1015,20230801,7,8,55,0,1,9539.65,0
1016,20230801,7,8,55,0,2,8920.49,0
1017,20230801,7,1,40,0,1,11556.57,0
1018,20230801,7,1,40,0,2,10806.5,0
1019,20230801,8,4,51,0,1,2864.06,0
1020,20230801,8,4,51,0,2,3259.24,0
1021,20230801,8,7,56,0,1,5125.99,0
1022,20230801,8,7,56,0,2,5833.27,0
1023,20230801,8,9,58,0,1,42228.31,0
1024,20230801,8,9,58,0,2,48054.95,0
1025,20230801,9,9,46,0,1,909.72,0
1026,20230801,9,9,46,0,2,1050.02,0
1027,20230801,9,5,7,0,1,5046.13,0
1028,20230801,9,5,7,0,2,5824.39,0
1029,20230801,9,1,32,0,1,713.62,0
1030,20230801,9,1,32,0,2,823.68,0
1031,20230801,9,1,22,0,1,1874.35,0
1032,20230801,9,1,22,0,2,2163.42,0
1033,20230801,9,5,25,0,1,2412.56,0
1034,20230801,9,5,25,0,2,2784.65,0
1035,20230801,9,8,29,0,1,596.28,0
1036,20230801,9,8,29,0,2,688.25,0
1037,20230801,10,3,24,0,1,6373.14,0
1038,20230801,10,3,24,0,2,6713.92,0
1039,20230801,10,2,22,0,1,8381.81,0
1040,20230801,10,2,22,0,2,8830.0,0
1041,20230801,10,3,33,0,1,1182.4,0
1042,20230801,10,3,33,0,2,1245.62,0
1043,20230801,11,3,8,0,1,3248.1,0
1044,20230801,11,3,8,0,2,3249.65,0
1045,20230801,11,3,16,0,1,384.21,0
1046,20230801,11,3,16,0,2,384.4,0
1047,20230801,11,6,44,0,1,564.0,0
1048,20230801,11,6,44,0,2,564.27,0
1049,20230801,11,5,1,0,1,337.81,0
1050,20230801,11,5,1,0,2,337.97,0
1051,20230801,11,1,35,0,1,2953.67,0
1052,20230801,11,1,35,0,2,2955.08,0
1053,20230801,11,2,42,0,1,7194.49,0
1054,20230801,11,2,42,0,2,7197.92,0
1055,20230801,12,2,13,0,1,4063.89,0
1056,20230801,12,2,13,0,2,4490.99,0
1057,20230801,12,3,36,0,1,2944.82,0
1058,20230801,12,3,36,0,2,3254.32,0
1059,20230801,12,1,26,0,1,640.87,0
1060,20230801,12,1,26,0,2,708.23,0
1061,20230801,13,2,11,0,1,79.65,0
1062,20230801,13,2,11,0,2,76.26,0
1063,20230801,13,5,31,0,1,3033.91,0
1064,20230801,13,5,31,0,2,2904.68,0
1065,20230801,13,2,56,0,1,501.27,0
1066,20230801,13,2,56,0,2,479.91,0
1067,20230801,13,3,58,0,1,7027.35,0
1068,20230801,13,3,58,0,2,6728.03,0
1069,20230801,14,1,46,0,1,1628.49,0
1070,20230801,14,1,46,0,2,1745.56,0
1071,20230801,14,2,57,0,1,263.07,0
1072,20230801,14,2,57,0,2,281.98,0
1073,20230801,14,2,17,0,1,159.3,0
1074,20230801,14,2,17,0,2,170.76,0
1075,20230801,14,4,4,0,1,1168.56,0
1076,20230801,14,4,4,0,2,1252.56,0
1077,20230801,14,3,3,0,1,2.02,0
1078,20230801,14,3,3,0,2,2.17,0
1079,20230801,14,1,16,0,1,211.05,0
1080,20230801,14,1,16,0,2,226.23,0
1081,20230801,15,6,31,0,1,4678.39,0
1082,20230801,15,6,31,0,2,5454.11,0
1083,20230801,15,1,19,0,1,4667.73,0
1084,20230801,15,1,19,0,2,5441.68,0
1085,20230801,15,3,46,0,1,5249.81,0
1086,20230801,15,3,46,0,2,6120.28,0
1087,20230801,15,1,24,0,1,6404.19,0
1088,20230801,15,1,24,0,2,7466.07,0
1089,20230901,1,1,49,7,1,14094.41,33
1090,20230901,1,1,49,7,2,13510.17,18
1091,20230901,1,2,49,3,1,104349.54,28
1092,20230901,1,2,49,3,2,100024.09,47
1093,20230901,1,9,60,6,1,43960.04,45
1094,20230901,1,9,60,6,2,42137.83,33
1095,20230901,1,3,4,4,1,27979.49,48
1096,20230901,1,3,4,4,2,26819.7,47
1097,20230901,2,1,52,5,1,8818.84,10
1098,20230901,2,1,52,5,2,9384.86,3
1099,20230901,2,1,49,6,1,35978.68,45
1100,20230901,2,1,49,6,2,38287.91,6
1101,20230901,2,3,45,3,1,10472.48,19
1102,20230901,2,3,45,3,2,11144.64,42
1103,20230901,2,6,26,3,1,10257.64,5
1104,20230901,2,6,26,3,2,10916.01,29
1105,20230901,2,3,20,1,1,22860.44,21
1106,20230901,2,3,20,1,2,24327.71,10
1107,20230901,3,5,6,1,1,244.38,46
1108,20230901,3,5,6,1,2,247.61,44
1109,20230901,3,1,31,4,1,3785.46,24
1110,20230901,3,1,31,4,2,3835.51,25
1111,20230901,3,8,30,8,1,1995.18,44
1112,20230901,3,8,30,8,2,2021.56,42
1113,20230901,3,2,28,7,1,1669.82,35
1114,20230901,3,2,28,7,2,1691.89,28
1115,20230901,4,5,44,0,1,7436.16,0
1116,20230901,4,5,44,0,2,7456.64,0
1117,20230901,4,1,36,0,1,8221.22,0
1118,20230901,4,1,36,0,2,8243.87,0
1119,20230901,4,1,20,0,1,36901.71,0
1120,20230901,4,1,20,0,2,37003.34,0
1121,20230901,4,4,43,0,1,15473.51,0
1122,20230901,4,4,43,0,2,15516.13,0
1123,20230901,5,5,11,0,1,41719.98,0
1124,20230901,5,5,11,0,2,42409.52,0
1125,20230901,5,9,15,0,1,2551.82,0
1126,20230901,5,9,15,0,2,2594.0,0
1127,20230901,5,7,21,0,1,7628.54,0
1128,20230901,5,7,21,0,2,7754.62,0
1129,20230901,6,9,5,0,1,6043.45,0
1130,20230901,6,9,5,0,2,6630.78,0
1131,20230901,6,4,26,0,1,5323.25,0
1132,20230901,6,4,26,0,2,5840.59,0
1133,20230901,6,1,49,0,1,3363.66,0
1134,20230901,6,1,49,0,2,3690.55,0
1135,20230901,6,3,25,0,1,2343.09,0
1136,20230901,6,3,25,0,2,2570.8,0
1137,20230901,7,1,34,0,1,16116.93,0
1138,20230901,7,1,34,0,2,17106.6,0
1139,20230901,7,2,43,0,1,6983.11,0
1140,20230901,7,2,43,0,2,7411.91,0
1141,20230901,7,1,22,0,1,6282.01,0
1142,20230901,7,1,22,0,2,6667.76,0
1143,20230901,8,3,21,0,1,32163.95,0
1144,20230901,8,3,21,0,2,29965.53,0
1145,20230901,8,1,22,0,1,3496.66,0
1146,20230901,8,1,22,0,2,3257.66,0
1147,20230901,8,6,2,0,1,25142.38,0
1148,20230901,8,6,2,0,2,23423.89,0
1149,20230901,9,1,7,0,1,196.8,0
1150,20230901,9,1,7,0,2,183.32,0
1151,20230901,9,7,26,0,1,2199.13,0
1152,20230901,9,7,26,0,2,2048.44,0
1153,20230901,9,2,46,0,1,5025.84,0
1154,20230901,9,2,46,0,2,4681.47,0
1155,20230901,9,5,15,0,1,1881.74,0
1156,20230901,9,5,15,0,2,1752.81,0
1157,20230901,9,1,21,0,1,163.31,0
1158,20230901,9,1,21,0,2,152.12,0
1159,20230901,9,4,52,0,1,4723.13,0
1160,20230901,9,4,52,0,2,4399.5,0
1161,20230901,10,1,3,0,1,667.69,0
1162,20230901,10,1,3,0,2,693.72,0
1163,20230901,10,7,33,0,1,6632.33,0
1164,20230901,10,7,33,0,2,6890.94,0
1165,20230901,10,2,35,0,1,1858.89,0
1166,20230901,10,2,35,0,2,1931.37,0
1167,20230901,10,1,52,0,1,3143.92,0
1168,20230901,10,1,52,0,2,3266.51,0
1169,20230901,10,3,59,0,1,1847.59,0
1170,20230901,10,3,59,0,2,1919.63,0
1171,20230901,10,2,19,0,1,1819.77,0
1172,20230901,10,2,19,0,2,1890.73,0
1173,20230901,11,2,48,0,1,1589.22,0
1174,20230901,11,2,48,0,2,1769.45,0
1175,20230901,11,7,18,0,1,725.98,0
1176,20230901,11,7,18,0,2,808.31,0
1177,20230901,11,1,20,0,1,3376.79,0
1178,20230901,11,1,20,0,2,3759.74,0
1179,20230901,11,3,2,0,1,1848.45,0
1180,20230901,11,3,2,0,2,2058.08,0
1181,20230901,11,2,3,0,1,2159.3,0
1182,20230901,11,2,3,0,2,2404.18,0
1183,20230901,11,2,27,0,1,3429.83,0
1184,20230901,11,2,27,0,2,3818.8,0
1185,20230901,12,2,32,0,1,809.92,0
1186,20230901,12,2,32,0,2,841.59,0
1187,20230901,12,4,43,0,1,3097.56,0
1188,20230901,12,4,43,0,2,3218.71,0
1189,20230901,12,2,30,0,1,3991.92,0
1190,20230901,12,2,30,0,2,4148.05,0
1191,20230901,12,4,54,0,1,148.69,0
1192,20230901,12,4,54,0,2,154.5,0
1193,20230901,13,4,4,0,1,872.16,0
1194,20230901,13,4,4,0,2,940.47,0
1195,20230901,13,9,58,0,1,6679.08,0
1196,20230901,13,9,58,0,2,7202.23,0
1197,20230901,13,3,55,0,1,1777.58,0
1198,20230901,13,3,55,0,2,1916.81,0
1199,20230901,14,5,28,0,1,9.35,0
1200,20230901,14,5,28,0,2,8.95,0
1201,20230901,14,6,52,0,1,604.52,0
1202,20230901,14,6,52,0,2,578.6,0
1203,20230901,14,8,6,0,1,552.26,0
1204,20230901,14,8,6,0,2,528.58,0
1205,20230901,14,5,44,0,1,936.26,0
1206,20230901,14,5,44,0,2,896.12,0
1207,20230901,14,9,2,0,1,1628.12,0
1208,20230901,14,9,2,0,2,1558.31,0
1209,20230901,14,6,44,0,1,60.96,0
1210,20230901,14,6,44,0,2,58.35,0
1211,20230901,15,6,33,0,1,10864.64,0
1212,20230901,15,6,33,0,2,11904.13,0
1213,20230901,15,1,52,0,1,2517.91,0
1214,20230901,15,1,52,0,2,2758.81,0
1215,20230901,15,7,51,0,1,1177.13,0
1216,20230901,15,7,51,0,2,1289.75,0
1217,20230901,15,3,58,0,1,7677.07,0
1218,20230901,15,3,58,0,2,8411.58,0
1219,20231001,1,9,35,1,1,37359.88,20
1220,20231001,1,9,35,1,2,40102.78,16
1221,20231001,1,1,35,8,1,34412.7,28
1222,20231001,1,1,35,8,2,36939.22,47
1223,20231001,1,1,9,4,1,15412.26,1
1224,20231001,1,1,9,4,2,16543.81,8
1225,20231001,1,1,3,4,1,65334.87,25
1226,20231001,1,1,3,4,2,70131.65,47
1227,20231001,1,2,21,3,1,22609.13,46
1228,20231001,1,2,21,3,2,24269.06,14
1229,20231001,2,7,59,3,1,49334.9,23
1230,20231001,2,7,59,3,2,50895.4,27
1231,20231001,2,2,46,6,1,34733.98,14
1232,20231001,2,2,46,6,2,35832.64,36
1233,20231001,2,2,35,3,1,9575.93,30
1234,20231001,2,2,35,3,2,9878.83,14
1235,20231001,3,6,19,6,1,918.97,3
1236,20231001,3,6,19,6,2,920.16,42
1237,20231001,3,4,28,4,1,71.85,45
1238,20231001,3,4,28,4,2,71.94,7
1239,20231001,3,4,9,3,1,2253.71,19
1240,20231001,3,4,9,3,2,2256.63,47
1241,20231001,3,3,56,6,1,4187.04,36
1242,20231001,3,3,56,6,2,4192.47,40
1243,20231001,3,1,9,8,1,549.84,33
1244,20231001,3,1,9,8,2,550.55,25
1245,20231001,4,4,46,0,1,823.6,0
1246,20231001,4,4,46,0,2,803.58,0
1247,20231001,4,2,56,0,1,38925.51,0
1248,20231001,4,2,56,0,2,37979.31,0
1249,20231001,4,1,55,0,1,31920.89,0
1250,20231001,4,1,55,0,2,31144.96,0
1251,20231001,5,3,5,0,1,1360.16,0
1252,20231001,5,3,5,0,2,1464.28,0
1253,20231001,5,1,37,0,1,7862.55,0
1254,20231001,5,1,37,0,2,8464.46,0
1255,20231001,5,4,33,0,1,175.29,0
1256,20231001,5,4,33,0,2,188.71,0
1257,20231001,5,5,9,0,1,4342.91,0
1258,20231001,5,5,9,0,2,4675.38,0
1259,20231001,5,7,4,0,1,26776.1,0
1260,20231001,5,7,4,0,2,28825.9,0
1261,20231001,5,7,34,0,1,9616.91,0
1262,20231001,5,7,34,0,2,10353.12,0
1263,20231001,6,3,15,0,1,6096.39,0
1264,20231001,6,3,15,0,2,6144.34,0
1265,20231001,6,4,26,0,1,441.08,0
1266,20231001,6,4,26,0,2,444.55,0
1267,20231001,6,1,22,0,1,12420.07,0
1268,20231001,6,1,22,0,2,12517.75,0
1269,20231001,7,1,12,0,1,13304.28,0
1270,20231001,7,1,12,0,2,12793.05,0
1271,20231001,7,3,22,0,1,2649.66,0
1272,20231001,7,3,22,0,2,2547.85,0
1273,20231001,7,1,24,0,1,6992.38,0
1274,20231001,7,1,24,0,2,6723.69,0
1275,20231001,7,4,55,0,1,4589.26,0
1276,20231001,7,4,55,0,2,4412.91,0
1277,20231001,7,9,8,0,1,5073.89,0
1278,20231001,7,9,8,0,2,4878.92,0
1279,20231001,7,4,6,0,1,635.0,0
1280,20231001,7,4,6,0,2,610.6,0
1281,20231001,8,1,35,0,1,1690.83,0
1282,20231001,8,1,35,0,2,1712.61,0
1283,20231001,8,3,20,0,1,3632.6,0
1284,20231001,8,3,20,0,2,3679.37,0
1285,20231001,8,1,13,0,1,39891.53,0
1286,20231001,8,1,13,0,2,40405.19,0
1287,20231001,8,3,49,0,1,4511.37,0
1288,20231001,8,3,49,0,2,4569.46,0
1289,20231001,8,1,8,0,1,7373.71,0
1290,20231001,8,1,8,0,2,7468.65,0
1291,20231001,9,2,54,0,1,6568.86,0
1292,20231001,9,2,54,0,2,6889.94,0
1293,20231001,9,8,9,0,1,1185.96,0
1294,20231001,9,8,9,0,2,1243.93,0
1295,20231001,9,6,49,0,1,2197.91,0
1296,20231001,9,6,49,0,2,2305.34,0
1297,20231001,9,4,24,0,1,2041.34,0
1298,20231001,9,4,24,0,2,2141.12,0
1299,20231001,9,3,59,0,1,871.95,0
1300,20231001,9,3,59,0,2,914.57,0
1301,20231001,10,8,45,0,1,11213.81,0
1302,20231001,10,8,45,0,2,10737.35,0
1303,20231001,10,2,44,0,1,457.34,0
1304,20231001,10,2,44,0,2,437.91,0
1305,20231001,10,5,8,0,1,5968.77,0
1306,20231001,10,5,8,0,2,5715.17,0
1307,20231001,11,5,25,0,1,2262.24,0
1308,20231001,11,5,25,0,2,2303.02,0
1309,20231001,11,4,23,0,1,607.81,0
1310,20231001,11,4,23,0,2,618.77,0
1311,20231001,11,5,47,0,1,2285.03,0
1312,20231001,11,5,47,0,2,2326.23,0
1313,20231001,11,1,47,0,1,716.43,0
1314,20231001,11,1,47,0,2,729.35,0
1315,20231001,11,7,18,0,1,2579.43,0
1316,20231001,11,7,18,0,2,2625.93,0
1317,20231001,11,1,30,0,1,6268.25,0
1318,20231001,11,1,30,0,2,6381.25,0
1319,20231001,12,1,58,0,1,541.19,0
1320,20231001,12,1,58,0,2,532.85,0
1321,20231001,12,2,41,0,1,2277.69,0
1322,20231001,12,2,41,0,2,2242.6,0
1323,20231001,12,8,29,0,1,5835.73,0
1324,20231001,12,8,29,0,2,5745.84,0
1325,20231001,13,3,51,0,1,2683.03,0
1326,20231001,13,3,51,0,2,2567.64,0
1327,20231001,13,8,57,0,1,5650.28,0
1328,20231001,13,8,57,0,2,5407.29,0
1329,20231001,13,1,3,0,1,2356.07,0
1330,20231001,13,1,3,0,2,2254.75,0
1331,20231001,14,4,12,0,1,293.03,0
1332,20231001,14,4,12,0,2,310.08,0
1333,20231001,14,2,1,0,1,685.48,0
1334,20231001,14,2,1,0,2,725.39,0
1335,20231001,14,1,15,0,1,1839.73,0
1336,20231001,14,1,15,0,2,1946.83,0
1337,20231001,14,1,21,0,1,665.56,0
1338,20231001,14,1,21,0,2,704.31,0
1339,20231001,15,6,54,0,1,5685.74,0
1340,20231001,15,6,54,0,2,5672.6,0
1341,20231001,15,6,36,0,1,2921.95,0
1342,20231001,15,6,36,0,2,2915.2,0
1343,20231001,15,4,55,0,1,9080.75,0
1344,20231001,15,4,55,0,2,9059.77,0
1345,20231001,15,3,38,0,1,7343.64,0
1346,20231001,15,3,38,0,2,7326.67,0
1347,20231101,1,1,11,8,1,29255.24,32
1348,20231101,1,1,11,8,2,28528.13,36
1349,20231101,1,2,24,7,1,36082.75,34
1350,20231101,1,2,24,7,2,35185.94,28
1351,20231101,1,3,4,5,1,52233.49,1
1352,20231101,1,3,4,5,2,50935.27,1
1353,20231101,1,8,19,5,1,85939.08,10
1354,20231101,1,8,19,5,2,83803.14,18
1355,20231101,2,3,48,4,1,156.39,12
1356,20231101,2,3,48,4,2,138.19,38
1357,20231101,2,3,4,1,1,11324.62,45
1358,20231101,2,3,4,1,2,10006.45,5
1359,20231101,2,1,24,3,1,36440.72,3
1360,20231101,2,1,24,3,2,32199.07,11
1361,20231101,2,1,26,3,1,21051.21,46
1362,20231101,2,1,26,3,2,18600.88,43
1363,20231101,2,2,42,3,1,2479.78,6
1364,20231101,2,2,42,3,2,2191.14,15
1365,20231101,2,3,42,5,1,43626.23,37
1366,20231101,2,3,42,5,2,38548.2,42
1367,20231101,3,9,52,1,1,1097.58,45
1368,20231101,3,9,52,1,2,1084.12,32
1369,20231101,3,2,4,5,1,2082.79,37
1370,20231101,3,2,4,5,2,2057.24,41
1371,20231101,3,3,34,5,1,4914.71,22
1372,20231101,3,3,34,5,2,4854.42,23
1373,20231101,3,3,42,2,1,404.31,32
1374,20231101,3,3,42,2,2,399.35,45
1375,20231101,4,3,1,0,1,3158.02,0
1376,20231101,4,3,1,0,2,3512.33,0
1377,20231101,4,4,24,0,1,11468.1,0
1378,20231101,4,4,24,0,2,12754.74,0
1379,20231101,4,9,13,0,1,18320.78,0
1380,20231101,4,9,13,0,2,20376.23,0
1381,20231101,4,4,11,0,1,4338.94,0
1382,20231101,4,4,11,0,2,4825.73,0
1383,20231101,4,1,17,0,1,28761.52,0
1384,20231101,4,1,17,0,2,31988.34,0
1385,20231101,5,1,17,0,1,18505.03,0
1386,20231101,5,1,17,0,2,18773.47,0
1387,20231101,5,5,54,0,1,21290.06,0
1388,20231101,5,5,54,0,2,21598.9,0
1389,20231101,5,1,27,0,1,4937.14,0
1390,20231101,5,1,27,0,2,5008.76,0
1391,20231101,5,7,11,0,1,11042.41,0
1392,20231101,5,7,11,0,2,11202.6,0
1393,20231101,6,1,17,0,1,3745.36,0
1394,20231101,6,1,17,0,2,3379.0,0
1395,20231101,6,4,41,0,1,10023.52,0
1396,20231101,6,4,41,0,2,9043.04,0
1397,20231101,6,7,12,0,1,687.95,0
1398,20231101,6,7,12,0,2,620.66,0
1399,20231101,6,9,51,0,1,7680.23,0
1400,20231101,6,9,51,0,2,6928.97,0
1401,20231101,7,3,27,0,1,10732.52,0
1402,20231101,7,3,27,0,2,10071.01,0
1403,20231101,7,3,57,0,1,5172.7,0
1404,20231101,7,3,57,0,2,4853.88,0
1405,20231101,7,2,17,0,1,2751.42,0
1406,20231101,7,2,17,0,2,2581.83,0
1407,20231101,7,7,14,0,1,5164.99,0
1408,20231101,7,7,14,0,2,4846.65,0
1409,20231101,7,3,28,0,1,5645.83,0
1410,20231101,7,3,28,0,2,5297.85,0
1411,20231101,7,6,47,0,1,6318.75,0
1412,20231101,7,6,47,0,2,5929.29,0
1413,20231101,8,2,8,0,1,11582.38,0
1414,20231101,8,2,8,0,2,11133.95,0
1415,20231101,8,1,38,0,1,4562.53,0
1416,20231101,8,1,38,0,2,4385.88,0
1417,20231101,8,1,5,0,1,39145.23,0
1418,20231101,8,1,5,0,2,37629.67,0
1419,20231101,8,3,46,0,1,432.25,0
1420,20231101,8,3,46,0,2,415.51,0
1421,20231101,8,1,55,0,1,22.37,0
1422,20231101,8,1,55,0,2,21.5,0
1423,20231101,8,1,32,0,1,7206.31,0
1424,20231101,8,1,32,0,2,6927.31,0
1425,20231101,9,1,19,0,1,855.01,0
1426,20231101,9,1,19,0,2,816.6,0
1427,20231101,9,1,26,0,1,1067.61,0
1428,20231101,9,1,26,0,2,1019.64,0
1429,20231101,9,6,7,0,1,3921.38,0
1430,20231101,9,6,7,0,2,3745.19,0
1431,20231101,9,1,3,0,1,785.26,0
1432,20231101,9,1,3,0,2,749.98,0
1433,20231101,9,5,25,0,1,568.58,0
1434,20231101,9,5,25,0,2,543.04,0
1435,20231101,9,4,15,0,1,7586.32,0
1436,20231101,9,4,15,0,2,7245.46,0
1437,20231101,10,6,1,0,1,24.7,0
1438,20231101,10,6,1,0,2,22.26,0
1439,20231101,10,6,2,0,1,12024.97,0
1440,20231101,10,6,2,0,2,10837.16,0
1441,20231101,10,1,23,0,1,7501.55,0
1442,20231101,10,1,23,0,2,6760.56,0
1443,20231101,11,4,45,0,1,4307.78,0
1444,20231101,11,4,45,0,2,4347.7,0
1445,20231101,11,8,59,0,1,91.88,0
1446,20231101,11,8,59,0,2,92.74,0
1447,20231101,11,7,2,0,1,1353.92,0
1448,20231101,11,7,2,0,2,1366.47,0
1449,20231101,11,1,55,0,1,2950.92,0
1450,20231101,11,1,55,0,2,2978.26,0
1451,20231101,11,6,60,0,1,3704.19,0
1452,20231101,11,6,60,0,2,3738.51,0
1453,20231101,11,5,60,0,1,3187.64,0
1454,20231101,11,5,60,0,2,3217.18,0
1455,20231101,12,2,8,0,1,581.3,0
1456,20231101,12,2,8,0,2,558.62,0
1457,20231101,12,2,56,0,1,3959.71,0
1458,20231101,12,2,56,0,2,3805.2,0
1459,20231101,12,2,27,0,1,2687.56,0
1460,20231101,12,2,27,0,2,2582.7,0
1461,20231101,12,1,39,0,1,2030.95,0
1462,20231101,12,1,39,0,2,1951.7,0
1463,20231101,13,2,25,0,1,4768.6,0
1464,20231101,13,2,25,0,2,5042.06,0
1465,20231101,13,1,17,0,1,659.8,0
1466,20231101,13,1,17,0,2,697.63,0
1467,20231101,13,5,32,0,1,4654.3,0
1468,20231101,13,5,32,0,2,4921.2,0
1469,20231101,14,3,50,0,1,578.45,0
1470,20231101,14,3,50,0,2,559.53,0
1471,20231101,14,5,52,0,1,1647.09,0
1472,20231101,14,5,52,0,2,1593.21,0
1473,20231101,14,2,15,0,1,773.37,0
1474,20231101,14,2,15,0,2,748.07,0
1475,20231101,14,3,4,0,1,969.07,0
1476,20231101,14,3,4,0,2,937.36,0
1477,20231101,15,5,41,0,1,3150.27,0
1478,20231101,15,5,41,0,2,2953.45,0
1479,20231101,15,5,15,0,1,1060.14,0
1480,20231101,15,5,15,0,2,993.91,0
1481,20231101,15,1,49,0,1,13117.0,0
1482,20231101,15,1,49,0,2,12297.48,0
1483,20231101,15,3,26,0,1,10655.69,0
1484,20231101,15,3,26,0,2,9989.95,0
1485,20231201,1,1,5,4,1,20255.26,29
1486,20231201,1,1,5,4,2,19898.38,28
1487,20231201,1,1,1,3,1,76929.22,19
1488,20231201,1,1,1,3,2,75573.79,9
1489,20231201,1,6,44,4,1,4057.39,36
1490,20231201,1,6,44,4,2,3985.9,18
1491,20231201,1,7,13,3,1,114591.76,49
1492,20231201,1,7,13,3,2,112572.74,6
1493,20231201,2,8,25,8,1,14382.42,10
1494,20231201,2,8,25,8,2,13383.99,47
1495,20231201,2,1,21,3,1,5039.53,13
1496,20231201,2,1,21,3,2,4689.68,37
1497,20231201,2,9,44,3,1,96978.8,17
1498,20231201,2,9,44,3,2,90246.48,4
1499,20231201,3,1,54,8,1,2167.84,39
1500,20231201,3,1,54,8,2,2077.48,28
1501,20231201,3,7,35,7,1,235.66,48
1502,20231201,3,7,35,7,2,225.83,18
1503,20231201,3,4,35,4,1,485.25,41
1504,20231201,3,4,35,4,2,465.03,7
1505,20231201,3,5,18,5,1,756.73,13
1506,20231201,3,5,18,5,2,725.19,36
1507,20231201,3,6,16,1,1,5668.09,9
1508,20231201,3,6,16,1,2,5431.83,38
1509,20231201,4,2,8,0,1,45737.82,0
1510,20231201,4,2,8,0,2,41003.4,0
1511,20231201,4,4,18,0,1,40324.03,0
1512,20231201,4,4,18,0,2,36150.0,0
1513,20231201,4,5,6,0,1,1052.3,0
1514,20231201,4,5,6,0,2,943.38,0
1515,20231201,5,4,49,0,1,1188.77,0
1516,20231201,5,4,49,0,2,1137.33,0
1517,20231201,5,1,10,0,1,25418.62,0
1518,20231201,5,1,10,0,2,24318.75,0
1519,20231201,5,3,47,0,1,14000.84,0
1520,20231201,5,3,47,0,2,13395.02,0
1521,20231201,5,6,46,0,1,19192.65,0
1522,20231201,5,6,46,0,2,18362.19,0
1523,20231201,5,1,38,0,1,1978.04,0
1524,20231201,5,1,38,0,2,1892.45,0
1525,20231201,5,2,22,0,1,974.76,0
1526,20231201,5,2,22,0,2,932.58,0
1527,20231201,6,3,36,0,1,5307.28,0
1528,20231201,6,3,36,0,2,5001.59,0
1529,20231201,6,1,26,0,1,4048.99,0
1530,20231201,6,1,26,0,2,3815.78,0
1531,20231201,6,4,20,0,1,5917.3,0
1532,20231201,6,4,20,0,2,5576.48,0
1533,20231201,6,3,16,0,1,7067.7,0
1534,20231201,6,3,16,0,2,6660.61,0
1535,20231201,6,5,40,0,1,77.96,0
1536,20231201,6,5,40,0,2,73.47,0
1537,20231201,7,1,32,0,1,19720.58,0
1538,20231201,7,1,32,0,2,18689.19,0
1539,20231201,7,2,25,0,1,709.26,0
1540,20231201,7,2,25,0,2,672.16,0
1541,20231201,7,5,58,0,1,90.36,0
1542,20231201,7,5,58,0,2,85.64,0
1543,20231201,7,1,57,0,1,7773.27,0
1544,20231201,7,1,57,0,2,7366.72,0
1545,20231201,7,2,16,0,1,8701.11,0
1546,20231201,7,2,16,0,2,8246.04,0
1547,20231201,7,3,53,0,1,677.05,0
1548,20231201,7,3,53,0,2,641.64,0
1549,20231201,8,1,59,0,1,15409.65,0
1550,20231201,8,1,59,0,2,14532.2,0
1551,20231201,8,2,3,0,1,10838.51,0
1552,20231201,8,2,3,0,2,10221.34,0
1553,20231201,8,5,29,0,1,24236.81,0
1554,20231201,8,5,29,0,2,22856.73,0
1555,20231201,8,1,28,0,1,12754.85,0
1556,20231201,8,1,28,0,2,12028.57,0
1557,20231201,8,3,60,0,1,4710.34,0
1558,20231201,8,3,60,0,2,4442.13,0
1559,20231201,9,4,11,0,1,2294.7,0
1560,20231201,9,4,11,0,2,2178.78,0
1561,20231201,9,9,28,0,1,1798.36,0
1562,20231201,9,9,28,0,2,1707.52,0
1563,20231201,9,5,17,0,1,9532.53,0
1564,20231201,9,5,17,0,2,9050.97,0
1565,20231201,9,1,44,0,1,563.2,0
1566,20231201,9,1,44,0,2,534.75,0
1567,20231201,9,4,57,0,1,1558.97,0
1568,20231201,9,4,57,0,2,1480.22,0
1569,20231201,10,7,31,0,1,1341.11,0
1570,20231201,10,7,31,0,2,1186.04,0
1571,20231201,10,4,43,0,1,16586.12,0
1572,20231201,10,4,43,0,2,14668.33,0
1573,20231201,10,6,47,0,1,3107.98,0
1574,20231201,10,6,47,0,2,2748.62,0
1575,20231201,11,8,20,0,1,1530.78,0
1576,20231201,11,8,20,0,2,1410.68,0
1577,20231201,11,4,11,0,1,4802.28,0
1578,20231201,11,4,11,0,2,4425.51,0
1579,20231201,11,1,33,0,1,2879.14,0
1580,20231201,11,1,33,0,2,2653.26,0
1581,20231201,11,8,27,0,1,232.67,0
1582,20231201,11,8,27,0,2,214.42,0
1583,20231201,11,5,32,0,1,4356.86,0
1584,20231201,11,5,32,0,2,4015.04,0
1585,20231201,11,3,21,0,1,4358.02,0
1586,20231201,11,3,21,0,2,4016.11,0
1587,20231201,12,1,30,0,1,4517.65,0
1588,20231201,12,1,30,0,2,4274.9,0
1589,20231201,12,7,8,0,1,1690.64,0
1590,20231201,12,7,8,0,2,1599.8,0
1591,20231201,12,1,43,0,1,2172.28,0
1592,20231201,12,1,43,0,2,2055.55,0
1593,20231201,12,4,17,0,1,1557.45,0
1594,20231201,12,4,17,0,2,1473.76,0
1595,20231201,13,3,56,0,1,7325.14,0
1596,20231201,13,3,56,0,2,6808.11,0
1597,20231201,13,5,26,0,1,1036.46,0
1598,20231201,13,5,26,0,2,963.3,0
1599,20231201,13,3,12,0,1,688.09,0
1600,20231201,13,3,12,0,2,639.52,0
1601,20231201,13,1,25,0,1,1488.95,0
1602,20231201,13,1,25,0,2,1383.85,0
1603,20231201,13,8,23,0,1,159.51,0
1604,20231201,13,8,23,0,2,148.25,0
1605,20231201,13,1,54,0,1,1400.23,0
1606,20231201,13,1,54,0,2,1301.4,0
1607,20231201,14,9,55,0,1,1844.49,0
1608,20231201,14,9,55,0,2,1702.01,0
1609,20231201,14,2,42,0,1,2065.79,0
1610,20231201,14,2,42,0,2,1906.21,0
1611,20231201,14,3,32,0,1,472.5,0
1612,20231201,14,3,32,0,2,436.0,0
1613,20231201,15,3,9,0,1,1778.22,0
1614,20231201,15,3,9,0,2,1619.75,0
1615,20231201,15,6,36,0,1,6404.42,0
1616,20231201,15,6,36,0,2,5833.65,0
1617,20231201,15,2,28,0,1,6874.12,0
1618,20231201,15,2,28,0,2,6261.49,0
1619,20231201,15,1,43,0,1,1111.29,0
1620,20231201,15,1,43,0,2,1012.25,0
1621,20231201,15,1,42,0,1,5210.63,0
1622,20231201,15,1,42,0,2,4746.25,0
1623,20231201,15,2,2,0,1,9241.98,0
1624,20231201,15,2,2,0,2,8418.32,0
1625,20240101,1,1,9,6,1,59348.92,27
1626,20240101,1,1,9,6,2,54270.53,34
1627,20240101,1,9,32,1,1,3138.27,29
1628,20240101,1,9,32,1,2,2869.74,7
1629,20240101,1,2,20,4,1,69504.15,30
1630,20240101,1,2,20,4,2,63556.8,35
1631,20240101,1,1,39,3,1,115125.9,26
1632,20240101,1,1,39,3,2,105274.77,14
1633,20240101,2,2,4,1,1,67723.02,1
1634,20240101,2,2,4,1,2,66819.14,26
1635,20240101,2,8,52,7,1,12635.65,10
1636,20240101,2,8,52,7,2,12467.0,11
1637,20240101,2,5,5,2,1,36299.33,1
1638,20240101,2,5,5,2,2,35814.85,17
1639,20240101,3,4,35,4,1,6623.26,26
1640,20240101,3,4,35,4,2,6391.5,19
1641,20240101,3,1,7,7,1,1920.6,7
1642,20240101,3,1,7,7,2,1853.39,26
1643,20240101,3,7,21,6,1,1264.7,4
1644,20240101,3,7,21,6,2,1220.44,23
1645,20240101,4,2,48,0,1,49663.69,0
1646,20240101,4,2,48,0,2,51888.0,0
1647,20240101,4,6,28,0,1,17774.41,0
1648,20240101,4,6,28,0,2,18570.48,0
1649,20240101,4,4,27,0,1,5170.12,0
1650,20240101,4,4,27,0,2,5401.67,0
1651,20240101,4,1,15,0,1,6663.06,0
1652,20240101,4,1,15,0,2,6961.49,0
1653,20240101,5,4,3,0,1,16244.78,0
1654,20240101,5,4,3,0,2,16197.43,0
1655,20240101,5,3,49,0,1,17624.67,0
1656,20240101,5,3,49,0,2,17573.3,0
1657,20240101,5,3,56,0,1,3938.4,0
1658,20240101,5,3,56,0,2,3926.92,0
1659,20240101,5,2,45,0,1,11538.8,0
1660,20240101,5,2,45,0,2,11505.17,0
1661,20240101,5,1,53,0,1,14383.66,0
1662,20240101,5,1,53,0,2,14341.74,0
1663,20240101,6,5,40,0,1,8383.96,0
1664,20240101,6,5,40,0,2,7819.75,0
1665,20240101,6,1,38,0,1,9855.94,0
1666,20240101,6,1,38,0,2,9192.67,0
1667,20240101,6,1,20,0,1,698.82,0
1668,20240101,6,1,20,0,2,651.8,0
1669,20240101,6,1,51,0,1,4965.16,0
1670,20240101,6,1,51,0,2,4631.02,0
1671,20240101,7,6,14,0,1,9531.98,0
1672,20240101,7,6,14,0,2,8853.98,0
1673,20240101,7,1,48,0,1,13278.1,0
1674,20240101,7,1,48,0,2,12333.64,0
1675,20240101,7,7,54,0,1,3865.67,0
1676,20240101,7,7,54,0,2,3590.71,0
1677,20240101,7,2,16,0,1,2539.74,0
1678,20240101,7,2,16,0,2,2359.09,0
1679,20240101,7,5,21,0,1,2769.24,0
1680,20240101,7,5,21,0,2,2572.27,0
1681,20240101,7,3,8,0,1,8775.84,0
1682,20240101,7,3,8,0,2,8151.63,0
1683,20240101,8,1,34,0,1,12813.75,0
1684,20240101,8,1,34,0,2,13423.59,0
1685,20240101,8,5,9,0,1,14313.71,0
1686,20240101,8,5,9,0,2,14994.94,0
1687,20240101,8,1,32,0,1,37486.15,0
1688,20240101,8,1,32,0,2,39270.2,0
1689,20240101,9,5,51,0,1,810.32,0
1690,20240101,9,5,51,0,2,887.24,0
1691,20240101,9,2,41,0,1,4780.57,0
1692,20240101,9,2,41,0,2,5234.34,0
1693,20240101,9,3,2,0,1,8833.93,0
1694,20240101,9,3,2,0,2,9672.45,0
1695,20240101,10,2,34,0,1,1005.7,0
1696,20240101,10,2,34,0,2,950.97,0
1697,20240101,10,6,29,0,1,523.38,0
1698,20240101,10,6,29,0,2,494.9,0
1699,20240101,10,1,6,0,1,8236.29,0
1700,20240101,10,1,6,0,2,7788.07,0
1701,20240101,10,2,52,0,1,658.74,0
1702,20240101,10,2,52,0,2,622.9,0
1703,20240101,10,1,17,0,1,676.62,0
1704,20240101,10,1,17,0,2,639.8,0
1705,20240101,10,5,12,0,1,9618.56,0
1706,20240101,10,5,12,0,2,9095.11,0
1707,20240101,11,1,52,0,1,2504.6,0
1708,20240101,11,1,52,0,2,2591.26,0
1709,20240101,11,1,14,0,1,1749.15,0
1710,20240101,11,1,14,0,2,1809.68,0
1711,20240101,11,5,14,0,1,650.08,0
1712,20240101,11,5,14,0,2,672.57,0
1713,20240101,11,6,55,0,1,5635.1,0
1714,20240101,11,6,55,0,2,5830.09,0
1715,20240101,11,1,59,0,1,4843.16,0
1716,20240101,11,1,59,0,2,5010.75,0
1717,20240101,11,3,6,0,1,1771.85,0
1718,20240101,11,3,6,0,2,1833.16,0
1719,20240101,12,2,16,0,1,4044.77,0
1720,20240101,12,2,16,0,2,3601.22,0
1721,20240101,12,7,13,0,1,4118.52,0
1722,20240101,12,7,13,0,2,3666.88,0
1723,20240101,12,9,35,0,1,2971.47,0
1724,20240101,12,9,35,0,2,2645.61,0
1725,20240101,13,1,56,0,1,817.93,0
1726,20240101,13,1,56,0,2,801.22,0
1727,20240101,13,8,50,0,1,755.72,0
1728,20240101,13,8,50,0,2,740.27,0
1729,20240101,13,6,19,0,1,4525.11,0
1730,20240101,13,6,19,0,2,4432.64,0
1731,20240101,13,4,52,0,1,2463.99,0
1732,20240101,13,4,52,0,2,2413.64,0
1733,20240101,13,4,60,0,1,3514.31,0
1734,20240101,13,4,60,0,2,3442.5,0
1735,20240101,14,2,17,0,1,2306.15,0
1736,20240101,14,2,17,0,2,2253.31,0
1737,20240101,14,8,5,0,1,982.64,0
1738,20240101,14,8,5,0,2,960.13,0
1739,20240101,14,5,14,0,1,1061.57,0
1740,20240101,14,5,14,0,2,1037.24,0
1741,20240101,15,2,2,0,1,4459.01,0
1742,20240101,15,2,2,0,2,4831.97,0
1743,20240101,15,1,39,0,1,7512.44,0
1744,20240101,15,1,39,0,2,8140.79,0
1745,20240101,15,8,13,0,1,15324.63,0
1746,20240101,15,8,13,0,2,16606.4,0
1747,20240201,1,1,18,7,1,63563.76,10
1748,20240201,1,1,18,7,2,60401.86,41
1749,20240201,1,9,26,6,1,57127.44,29
1750,20240201,1,9,26,6,2,54285.7,10
1751,20240201,1,1,6,2,1,12670.13,5
1752,20240201,1,1,6,2,2,12039.87,28
1753,20240201,1,2,5,2,1,30941.4,26
1754,20240201,1,2,5,2,2,29402.26,20
1755,20240201,1,3,27,1,1,79375.73,12
1756,20240201,1,3,27,1,2,75427.27,7
1757,20240201,1,1,10,2,1,6103.51,25
1758,20240201,1,1,10,2,2,5799.89,35
1759,20240201,2,8,20,3,1,55966.58,41
1760,20240201,2,8,20,3,2,58313.91,20
1761,20240201,2,4,20,3,1,7431.34,47
1762,20240201,2,4,20,3,2,7743.02,2
1763,20240201,2,1,34,6,1,43261.38,3
1764,20240201,2,1,34,6,2,45075.83,6
1765,20240201,2,1,10,1,1,9031.18,33
1766,20240201,2,1,10,1,2,9409.97,32
1767,20240201,3,3,53,7,1,3715.66,22
1768,20240201,3,3,53,7,2,3891.8,48
1769,20240201,3,1,56,6,1,3164.38,36
1770,20240201,3,1,56,6,2,3314.38,34
1771,20240201,3,2,45,4,1,1217.54,1
1772,20240201,3,2,45,4,2,1275.26,49
1773,20240201,3,2,7,1,1,8.57,9
1774,20240201,3,2,7,1,2,8.98,36
1775,20240201,3,8,10,4,1,811.25,9
1776,20240201,3,8,10,4,2,849.7,45
1777,20240201,3,4,32,8,1,528.1,6
1778,20240201,3,4,32,8,2,553.13,48
1779,20240201,4,1,29,0,1,9836.56,0
1780,20240201,4,1,29,0,2,9696.78,0
1781,20240201,4,3,27,0,1,1682.04,0
1782,20240201,4,3,27,0,2,1658.14,0
1783,20240201,4,1,56,0,1,23878.3,0
1784,20240201,4,1,56,0,2,23538.97,0
1785,20240201,4,1,43,0,1,42566.89,0
1786,20240201,4,1,43,0,2,41961.99,0
1787,20240201,4,4,42,0,1,9849.96,0
1788,20240201,4,4,42,0,2,9709.98,0
1789,20240201,5,5,47,0,1,25878.97,0
1790,20240201,5,5,47,0,2,22615.65,0
1791,20240201,5,1,33,0,1,1981.12,0
1792,20240201,5,1,33,0,2,1731.31,0
1793,20240201,5,1,5,0,1,4593.75,0
1794,20240201,5,1,5,0,2,4014.48,0
1795,20240201,5,1,34,0,1,43396.61,0
1796,20240201,5,1,34,0,2,37924.34,0
1797,20240201,6,7,19,0,1,1944.93,0
1798,20240201,6,7,19,0,2,1922.16,0
1799,20240201,6,3,13,0,1,7290.61,0
1800,20240201,6,3,13,0,2,7205.27,0
1801,20240201,6,5,3,0,1,7245.11,0
1802,20240201,6,5,3,0,2,7160.29,0
1803,20240201,6,4,1,0,1,3733.58,0
1804,20240201,6,4,1,0,2,3689.87,0
1805,20240201,6,1,27,0,1,3248.23,0
1806,20240201,6,1,27,0,2,3210.21,0
1807,20240201,7,5,39,0,1,5087.58,0
1808,20240201,7,5,39,0,2,5232.47,0
1809,20240201,7,1,28,0,1,21745.7,0
1810,20240201,7,1,28,0,2,22364.99,0
1811,20240201,7,8,37,0,1,8234.27,0
1812,20240201,7,8,37,0,2,8468.77,0
1813,20240201,7,4,56,0,1,3409.63,0
1814,20240201,7,4,56,0,2,3506.73,0
1815,20240201,8,4,37,0,1,7518.76,0
1816,20240201,8,4,37,0,2,7592.3,0
1817,20240201,8,5,18,0,1,32187.61,0
1818,20240201,8,5,18,0,2,32502.42,0
1819,20240201,8,6,22,0,1,14691.54,0
1820,20240201,8,6,22,0,2,14835.23,0
1821,20240201,8,5,58,0,1,15388.16,0
1822,20240201,8,5,58,0,2,15538.67,0
1823,20240201,9,3,24,0,1,2473.4,0
1824,20240201,9,3,24,0,2,2250.59,0
1825,20240201,9,8,15,0,1,9828.55,0
1826,20240201,9,8,15,0,2,8943.17,0
1827,20240201,9,2,3,0,1,5768.56,0
1828,20240201,9,2,3,0,2,5248.91,0
1829,20240201,10,5,28,0,1,17190.66,0
1830,20240201,10,5,28,0,2,15313.71,0
1831,20240201,10,4,7,0,1,791.37,0
1832,20240201,10,4,7,0,2,704.96,0
1833,20240201,10,5,47,0,1,4845.95,0
1834,20240201,10,5,47,0,2,4316.85,0
1835,20240201,11,1,58,0,1,1682.65,0
1836,20240201,11,1,58,0,2,1764.02,0
1837,20240201,11,6,25,0,1,4667.07,0
1838,20240201,11,6,25,0,2,4892.77,0
1839,20240201,11,6,46,0,1,22.77,0
1840,20240201,11,6,46,0,2,23.87,0
1841,20240201,11,8,32,0,1,7358.76,0
1842,20240201,11,8,32,0,2,7714.63,0
1843,20240201,11,5,46,0,1,1667.8,0
1844,20240201,11,5,46,0,2,1748.46,0
1845,20240201,11,2,42,0,1,2295.09,0
1846,20240201,11,2,42,0,2,2406.08,0
1847,20240201,12,3,22,0,1,758.13,0
1848,20240201,12,3,22,0,2,788.86,0
1849,20240201,12,3,5,0,1,3494.25,0
1850,20240201,12,3,5,0,2,3635.9,0
1851,20240201,12,4,17,0,1,5646.67,0
1852,20240201,12,4,17,0,2,5875.58,0
1853,20240201,13,1,46,0,1,3781.95,0
1854,20240201,13,1,46,0,2,3902.26,0
1855,20240201,13,2,48,0,1,2665.94,0
1856,20240201,13,2,48,0,2,2750.75,0
1857,20240201,13,1,17,0,1,1117.61,0
1858,20240201,13,1,17,0,2,1153.16,0
1859,20240201,13,5,21,0,1,1822.09,0
1860,20240201,13,5,21,0,2,1880.06,0
1861,20240201,13,5,6,0,1,337.73,0
1862,20240201,13,5,6,0,2,348.47,0
1863,20240201,13,5,30,0,1,2163.63,0
1864,20240201,13,5,30,0,2,2232.46,0
1865,20240201,14,2,39,0,1,1973.67,0
1866,20240201,14,2,39,0,2,1976.03,0
1867,20240201,14,1,54,0,1,1710.51,0
1868,20240201,14,1,54,0,2,1712.55,0
1869,20240201,14,1,54,0,1,247.05,0
1870,20240201,14,1,54,0,2,247.35,0
1871,20240201,14,1,28,0,1,466.77,0
1872,20240201,14,1,28,0,2,467.33,0
1873,20240201,15,5,1,0,1,6374.52,0
1874,20240201,15,5,1,0,2,6118.5,0
1875,20240201,15,1,34,0,1,5416.35,0
1876,20240201,15,1,34,0,2,5198.81,0
1877,20240201,15,2,54,0,1,3576.71,0
1878,20240201,15,2,54,0,2,3433.05,0
1879,20240201,15,3,29,0,1,3728.43,0
1880,20240201,15,3,29,0,2,3578.68,0
1881,20240201,15,3,13,0,1,5180.68,0
1882,20240201,15,3,13,0,2,4972.61,0
1883,20240201,15,4,53,0,1,7933.37,0
1884,20240201,15,4,53,0,2,7614.73,0
1885,20240301,1,8,1,1,1,108290.19,17
1886,20240301,1,8,1,1,2,108542.91,43
1887,20240301,1,1,3,7,1,19764.64,29
1888,20240301,1,1,3,7,2,19810.76,43
1889,20240301,1,4,60,8,1,3340.63,25
1890,20240301,1,4,60,8,2,3348.43,28
1891,20240301,1,4,56,1,1,39839.66,29
1892,20240301,1,4,56,1,2,39932.64,22
1893,20240301,1,6,51,4,1,31269.92,41
1894,20240301,1,6,51,4,2,31342.9,7
1895,20240301,1,3,19,3,1,40814.75,2
1896,20240301,1,3,19,3,2,40910.0,41
1897,20240301,2,4,18,3,1,65948.82,48
1898,20240301,2,4,18,3,2,67991.7,2
1899,20240301,2,1,22,6,1,1340.04,12
1900,20240301,2,1,22,6,2,1381.55,47
1901,20240301,2,3,36,7,1,52493.98,28
1902,20240301,2,3,36,7,2,54120.07,49
1903,20240301,3,1,3,3,1,6027.63,3
1904,20240301,3,1,3,3,2,5989.69,14
1905,20240301,3,2,59,7,1,350.46,4
1906,20240301,3,2,59,7,2,348.26,11
1907,20240301,3,4,43,8,1,3801.35,27
1908,20240301,3,4,43,8,2,3777.42,30
1909,20240301,4,1,48,0,1,29653.59,0
1910,20240301,4,1,48,0,2,30331.19,0
1911,20240301,4,1,8,0,1,30772.87,0
1912,20240301,4,1,8,0,2,31476.05,0
1913,20240301,4,3,58,0,1,7782.97,0
1914,20240301,4,3,58,0,2,7960.82,0
1915,20240301,4,5,45,0,1,16653.02,0
1916,20240301,4,5,45,0,2,17033.55,0
1917,20240301,4,2,32,0,1,1669.75,0
1918,20240301,4,2,32,0,2,1707.9,0
1919,20240301,5,4,28,0,1,7561.05,0
1920,20240301,5,4,28,0,2,7973.45,0
1921,20240301,5,2,58,0,1,40667.26,0
1922,20240301,5,2,58,0,2,42885.38,0
1923,20240301,5,7,23,0,1,15913.1,0
1924,20240301,5,7,23,0,2,16781.05,0
1925,20240301,6,1,42,0,1,3630.77,0
1926,20240301,6,1,42,0,2,3553.71,0
1927,20240301,6,2,11,0,1,4239.73,0
1928,20240301,6,2,11,0,2,4149.76,0
1929,20240301,6,1,8,0,1,8782.88,0
1930,20240301,6,1,8,0,2,8596.49,0
1931,20240301,6,4,57,0,1,3452.9,0
1932,20240301,6,4,57,0,2,3379.62,0
1933,20240301,6,1,59,0,1,3996.28,0
1934,20240301,6,1,59,0,2,3911.48,0
1935,20240301,7,1,38,0,1,567.15,0
1936,20240301,7,1,38,0,2,527.2,0
1937,20240301,7,3,3,0,1,8435.05,0
1938,20240301,7,3,3,0,2,7840.99,0
1939,20240301,7,8,30,0,1,3416.96,0
1940,20240301,7,8,30,0,2,3176.31,0
1941,20240301,7,1,30,0,1,12214.7,0
1942,20240301,7,1,30,0,2,11354.44,0
1943,20240301,7,1,28,0,1,7628.75,0
1944,20240301,7,1,28,0,2,7091.47,0
1945,20240301,7,3,46,0,1,11264.42,0
1946,20240301,7,3,46,0,2,10471.09,0
1947,20240301,8,5,15,0,1,28525.39,0
1948,20240301,8,5,15,0,2,26640.62,0
1949,20240301,8,5,23,0,1,46567.76,0
1950,20240301,8,5,23,0,2,43490.87,0
1951,20240301,8,9,24,0,1,1749.61,0
1952,20240301,8,9,24,0,2,1634.0,0
1953,20240301,9,6,60,0,1,694.79,0
1954,20240301,9,6,60,0,2,671.89,0
1955,20240301,9,1,50,0,1,1042.47,0
1956,20240301,9,1,50,0,2,1008.1,0
1957,20240301,9,5,25,0,1,2654.31,0
1958,20240301,9,5,25,0,2,2566.8,0
1959,20240301,9,7,59,0,1,1304.72,0
1960,20240301,9,7,59,0,2,1261.71,0
1961,20240301,9,3,29,0,1,2283.8,0
1962,20240301,9,3,29,0,2,2208.51,0
1963,20240301,9,3,13,0,1,9336.06,0
1964,20240301,9,3,13,0,2,9028.27,0
1965,20240301,10,9,27,0,1,460.23,0
1966,20240301,10,9,27,0,2,467.11,0
1967,20240301,10,9,43,0,1,6402.61,0
1968,20240301,10,9,43,0,2,6498.38,0
1969,20240301,10,8,27,0,1,7781.16,0
1970,20240301,10,8,27,0,2,7897.54,0
1971,20240301,10,6,10,0,1,5699.73,0
1972,20240301,10,6,10,0,2,5784.98,0
1973,20240301,11,5,11,0,1,673.61,0
1974,20240301,11,5,11,0,2,662.11,0
1975,20240301,11,1,60,0,1,8662.38,0
1976,20240301,11,1,60,0,2,8514.43,0
1977,20240301,11,4,35,0,1,2279.12,0
1978,20240301,11,4,35,0,2,2240.19,0
1979,20240301,11,1,31,0,1,370.95,0
1980,20240301,11,1,31,0,2,364.61,0
1981,20240301,11,5,50,0,1,7309.84,0
1982,20240301,11,5,50,0,2,7184.99,0
1983,20240301,12,4,35,0,1,4600.09,0
1984,20240301,12,4,35,0,2,4570.19,0
1985,20240301,12,8,5,0,1,127.16,0
1986,20240301,12,8,5,0,2,126.33,0
1987,20240301,12,7,10,0,1,5810.29,0
1988,20240301,12,7,10,0,2,5772.52,0
1989,20240301,13,2,20,0,1,5329.05,0
1990,20240301,13,2,20,0,2,5451.69,0
1991,20240301,13,3,23,0,1,2201.32,0
1992,20240301,13,3,23,0,2,2251.98,0
1993,20240301,13,8,46,0,1,4632.95,0
1994,20240301,13,8,46,0,2,4739.57,0
1995,20240301,14,9,4,0,1,275.1,0
1996,20240301,14,9,4,0,2,272.96,0
1997,20240301,14,7,42,0,1,493.19,0
1998,20240301,14,7,42,0,2,489.35,0
1999,20240301,14,5,25,0,1,156.35,0
2000,20240301,14,5,25,0,2,155.13,0
2001,20240301,14,3,32,0,1,3572.38,0
2002,20240301,14,3,32,0,2,3544.56,0
2003,20240301,15,4,25,0,1,12450.41,0
2004,20240301,15,4,25,0,2,10944.81,0
2005,20240301,15,4,10,0,1,728.63,0
2006,20240301,15,4,10,0,2,640.52,0
2007,20240301,15,3,1,0,1,16189.83,0
2008,20240301,15,3,1,0,2,14232.03,0
2009,20240301,15,4,4,0,1,6240.64,0
2010,20240301,15,4,4,0,2,5485.97,0
2011,20240301,15,2,40,0,1,349.47,0
2012,20240301,15,2,40,0,2,307.21,0
2013,20240401,1,1,59,3,1,1827.43,15
2014,20240401,1,1,59,3,2,1855.05,12
2015,20240401,1,3,20,6,1,36614.08,38
2016,20240401,1,3,20,6,2,37167.45,3
2017,20240401,1,4,26,6,1,25475.68,13
2018,20240401,1,4,26,6,2,25860.7,13
2019,20240401,1,4,49,6,1,125486.58,2
2020,20240401,1,4,49,6,2,127383.12,36
2021,20240401,1,1,11,8,1,2640.69,44
2022,20240401,1,1,11,8,2,2680.6,40
2023,20240401,1,4,20,8,1,48845.82,29
2024,20240401,1,4,20,8,2,49584.04,40
2025,20240401,2,1,53,7,1,27658.5,24
2026,20240401,2,1,53,7,2,26958.75,9
2027,20240401,2,9,20,5,1,27872.25,42
2028,20240401,2,9,20,5,2,27167.09,17
2029,20240401,2,4,55,1,1,13982.64,8
2030,20240401,2,4,55,1,2,13628.88,15
2031,20240401,2,6,30,6,1,3083.48,20
2032,20240401,2,6,30,6,2,3005.47,39
2033,20240401,2,3,12,1,1,25830.71,17
2034,20240401,2,3,12,1,2,25177.21,42
2035,20240401,2,8,19,6,1,28229.91,11
2036,20240401,2,8,19,6,2,27515.71,34
2037,20240401,3,8,32,4,1,3852.28,15
2038,20240401,3,8,32,4,2,3816.21,37
2039,20240401,3,3,37,6,1,1317.42,40
2040,20240401,3,3,37,6,2,1305.08,8
2041,20240401,3,3,56,7,1,4611.22,40
2042,20240401,3,3,56,7,2,4568.04,11
2043,20240401,3,2,8,5,1,406.58,30
2044,20240401,3,2,8,5,2,402.77,10
2045,20240401,4,7,18,0,1,7251.61,0
2046,20240401,4,7,18,0,2,7483.57,0
2047,20240401,4,2,24,0,1,74563.3,0
2048,20240401,4,2,24,0,2,76948.4,0
2049,20240401,4,1,23,0,1,3753.78,0
2050,20240401,4,1,23,0,2,3873.86,0
2051,20240401,5,1,38,0,1,12015.82,0
2052,20240401,5,1,38,0,2,12824.63,0
2053,20240401,5,5,46,0,1,6529.95,0
2054,20240401,5,5,46,0,2,6969.5,0
2055,20240401,5,2,44,0,1,15026.89,0
2056,20240401,5,2,44,0,2,16038.38,0
2057,20240401,5,1,23,0,1,29530.35,0
2058,20240401,5,1,23,0,2,31518.09,0
2059,20240401,6,2,18,0,1,4329.68,0
2060,20240401,6,2,18,0,2,4282.45,0
2061,20240401,6,4,40,0,1,10795.62,0
2062,20240401,6,4,40,0,2,10677.87,0
2063,20240401,6,4,42,0,1,2846.69,0
2064,20240401,6,4,42,0,2,2815.64,0
2065,20240401,6,2,55,0,1,3887.51,0
2066,20240401,6,2,55,0,2,3845.11,0
2067,20240401,6,6,17,0,1,1819.02,0
2068,20240401,6,6,17,0,2,1799.18,0
2069,20240401,7,3,19,0,1,15358.69,0
2070,20240401,7,3,19,0,2,15913.1,0
2071,20240401,7,4,57,0,1,3237.56,0
2072,20240401,7,4,57,0,2,3354.43,0
2073,20240401,7,6,18,0,1,1513.76,0
2074,20240401,7,6,18,0,2,1568.4,0
2075,20240401,7,1,39,0,1,4686.25,0
2076,20240401,7,1,39,0,2,4855.41,0
2077,20240401,7,3,25,0,1,9435.93,0
2078,20240401,7,3,25,0,2,9776.55,0
2079,20240401,7,3,40,0,1,4729.76,0
2080,20240401,7,3,40,0,2,4900.49,0
2081,20240401,8,9,8,0,1,16178.02,0
2082,20240401,8,9,8,0,2,15677.78,0
2083,20240401,8,2,32,0,1,45820.53,0
2084,20240401,8,2,32,0,2,44403.71,0
2085,20240401,8,1,38,0,1,11593.77,0
2086,20240401,8,1,38,0,2,11235.28,0
2087,20240401,9,8,8,0,1,1045.49,0
2088,20240401,9,8,8,0,2,1112.9,0
2089,20240401,9,3,57,0,1,1666.58,0
2090,20240401,9,3,57,0,2,1774.02,0
2091,20240401,9,5,32,0,1,1259.34,0
2092,20240401,9,5,32,0,2,1340.53,0
2093,20240401,9,5,3,0,1,1030.28,0
2094,20240401,9,5,3,0,2,1096.7,0
2095,20240401,9,7,12,0,1,8914.23,0
2096,20240401,9,7,12,0,2,9488.95,0
2097,20240401,9,3,31,0,1,1716.79,0
2098,20240401,9,3,31,0,2,1827.48,0
2099,20240401,10,1,42,0,1,4824.9,0
2100,20240401,10,1,42,0,2,5343.02,0
2101,20240401,10,5,20,0,1,1075.95,0
2102,20240401,10,5,20,0,2,1191.49,0
2103,20240401,10,2,17,0,1,1063.25,0
2104,20240401,10,2,17,0,2,1177.42,0
2105,20240401,10,1,33,0,1,8949.62,0
2106,20240401,10,1,33,0,2,9910.67,0
2107,20240401,10,3,13,0,1,1240.66,0
2108,20240401,10,3,13,0,2,1373.88,0
2109,20240401,10,1,58,0,1,1319.54,0
2110,20240401,10,1,58,0,2,1461.23,0
2111,20240401,11,3,49,0,1,8799.66,0
2112,20240401,11,3,49,0,2,8248.15,0
2113,20240401,11,5,16,0,1,141.92,0
2114,20240401,11,5,16,0,2,133.02,0
2115,20240401,11,4,54,0,1,1196.02,0
2116,20240401,11,4,54,0,2,1121.06,0
2117,20240401,11,3,17,0,1,807.46,0
2118,20240401,11,3,17,0,2,756.85,0
2119,20240401,11,5,13,0,1,944.18,0
2120,20240401,11,5,13,0,2,885.01,0
2121,20240401,11,5,29,0,1,8298.7,0
2122,20240401,11,5,29,0,2,7778.59,0
2123,20240401,12,8,10,0,1,137.35,0
2124,20240401,12,8,10,0,2,136.97,0
2125,20240401,12,5,53,0,1,1015.4,0
2126,20240401,12,5,53,0,2,1012.62,0
2127,20240401,12,1,52,0,1,1847.45,0
2128,20240401,12,1,52,0,2,1842.39,0
2129,20240401,12,1,57,0,1,3172.19,0
2130,20240401,12,1,57,0,2,3163.49,0
2131,20240401,12,3,54,0,1,4239.05,0
2132,20240401,12,3,54,0,2,4227.43,0
2133,20240401,13,5,14,0,1,2177.24,0
2134,20240401,13,5,14,0,2,1928.7,0
2135,20240401,13,8,8,0,1,314.33,0
2136,20240401,13,8,8,0,2,278.45,0
2137,20240401,13,2,12,0,1,7409.3,0
2138,20240401,13,2,12,0,2,6563.49,0
2139,20240401,13,2,40,0,1,3370.03,0
2140,20240401,13,2,40,0,2,2985.32,0
2141,20240401,13,1,51,0,1,632.52,0
2142,20240401,13,1,51,0,2,560.32,0
2143,20240401,14,6,56,0,1,343.34,0
2144,20240401,14,6,56,0,2,349.17,0
2145,20240401,14,2,50,0,1,1179.17,0
2146,20240401,14,2,50,0,2,1199.19,0
2147,20240401,14,2,45,0,1,2815.9,0
2148,20240401,14,2,45,0,2,2863.7,0
2149,20240401,15,2,40,0,1,8096.61,0
2150,20240401,15,2,40,0,2,7801.78,0
2151,20240401,15,8,28,0,1,1315.11,0
2152,20240401,15,8,28,0,2,1267.22,0
2153,20240401,15,4,6,0,1,4771.25,0
2154,20240401,15,4,6,0,2,4597.51,0
2155,20240401,15,4,38,0,1,7783.89,0
2156,20240401,15,4,38,0,2,7500.45,0
2157,20240401,15,2,38,0,1,4967.02,0
2158,20240401,15,2,38,0,2,4786.15,0
2159,20240401,15,8,51,0,1,5795.73,0
2160,20240401,15,8,51,0,2,5584.68,0
2161,20240501,1,5,41,4,1,19063.74,46
2162,20240501,1,5,41,4,2,21746.99,19
2163,20240501,1,2,35,6,1,190586.26,40
2164,20240501,1,2,35,6,2,217411.57,28
2165,20240501,1,1,18,8,1,595.84,40
2166,20240501,1,1,18,8,2,679.71,33
2167,20240501,2,1,56,4,1,64254.7,31
2168,20240501,2,1,56,4,2,63295.87,24
2169,20240501,2,2,45,1,1,42895.36,34
2170,20240501,2,2,45,1,2,42255.26,3
2171,20240501,2,1,54,2,1,9247.79,9
2172,20240501,2,1,54,2,2,9109.8,26
2173,20240501,2,4,40,2,1,3393.49,19
2174,20240501,2,4,40,2,2,3342.85,3
2175,20240501,2,2,3,2,1,2763.54,27
2176,20240501,2,2,3,2,2,2722.3,16
2177,20240501,3,7,20,4,1,5016.33,23
2178,20240501,3,7,20,4,2,5028.04,4
2179,20240501,3,2,55,8,1,2439.32,1
2180,20240501,3,2,55,8,2,2445.01,25
2181,20240501,3,5,3,2,1,2371.07,21
2182,20240501,3,5,3,2,2,2376.6,25
2183,20240501,4,2,52,0,1,33611.02,0
2184,20240501,4,2,52,0,2,30580.71,0
2185,20240501,4,5,25,0,1,2414.8,0
2186,20240501,4,5,25,0,2,2197.09,0
2187,20240501,4,1,57,0,1,25105.76,0
2188,20240501,4,1,57,0,2,22842.26,0
2189,20240501,4,2,6,0,1,14335.01,0
2190,20240501,4,2,6,0,2,13042.59,0
2191,20240501,4,7,48,0,1,6421.36,0
2192,20240501,4,7,48,0,2,5842.42,0
2193,20240501,4,1,23,0,1,12836.8,0
2194,20240501,4,1,23,0,2,11679.46,0
2195,20240501,5,1,11,0,1,17174.86,0
2196,20240501,5,1,11,0,2,16475.59,0
2197,20240501,5,6,5,0,1,6162.97,0
2198,20240501,5,6,5,0,2,5912.04,0
2199,20240501,5,1,53,0,1,10011.2,0
2200,20240501,5,1,53,0,2,9603.59,0
2201,20240501,5,3,56,0,1,4403.21,0
2202,20240501,5,3,56,0,2,4223.93,0
2203,20240501,5,1,38,0,1,6843.4,0
2204,20240501,5,1,38,0,2,6564.77,0
2205,20240501,5,1,9,0,1,23791.25,0
2206,20240501,5,1,9,0,2,22822.59,0
2207,20240501,6,1,26,0,1,5102.84,0
2208,20240501,6,1,26,0,2,4994.82,0
2209,20240501,6,5,8,0,1,7583.59,0
2210,20240501,6,5,8,0,2,7423.05,0
2211,20240501,6,2,54,0,1,186.28,0
2212,20240501,6,2,54,0,2,182.33,0
2213,20240501,6,3,30,0,1,6071.76,0
2214,20240501,6,3,30,0,2,5943.23,0
2215,20240501,6,1,31,0,1,4291.91,0
2216,20240501,6,1,31,0,2,4201.06,0
2217,20240501,7,1,47,0,1,1038.4,0
2218,20240501,7,1,47,0,2,1073.56,0
2219,20240501,7,3,57,0,1,1089.6,0
2220,20240501,7,3,57,0,2,1126.49,0
2221,20240501,7,3,54,0,1,23671.89,0
2222,20240501,7,3,54,0,2,24473.33,0
2223,20240501,7,7,15,0,1,12308.55,0
2224,20240501,7,7,15,0,2,12725.27,0
2225,20240501,8,1,17,0,1,1483.76,0
2226,20240501,8,1,17,0,2,1405.89,0
2227,20240501,8,2,26,0,1,42211.64,0
2228,20240501,8,2,26,0,2,39996.15,0
2229,20240501,8,1,38,0,1,29472.78,0
2230,20240501,8,1,38,0,2,27925.89,0
2231,20240501,9,5,13,0,1,6052.22,0
2232,20240501,9,5,13,0,2,6596.46,0
2233,20240501,9,3,53,0,1,1463.83,0
2234,20240501,9,3,53,0,2,1595.47,0
2235,20240501,9,1,60,0,1,1091.13,0
2236,20240501,9,1,60,0,2,1189.25,0
2237,20240501,9,1,22,0,1,6234.69,0
2238,20240501,9,1,22,0,2,6795.34,0
2239,20240501,10,2,6,0,1,7391.48,0
2240,20240501,10,2,6,0,2,8820.63,0
2241,20240501,10,4,50,0,1,4867.61,0
2242,20240501,10,4,50,0,2,5808.77,0
2243,20240501,10,9,17,0,1,213.12,0
2244,20240501,10,9,17,0,2,254.33,0
2245,20240501,10,8,14,0,1,4143.1,0
2246,20240501,10,8,14,0,2,4944.17,0
2247,20240501,11,1,35,0,1,2967.26,0
2248,20240501,11,1,35,0,2,2963.24,0
2249,20240501,11,2,48,0,1,6137.91,0
2250,20240501,11,2,48,0,2,6129.58,0
2251,20240501,11,1,24,0,1,186.12,0
2252,20240501,11,1,24,0,2,185.87,0
2253,20240501,11,4,17,0,1,4884.45,0
2254,20240501,11,4,17,0,2,4877.82,0
2255,20240501,11,7,50,0,1,4317.47,0
2256,20240501,11,7,50,0,2,4311.61,0
2257,20240501,12,3,37,0,1,2092.91,0
2258,20240501,12,3,37,0,2,2164.94,0
2259,20240501,12,1,47,0,1,4941.5,0
2260,20240501,12,1,47,0,2,5111.58,0
2261,20240501,12,2,40,0,1,2703.71,0
2262,20240501,12,2,40,0,2,2796.76,0
2263,20240501,13,1,8,0,1,873.35,0
2264,20240501,13,1,8,0,2,848.94,0
2265,20240501,13,3,43,0,1,1277.47,0
2266,20240501,13,3,43,0,2,1241.77,0
2267,20240501,13,1,39,0,1,3753.57,0
2268,20240501,13,1,39,0,2,3648.66,0
2269,20240501,13,1,8,0,1,6363.68,0
2270,20240501,13,1,8,0,2,6185.83,0
2271,20240501,14,5,18,0,1,1488.44,0
2272,20240501,14,5,18,0,2,1504.44,0
2273,20240501,14,1,53,0,1,1356.82,0
2274,20240501,14,1,53,0,2,1371.41,0
2275,20240501,14,3,60,0,1,551.59,0
2276,20240501,14,3,60,0,2,557.52,0
2277,20240501,14,3,45,0,1,543.27,0
2278,20240501,14,3,45,0,2,549.11,0
2279,20240501,14,4,30,0,1,282.19,0
2280,20240501,14,4,30,0,2,285.22,0
2281,20240501,15,1,58,0,1,1336.28,0
2282,20240501,15,1,58,0,2,1234.74,0
2283,20240501,15,3,37,0,1,17153.76,0
2284,20240501,15,3,37,0,2,15850.21,0
2285,20240501,15,7,6,0,1,8146.35,0
2286,20240501,15,7,6,0,2,7527.29,0
2287,20240501,15,2,59,0,1,6675.22,0
2288,20240501,15,2,59,0,2,6167.95,0
2289,20240601,1,5,5,8,1,9238.6,22
2290,20240601,1,5,5,8,2,9161.44,6
2291,20240601,1,3,1,4,1,186.24,22
2292,20240601,1,3,1,4,2,184.68,48
2293,20240601,1,4,13,3,1,111548.32,42
2294,20240601,1,4,13,3,2,110616.75,3
2295,20240601,1,9,12,7,1,98190.83,14
2296,20240601,1,9,12,7,2,97370.82,33
2297,20240601,1,3,59,1,1,14632.16,9
2298,20240601,1,3,59,1,2,14509.97,23
2299,20240601,2,7,57,6,1,21832.2,30
2300,20240601,2,7,57,6,2,21970.24,41
2301,20240601,2,1,35,4,1,7061.28,48
2302,20240601,2,1,35,4,2,7105.92,34
2303,20240601,2,1,11,3,1,7580.35,21
2304,20240601,2,1,11,3,2,7628.28,21
2305,20240601,2,8,7,7,1,21898.27,17
2306,20240601,2,8,7,7,2,22036.72,2
2307,20240601,2,8,42,2,1,57253.8,11
2308,20240601,2,8,42,2,2,57615.79,16
2309,20240601,3,8,57,4,1,23.59,43
2310,20240601,3,8,57,4,2,28.16,47
2311,20240601,3,1,42,4,1,4730.15,13
2312,20240601,3,1,42,4,2,5645.97,4
2313,20240601,3,9,2,2,1,3183.86,27
2314,20240601,3,9,2,2,2,3800.3,27
2315,20240601,4,6,17,0,1,11630.97,0
2316,20240601,4,6,17,0,2,10633.0,0
2317,20240601,4,1,21,0,1,19771.8,0
2318,20240601,4,1,21,0,2,18075.32,0
2319,20240601,4,1,26,0,1,1285.48,0
2320,20240601,4,1,26,0,2,1175.18,0
2321,20240601,4,1,28,0,1,13755.7,0
2322,20240601,4,1,28,0,2,12575.42,0
2323,20240601,4,1,47,0,1,44238.16,0
2324,20240601,4,1,47,0,2,40442.39,0
2325,20240601,5,5,15,0,1,3885.45,0
2326,20240601,5,5,15,0,2,3791.93,0
2327,20240601,5,2,46,0,1,3764.08,0
2328,20240601,5,2,46,0,2,3673.48,0
2329,20240601,5,3,13,0,1,4627.96,0
2330,20240601,5,3,13,0,2,4516.58,0
2331,20240601,5,3,37,0,1,12469.27,0
2332,20240601,5,3,37,0,2,12169.16,0
2333,20240601,5,5,52,0,1,23458.54,0
2334,20240601,5,5,52,0,2,22893.94,0
2335,20240601,5,3,25,0,1,16326.26,0
2336,20240601,5,3,25,0,2,15933.32,0
2337,20240601,6,2,34,0,1,939.82,0
2338,20240601,6,2,34,0,2,987.6,0
2339,20240601,6,1,54,0,1,1316.04,0
2340,20240601,6,1,54,0,2,1382.95,0
2341,20240601,6,1,22,0,1,12303.22,0
2342,20240601,6,1,22,0,2,12928.74,0
2343,20240601,6,2,47,0,1,6157.39,0
2344,20240601,6,2,47,0,2,6470.44,0
2345,20240601,7,3,50,0,1,891.72,0
2346,20240601,7,3,50,0,2,970.04,0
2347,20240601,7,2,20,0,1,806.66,0
2348,20240601,7,2,20,0,2,877.5,0
2349,20240601,7,4,11,0,1,7151.13,0
2350,20240601,7,4,11,0,2,7779.19,0
2351,20240601,7,2,58,0,1,14244.35,0
2352,20240601,7,2,58,0,2,15495.37,0
2353,20240601,7,1,44,0,1,10702.71,0
2354,20240601,7,1,44,0,2,11642.68,0
2355,20240601,7,1,42,0,1,1041.5,0
2356,20240601,7,1,42,0,2,1132.97,0
2357,20240601,8,3,2,0,1,26419.33,0
2358,20240601,8,3,2,0,2,26035.21,0
2359,20240601,8,3,10,0,1,11022.84,0
2360,20240601,8,3,10,0,2,10862.58,0
2361,20240601,8,3,60,0,1,7519.24,0
2362,20240601,8,3,60,0,2,7409.92,0
2363,20240601,8,4,32,0,1,6019.6,0
2364,20240601,8,4,32,0,2,5932.07,0
2365,20240601,8,6,46,0,1,14036.35,0
2366,20240601,8,6,46,0,2,13832.27,0
2367,20240601,8,1,31,0,1,2385.39,0
2368,20240601,8,1,31,0,2,2350.71,0
2369,20240601,9,1,17,0,1,1865.14,0
2370,20240601,9,1,17,0,2,2266.78,0
2371,20240601,9,7,28,0,1,788.84,0
2372,20240601,9,7,28,0,2,958.71,0
2373,20240601,9,1,47,0,1,598.03,0
2374,20240601,9,1,47,0,2,726.81,0
2375,20240601,9,1,42,0,1,5271.55,0
2376,20240601,9,1,42,0,2,6406.72,0
2377,20240601,9,5,42,0,1,4228.96,0
2378,20240601,9,5,42,0,2,5139.63,0
2379,20240601,10,2,28,0,1,489.92,0
2380,20240601,10,2,28,0,2,464.81,0
2381,20240601,10,5,10,0,1,6557.97,0
2382,20240601,10,5,10,0,2,6221.84,0
2383,20240601,10,4,40,0,1,8574.94,0
2384,20240601,10,4,40,0,2,8135.43,0
2385,20240601,10,2,56,0,1,4320.63,0
2386,20240601,10,2,56,0,2,4099.18,0
2387,20240601,10,5,42,0,1,16.13,0
2388,20240601,10,5,42,0,2,15.3,0
2389,20240601,10,1,54,0,1,4.01,0
2390,20240601,10,1,54,0,2,3.8,0
2391,20240601,11,4,12,0,1,567.05,0
2392,20240601,11,4,12,0,2,552.11,0
2393,20240601,11,2,12,0,1,309.13,0
2394,20240601,11,2,12,0,2,300.98,0
2395,20240601,11,1,10,0,1,2871.35,0
2396,20240601,11,1,10,0,2,2795.67,0
2397,20240601,11,1,34,0,1,286.06,0
2398,20240601,11,1,34,0,2,278.52,0
2399,20240601,11,6,39,0,1,13730.42,0
2400,20240601,11,6,39,0,2,13368.49,0
2401,20240601,11,4,1,0,1,481.5,0
2402,20240601,11,4,1,0,2,468.81,0
2403,20240601,12,7,28,0,1,746.2,0
2404,20240601,12,7,28,0,2,696.29,0
2405,20240601,12,1,39,0,1,2318.3,0
2406,20240601,12,1,39,0,2,2163.25,0
2407,20240601,12,3,10,0,1,7147.83,0
2408,20240601,12,3,10,0,2,6669.79,0
2409,20240601,12,3,37,0,1,110.02,0
2410,20240601,12,3,37,0,2,102.66,0
2411,20240601,13,6,45,0,1,420.14,0
2412,20240601,13,6,45,0,2,398.14,0
2413,20240601,13,2,14,0,1,4961.42,0
2414,20240601,13,2,14,0,2,4701.68,0
2415,20240601,13,5,36,0,1,6123.99,0
2416,20240601,13,5,36,0,2,5803.39,0
2417,20240601,13,4,32,0,1,503.17,0
2418,20240601,13,4,32,0,2,476.83,0
2419,20240601,14,8,21,0,1,1425.63,0
2420,20240601,14,8,21,0,2,1331.2,0
2421,20240601,14,4,14,0,1,479.18,0
2422,20240601,14,4,14,0,2,447.44,0
2423,20240601,14,3,14,0,1,2312.78,0
2424,20240601,14,3,14,0,2,2159.59,0
2425,20240601,14,5,16,0,1,139.55,0
2426,20240601,14,5,16,0,2,130.31,0
2427,20240601,15,1,44,0,1,14888.07,0
2428,20240601,15,1,44,0,2,13918.74,0
2429,20240601,15,8,54,0,1,11069.28,0
2430,20240601,15,8,54,0,2,10348.58,0
2431,20240601,15,8,34,0,1,5712.2,0
2432,20240601,15,8,34,0,2,5340.29,0
2433,20240701,1,2,19,6,1,71741.88,23
2434,20240701,1,2,19,6,2,69652.26,32
2435,20240701,1,6,59,4,1,83167.59,35
2436,20240701,1,6,59,4,2,80745.18,5
2437,20240701,1,3,6,7,1,6914.24,25
2438,20240701,1,3,6,7,2,6712.84,31
2439,20240701,1,2,45,5,1,1.69,27
2440,20240701,1,2,45,5,2,1.64,25
2441,20240701,1,2,1,4,1,68436.67,44
2442,20240701,1,2,1,4,2,66443.33,23
2443,20240701,2,4,1,7,1,1578.01,47
2444,20240701,2,4,1,7,2,1625.48,1
2445,20240701,2,2,29,4,1,35414.75,6
2446,20240701,2,2,29,4,2,36480.24,8
2447,20240701,2,2,51,1,1,4759.57,3
2448,20240701,2,2,51,1,2,4902.77,35
2449,20240701,2,4,44,4,1,6152.49,20
2450,20240701,2,4,44,4,2,6337.59,45
2451,20240701,2,1,39,4,1,16766.67,19
2452,20240701,2,1,39,4,2,17271.11,38
2453,20240701,2,1,43,5,1,43926.79,13
2454,20240701,2,1,43,5,2,45248.37,22
2455,20240701,3,9,48,3,1,7548.33,26
2456,20240701,3,9,48,3,2,7665.68,23
2457,20240701,3,4,28,1,1,869.35,20
2458,20240701,3,4,28,1,2,882.86,19
2459,20240701,3,6,51,4,1,533.88,15
2460,20240701,3,6,51,4,2,542.18,31
2461,20240701,4,4,46,0,1,4961.6,0
2462,20240701,4,4,46,0,2,5679.43,0
2463,20240701,4,4,49,0,1,18924.83,0
2464,20240701,4,4,49,0,2,21662.79,0
2465,20240701,4,4,1,0,1,31964.32,0
2466,20240701,4,4,1,0,2,36588.78,0
2467,20240701,4,9,8,0,1,791.44,0
2468,20240701,4,9,8,0,2,905.95,0
2469,20240701,4,4,54,0,1,12848.06,0
2470,20240701,4,4,54,0,2,14706.86,0
2471,20240701,5,5,57,0,1,5879.64,0
2472,20240701,5,5,57,0,2,5602.44,0
2473,20240701,5,9,4,0,1,32075.77,0
2474,20240701,5,9,4,0,2,30563.56,0
2475,20240701,5,2,49,0,1,280.08,0
2476,20240701,5,2,49,0,2,266.87,0
2477,20240701,5,4,58,0,1,5023.51,0
2478,20240701,5,4,58,0,2,4786.68,0
2479,20240701,5,2,54,0,1,775.28,0
2480,20240701,5,2,54,0,2,738.73,0
2481,20240701,5,3,45,0,1,19257.75,0
2482,20240701,5,3,45,0,2,18349.84,0
2483,20240701,6,1,14,0,1,2059.2,0
2484,20240701,6,1,14,0,2,1991.6,0
2485,20240701,6,1,30,0,1,4664.32,0
2486,20240701,6,1,30,0,2,4511.2,0
2487,20240701,6,3,3,0,1,2281.82,0
2488,20240701,6,3,3,0,2,2206.91,0
2489,20240701,6,3,30,0,1,9101.83,0
2490,20240701,6,3,30,0,2,8803.02,0
2491,20240701,6,8,45,0,1,3382.98,0
2492,20240701,6,8,45,0,2,3271.92,0
2493,20240701,7,5,17,0,1,9557.14,0
2494,20240701,7,5,17,0,2,10823.82,0
2495,20240701,7,8,41,0,1,6098.58,0
2496,20240701,7,8,41,0,2,6906.87,0
2497,20240701,7,1,57,0,1,5044.25,0
2498,20240701,7,1,57,0,2,5712.8,0
2499,20240701,7,4,50,0,1,6060.78,0
2500,20240701,7,4,50,0,2,6864.06,0
2501,20240701,7,2,52,0,1,5346.69,0
2502,20240701,7,2,52,0,2,6055.33,0
2503,20240701,8,5,43,0,1,9657.73,0
2504,20240701,8,5,43,0,2,10624.54,0
2505,20240701,8,4,4,0,1,35403.88,0
2506,20240701,8,4,4,0,2,38948.03,0
2507,20240701,8,3,30,0,1,12642.11,0
2508,20240701,8,3,30,0,2,13907.66,0
2509,20240701,9,2,60,0,1,966.81,0
2510,20240701,9,2,60,0,2,1024.38,0
2511,20240701,9,7,35,0,1,3705.74,0
2512,20240701,9,7,35,0,2,3926.4,0
2513,20240701,9,1,59,0,1,1772.64,0
2514,20240701,9,1,59,0,2,1878.2,0
2515,20240701,9,2,37,0,1,188.41,0
2516,20240701,9,2,37,0,2,199.63,0
2517,20240701,9,1,48,0,1,1903.19,0
2518,20240701,9,1,48,0,2,2016.51,0
2519,20240701,9,2,48,0,1,5442.84,0
2520,20240701,9,2,48,0,2,5766.94,0
2521,20240701,10,2,26,0,1,2297.0,0
2522,20240701,10,2,26,0,2,2358.41,0
2523,20240701,10,1,7,0,1,737.35,0
2524,20240701,10,1,7,0,2,757.06,0
2525,20240701,10,4,58,0,1,1244.84,0
2526,20240701,10,4,58,0,2,1278.12,0
2527,20240701,10,9,26,0,1,5156.94,0
2528,20240701,10,9,26,0,2,5294.82,0
2529,20240701,10,1,6,0,1,8141.24,0
2530,20240701,10,1,6,0,2,8358.91,0
2531,20240701,11,6,54,0,1,2155.55,0
2532,20240701,11,6,54,0,2,2024.36,0
2533,20240701,11,4,39,0,1,2579.33,0
2534,20240701,11,4,39,0,2,2422.35,0
2535,20240701,11,9,21,0,1,8155.83,0
2536,20240701,11,9,21,0,2,7659.44,0
2537,20240701,11,1,29,0,1,3310.86,0
2538,20240701,11,1,29,0,2,3109.35,0
2539,20240701,11,2,53,0,1,1948.18,0
2540,20240701,11,2,53,0,2,1829.61,0
2541,20240701,12,3,38,0,1,6119.96,0
2542,20240701,12,3,38,0,2,6027.87,0
2543,20240701,12,1,33,0,1,158.46,0
2544,20240701,12,1,33,0,2,156.08,0
2545,20240701,12,6,31,0,1,803.92,0
2546,20240701,12,6,31,0,2,791.82,0
2547,20240701,12,6,4,0,1,882.56,0
2548,20240701,12,6,4,0,2,869.29,0
2549,20240701,12,1,4,0,1,1362.43,0
2550,20240701,12,1,4,0,2,1341.93,0
2551,20240701,13,1,59,0,1,670.76,0
2552,20240701,13,1,59,0,2,634.44,0
2553,20240701,13,8,14,0,1,7465.13,0
2554,20240701,13,8,14,0,2,7060.95,0
2555,20240701,13,1,32,0,1,1710.33,0
2556,20240701,13,1,32,0,2,1617.73,0
2557,20240701,13,1,55,0,1,1606.52,0
2558,20240701,13,1,55,0,2,1519.54,0
2559,20240701,14,4,42,0,1,2816.62,0
2560,20240701,14,4,42,0,2,2945.43,0
2561,20240701,14,2,59,0,1,679.04,0
2562,20240701,14,2,59,0,2,710.09,0
2563,20240701,14,1,39,0,1,204.13,0
2564,20240701,14,1,39,0,2,213.46,0
2565,20240701,15,2,13,0,1,4735.93,0
2566,20240701,15,2,13,0,2,4407.4,0
2567,20240701,15,8,3,0,1,5413.89,0
2568,20240701,15,8,3,0,2,5038.33,0
2569,20240701,15,2,55,0,1,6000.98,0
2570,20240701,15,2,55,0,2,5584.69,0
2571,20240701,15,1,47,0,1,12981.23,0
2572,20240701,15,1,47,0,2,12080.72,0
2573,20240701,15,3,21,0,1,1394.07,0
2574,20240701,15,3,21,0,2,1297.36,0
2575,20240801,1,8,57,7,1,3082.36,15
2576,20240801,1,8,57,7,2,3439.69,7
2577,20240801,1,1,41,6,1,35619.97,24
2578,20240801,1,1,41,6,2,39749.32,49
2579,20240801,1,4,1,2,1,34857.96,43
2580,20240801,1,4,1,2,2,38898.98,16
2581,20240801,1,6,56,1,1,87860.06,25
2582,20240801,1,6,56,1,2,98045.5,12
2583,20240801,1,9,60,2,1,34081.53,46
2584,20240801,1,9,60,2,2,38032.53,48
2585,20240801,2,3,18,3,1,49313.36,28
2586,20240801,2,3,18,3,2,53214.64,27
2587,20240801,2,5,9,8,1,12477.53,32
2588,20240801,2,5,9,8,2,13464.65,20
2589,20240801,2,3,4,6,1,32200.57,34
2590,20240801,2,3,4,6,2,34748.02,48
2591,20240801,2,8,8,6,1,1664.38,16
2592,20240801,2,8,8,6,2,1796.05,24
2593,20240801,2,2,30,5,1,5210.58,13
2594,20240801,2,2,30,5,2,5622.8,5
2595,20240801,3,4,45,2,1,374.45,47
2596,20240801,3,4,45,2,2,370.58,12
2597,20240801,3,1,50,7,1,6878.47,11
2598,20240801,3,1,50,7,2,6807.51,19
2599,20240801,3,9,53,2,1,1666.98,46
2600,20240801,3,9,53,2,2,1649.78,14
2601,20240801,4,1,19,0,1,22265.87,0
2602,20240801,4,1,19,0,2,23392.49,0
2603,20240801,4,2,55,0,1,30081.15,0
2604,20240801,4,2,55,0,2,31603.2,0
2605,20240801,4,1,60,0,1,21176.66,0
2606,20240801,4,1,60,0,2,22248.16,0
2607,20240801,5,7,35,0,1,5976.52,0
2608,20240801,5,7,35,0,2,5881.83,0
2609,20240801,5,3,38,0,1,9475.78,0
2610,20240801,5,3,38,0,2,9325.65,0
2611,20240801,5,2,23,0,1,903.96,0
2612,20240801,5,2,23,0,2,889.64,0
2613,20240801,5,3,22,0,1,2567.61,0
2614,20240801,5,3,22,0,2,2526.94,0
2615,20240801,5,1,48,0,1,40465.44,0
2616,20240801,5,1,48,0,2,39824.34,0
2617,20240801,6,4,43,0,1,15475.67,0
2618,20240801,6,4,43,0,2,17601.92,0
2619,20240801,6,5,32,0,1,757.61,0
2620,20240801,6,5,32,0,2,861.71,0
2621,20240801,6,2,43,0,1,1424.42,0
2622,20240801,6,2,43,0,2,1620.13,0
2623,20240801,7,3,18,0,1,13337.72,0
2624,20240801,7,3,18,0,2,12215.25,0
2625,20240801,7,1,47,0,1,2740.34,0
2626,20240801,7,1,47,0,2,2509.72,0
2627,20240801,7,1,42,0,1,9931.22,0
2628,20240801,7,1,42,0,2,9095.43,0
2629,20240801,7,3,48,0,1,12547.0,0
2630,20240801,7,3,48,0,2,11491.07,0
2631,20240801,8,3,45,0,1,35105.3,0
2632,20240801,8,3,45,0,2,39640.21,0
2633,20240801,8,3,23,0,1,13670.11,0
2634,20240801,8,3,23,0,2,15436.01,0
2635,20240801,8,2,54,0,1,5600.87,0
2636,20240801,8,2,54,0,2,6324.39,0
2637,20240801,9,2,41,0,1,625.68,0
2638,20240801,9,2,41,0,2,621.6,0
2639,20240801,9,3,57,0,1,11786.61,0
2640,20240801,9,3,57,0,2,11709.69,0
2641,20240801,9,1,6,0,1,2008.63,0
2642,20240801,9,1,6,0,2,1995.52,0
2643,20240801,10,1,35,0,1,846.55,0
2644,20240801,10,1,35,0,2,859.6,0
2645,20240801,10,7,36,0,1,5245.75,0
2646,20240801,10,7,36,0,2,5326.63,0
2647,20240801,10,1,49,0,1,386.44,0
2648,20240801,10,1,49,0,2,392.4,0
2649,20240801,10,7,43,0,1,193.23,0
2650,20240801,10,7,43,0,2,196.21,0
2651,20240801,10,4,16,0,1,7707.27,0
2652,20240801,10,4,16,0,2,7826.11,0
2653,20240801,10,4,19,0,1,2760.52,0
2654,20240801,10,4,19,0,2,2803.08,0
2655,20240801,11,1,44,0,1,1640.62,0
2656,20240801,11,1,44,0,2,1709.26,0
2657,20240801,11,5,18,0,1,4048.58,0
2658,20240801,11,5,18,0,2,4217.97,0
2659,20240801,11,2,45,0,1,7135.52,0
2660,20240801,11,2,45,0,2,7434.07,0
2661,20240801,11,4,58,0,1,2480.21,0
2662,20240801,11,4,58,0,2,2583.98,0
2663,20240801,11,1,41,0,1,582.6,0
2664,20240801,11,1,41,0,2,606.97,0
2665,20240801,12,2,26,0,1,1595.77,0
2666,20240801,12,2,26,0,2,1619.69,0
2667,20240801,12,8,16,0,1,27.15,0
2668,20240801,12,8,16,0,2,27.55,0
2669,20240801,12,2,57,0,1,824.34,0
2670,20240801,12,2,57,0,2,836.7,0
2671,20240801,12,7,55,0,1,1712.72,0
2672,20240801,12,7,55,0,2,1738.39,0
2673,20240801,12,4,15,0,1,904.13,0
2674,20240801,12,4,15,0,2,917.68,0
2675,20240801,12,4,2,0,1,3673.28,0
2676,20240801,12,4,2,0,2,3728.34,0
2677,20240801,13,2,8,0,1,2599.98,0
2678,20240801,13,2,8,0,2,2873.23,0
2679,20240801,13,4,46,0,1,5610.19,0
2680,20240801,13,4,46,0,2,6199.8,0
2681,20240801,13,1,30,0,1,1233.46,0
2682,20240801,13,1,30,0,2,1363.09,0
2683,20240801,14,2,60,0,1,108.43,0
2684,20240801,14,2,60,0,2,116.27,0
2685,20240801,14,5,52,0,1,1022.39,0
2686,20240801,14,5,52,0,2,1096.35,0
2687,20240801,14,3,54,0,1,2341.61,0
2688,20240801,14,3,54,0,2,2511.01,0
2689,20240801,15,7,31,0,1,10989.67,0
2690,20240801,15,7,31,0,2,11707.22,0
2691,20240801,15,4,50,0,1,3966.06,0
2692,20240801,15,4,50,0,2,4225.01,0
2693,20240801,15,2,55,0,1,6667.93,0
2694,20240801,15,2,55,0,2,7103.3,0
2695,20240801,15,1,2,0,1,358.04,0
2696,20240801,15,1,2,0,2,381.42,0
2697,20240801,15,9,58,0,1,1996.87,0
2698,20240801,15,9,58,0,2,2127.26,0
2699,20240801,15,3,42,0,1,1917.68,0
2700,20240801,15,3,42,0,2,2042.89,0
2701,20240901,1,1,47,6,1,30214.88,16
2702,20240901,1,1,47,6,2,32489.34,24
2703,20240901,1,6,15,1,1,56143.38,44
2704,20240901,1,6,15,1,2,60369.64,35
2705,20240901,1,6,49,3,1,74081.07,38
2706,20240901,1,6,49,3,2,79657.62,36
2707,20240901,1,2,19,1,1,14317.29,25
2708,20240901,1,2,19,1,2,15395.05,16
2709,20240901,1,3,40,3,1,28159.14,8
2710,20240901,1,3,40,3,2,30278.86,18
2711,20240901,2,1,6,8,1,12295.36,18
2712,20240901,2,1,6,8,2,11610.44,23
2713,20240901,2,6,25,7,1,8922.09,17
2714,20240901,2,6,25,7,2,8425.08,46
2715,20240901,2,4,26,7,1,10594.79,34
2716,20240901,2,4,26,7,2,10004.61,28
2717,20240901,2,6,38,5,1,34978.27,14
2718,20240901,2,6,38,5,2,33029.8,26
2719,20240901,2,1,54,8,1,27515.82,39
2720,20240901,2,1,54,8,2,25983.04,30
2721,20240901,2,8,51,4,1,20633.03,48
2722,20240901,2,8,51,4,2,19483.66,32
2723,20240901,3,1,59,3,1,2935.58,45
2724,20240901,3,1,59,3,2,2892.75,40
2725,20240901,3,6,1,3,1,3257.27,16
2726,20240901,3,6,1,3,2,3209.74,38
2727,20240901,3,1,23,1,1,2722.62,11
2728,20240901,3,1,23,1,2,2682.89,42
2729,20240901,4,2,17,0,1,32953.94,0
2730,20240901,4,2,17,0,2,32551.5,0
2731,20240901,4,3,5,0,1,16752.57,0
2732,20240901,4,3,5,0,2,16547.98,0
2733,20240901,4,9,3,0,1,28115.85,0
2734,20240901,4,9,3,0,2,27772.5,0
2735,20240901,5,4,54,0,1,6823.72,0
2736,20240901,5,4,54,0,2,7236.3,0
2737,20240901,5,7,15,0,1,13191.6,0
2738,20240901,5,7,15,0,2,13989.21,0
2739,20240901,5,1,27,0,1,27544.27,0
2740,20240901,5,1,27,0,2,29209.68,0
2741,20240901,5,4,36,0,1,1651.94,0
2742,20240901,5,4,36,0,2,1751.82,0
2743,20240901,5,1,15,0,1,3912.96,0
2744,20240901,5,1,15,0,2,4149.55,0
2745,20240901,5,1,47,0,1,1617.46,0
2746,20240901,5,1,47,0,2,1715.25,0
2747,20240901,6,1,30,0,1,2989.55,0
2748,20240901,6,1,30,0,2,3000.83,0
2749,20240901,6,8,13,0,1,12608.61,0
2750,20240901,6,8,13,0,2,12656.19,0
2751,20240901,6,9,15,0,1,4215.19,0
2752,20240901,6,9,15,0,2,4231.1,0
2753,20240901,7,2,14,0,1,5970.93,0
2754,20240901,7,2,14,0,2,6652.8,0
2755,20240901,7,9,54,0,1,20231.77,0
2756,20240901,7,9,54,0,2,22542.21,0
2757,20240901,7,3,37,0,1,1102.29,0
2758,20240901,7,3,37,0,2,1228.17,0
2759,20240901,7,4,56,0,1,4234.7,0
2760,20240901,7,4,56,0,2,4718.3,0
2761,20240901,8,6,58,0,1,10394.14,0
2762,20240901,8,6,58,0,2,11494.75,0
2763,20240901,8,4,43,0,1,10629.03,0
2764,20240901,8,4,43,0,2,11754.51,0
2765,20240901,8,3,58,0,1,29791.8,0
2766,20240901,8,3,58,0,2,32946.38,0
2767,20240901,8,1,4,0,1,4220.47,0
2768,20240901,8,1,4,0,2,4667.37,0
2769,20240901,9,2,37,0,1,1790.93,0
2770,20240901,9,2,37,0,2,2084.03,0
2771,20240901,9,1,5,0,1,8963.44,0
2772,20240901,9,1,5,0,2,10430.37,0
2773,20240901,9,7,2,0,1,1441.83,0
2774,20240901,9,7,2,0,2,1677.79,0
2775,20240901,9,1,36,0,1,7.89,0
2776,20240901,9,1,36,0,2,9.18,0
2777,20240901,10,1,18,0,1,8937.57,0
2778,20240901,10,1,18,0,2,9061.83,0
2779,20240901,10,5,33,0,1,6525.52,0
2780,20240901,10,5,33,0,2,6616.24,0
2781,20240901,10,5,4,0,1,884.07,0
2782,20240901,10,5,4,0,2,896.36,0
2783,20240901,10,3,18,0,1,617.2,0
2784,20240901,10,3,18,0,2,625.78,0
2785,20240901,11,9,16,0,1,14478.18,0
2786,20240901,11,9,16,0,2,14694.79,0
2787,20240901,11,1,50,0,1,1337.92,0
2788,20240901,11,1,50,0,2,1357.94,0
2789,20240901,11,1,56,0,1,413.65,0
2790,20240901,11,1,56,0,2,419.84,0
2791,20240901,12,3,39,0,1,1659.41,0
2792,20240901,12,3,39,0,2,1720.16,0
2793,20240901,12,6,17,0,1,5411.09,0
2794,20240901,12,6,17,0,2,5609.18,0
2795,20240901,12,7,23,0,1,1392.89,0
2796,20240901,12,7,23,0,2,1443.88,0
2797,20240901,13,5,22,0,1,612.0,0
2798,20240901,13,5,22,0,2,629.5,0
2799,20240901,13,5,4,0,1,4455.12,0
2800,20240901,13,5,4,0,2,4582.46,0
2801,20240901,13,9,52,0,1,654.24,0
2802,20240901,13,9,52,0,2,672.94,0
2803,20240901,13,7,29,0,1,4295.92,0
2804,20240901,13,7,29,0,2,4418.72,0
2805,20240901,14,8,56,0,1,883.28,0
2806,20240901,14,8,56,0,2,901.47,0
2807,20240901,14,6,20,0,1,2259.96,0
2808,20240901,14,6,20,0,2,2306.51,0
2809,20240901,14,6,38,0,1,455.33,0
2810,20240901,14,6,38,0,2,464.71,0
2811,20240901,15,7,20,0,1,2357.19,0
2812,20240901,15,7,20,0,2,2394.15,0
2813,20240901,15,6,51,0,1,9226.32,0
2814,20240901,15,6,51,0,2,9371.02,0
2815,20240901,15,2,34,0,1,3918.57,0
2816,20240901,15,2,34,0,2,3980.02,0
2817,20240901,15,6,30,0,1,6146.72,0
2818,20240901,15,6,30,0,2,6243.12,0
2819,20240901,15,1,55,0,1,5381.57,0
2820,20240901,15,1,55,0,2,5465.97,0
2821,20241001,1,1,56,7,1,29739.93,19
2822,20241001,1,1,56,7,2,32491.18,44
2823,20241001,1,1,50,5,1,32457.21,1
2824,20241001,1,1,50,5,2,35459.83,21
2825,20241001,1,3,37,1,1,15081.03,1
2826,20241001,1,3,37,1,2,16476.18,27
2827,20241001,1,5,16,4,1,128449.96,40
2828,20241001,1,5,16,4,2,140332.9,26
2829,20241001,2,4,44,7,1,13281.44,34
2830,20241001,2,4,44,7,2,12372.74,46
2831,20241001,2,8,14,6,1,275.59,16
2832,20241001,2,8,14,6,2,256.74,7
2833,20241001,2,4,2,2,1,30905.9,17
2834,20241001,2,4,2,2,2,28791.37,37
2835,20241001,2,6,22,8,1,75198.23,41
2836,20241001,2,6,22,8,2,70053.29,20
2837,20241001,3,2,45,1,1,1426.81,23
2838,20241001,3,2,45,1,2,1448.42,23
2839,20241001,3,1,7,7,1,6673.07,44
2840,20241001,3,1,7,7,2,6774.16,27
2841,20241001,3,2,15,4,1,771.05,45
2842,20241001,3,2,15,4,2,782.73,27
2843,20241001,4,4,33,0,1,15478.34,0
2844,20241001,4,4,33,0,2,16165.4,0
2845,20241001,4,8,23,0,1,10384.67,0
2846,20241001,4,8,23,0,2,10845.62,0
2847,20241001,4,5,58,0,1,10397.43,0
2848,20241001,4,5,58,0,2,10858.95,0
2849,20241001,4,4,18,0,1,23354.35,0
2850,20241001,4,4,18,0,2,24391.01,0
2851,20241001,4,8,41,0,1,15832.69,0
2852,20241001,4,8,41,0,2,16535.48,0
2853,20241001,5,4,26,0,1,10746.85,0
2854,20241001,5,4,26,0,2,10780.39,0
2855,20241001,5,4,36,0,1,14493.64,0
2856,20241001,5,4,36,0,2,14538.88,0
2857,20241001,5,3,60,0,1,33962.04,0
2858,20241001,5,3,60,0,2,34068.04,0
2859,20241001,6,5,28,0,1,3364.96,0
2860,20241001,6,5,28,0,2,3488.21,0
2861,20241001,6,1,46,0,1,2607.9,0
2862,20241001,6,1,46,0,2,2703.43,0
2863,20241001,6,3,58,0,1,8480.71,0
2864,20241001,6,3,58,0,2,8791.34,0
2865,20241001,6,1,36,0,1,2771.42,0
2866,20241001,6,1,36,0,2,2872.93,0
2867,20241001,6,3,13,0,1,2343.36,0
2868,20241001,6,3,13,0,2,2429.19,0
2869,20241001,7,5,48,0,1,2133.31,0
2870,20241001,7,5,48,0,2,2219.45,0
2871,20241001,7,1,38,0,1,5101.43,0
2872,20241001,7,1,38,0,2,5307.42,0
2873,20241001,7,1,24,0,1,719.87,0
2874,20241001,7,1,24,0,2,748.94,0
2875,20241001,7,1,56,0,1,8228.25,0
2876,20241001,7,1,56,0,2,8560.49,0
2877,20241001,7,3,24,0,1,18440.37,0
2878,20241001,7,3,24,0,2,19184.95,0
2879,20241001,8,4,58,0,1,17327.69,0
2880,20241001,8,4,58,0,2,18863.83,0
2881,20241001,8,5,21,0,1,4878.81,0
2882,20241001,8,5,21,0,2,5311.32,0
2883,20241001,8,3,29,0,1,34872.92,0
2884,20241001,8,3,29,0,2,37964.47,0
2885,20241001,9,7,29,0,1,240.46,0
2886,20241001,9,7,29,0,2,245.77,0
2887,20241001,9,2,18,0,1,5960.02,0
2888,20241001,9,2,18,0,2,6091.84,0
2889,20241001,9,3,56,0,1,3717.56,0
2890,20241001,9,3,56,0,2,3799.78,0
2891,20241001,9,4,43,0,1,1021.9,0
2892,20241001,9,4,43,0,2,1044.5,0
2893,20241001,9,1,13,0,1,2605.47,0
2894,20241001,9,1,13,0,2,2663.09,0
2895,20241001,9,1,15,0,1,640.1,0
2896,20241001,9,1,15,0,2,654.25,0
2897,20241001,10,3,53,0,1,6564.5,0
2898,20241001,10,3,53,0,2,6531.38,0
2899,20241001,10,1,33,0,1,1438.33,0
2900,20241001,10,1,33,0,2,1431.08,0
2901,20241001,10,7,17,0,1,1092.62,0
2902,20241001,10,7,17,0,2,1087.11,0
2903,20241001,10,2,12,0,1,8501.95,0
2904,20241001,10,2,12,0,2,8459.06,0
2905,20241001,11,6,8,0,1,1868.05,0
2906,20241001,11,6,8,0,2,1940.32,0
2907,20241001,11,5,53,0,1,6445.99,0
2908,20241001,11,5,53,0,2,6695.35,0
2909,20241001,11,4,46,0,1,7942.06,0
2910,20241001,11,4,46,0,2,8249.29,0
2911,20241001,12,1,16,0,1,6345.43,0
2912,20241001,12,1,16,0,2,6177.22,0
2913,20241001,12,3,29,0,1,2743.47,0
2914,20241001,12,3,29,0,2,2670.74,0
2915,20241001,12,3,6,0,1,93.97,0
2916,20241001,12,3,6,0,2,91.48,0
2917,20241001,13,1,20,0,1,1898.51,0
2918,20241001,13,1,20,0,2,1865.64,0
2919,20241001,13,1,52,0,1,3143.92,0
2920,20241001,13,1,52,0,2,3089.48,0
2921,20241001,13,3,26,0,1,717.47,0
2922,20241001,13,3,26,0,2,705.05,0
2923,20241001,13,8,14,0,1,347.32,0
2924,20241001,13,8,14,0,2,341.3,0
2925,20241001,13,6,49,0,1,2632.18,0
2926,20241001,13,6,49,0,2,2586.6,0
2927,20241001,13,7,44,0,1,1923.15,0
2928,20241001,13,7,44,0,2,1889.85,0
2929,20241001,14,1,9,0,1,2576.17,0
2930,20241001,14,1,9,0,2,2311.89,0
2931,20241001,14,2,13,0,1,573.47,0
2932,20241001,14,2,13,0,2,514.64,0
2933,20241001,14,4,48,0,1,1003.86,0
2934,20241001,14,4,48,0,2,900.87,0
2935,20241001,14,3,20,0,1,4.11,0
2936,20241001,14,3,20,0,2,3.69,0
2937,20241001,15,2,46,0,1,3915.2,0
2938,20241001,15,2,46,0,2,3833.97,0
2939,20241001,15,1,36,0,1,2756.43,0
2940,20241001,15,1,36,0,2,2699.24,0
2941,20241001,15,1,12,0,1,3950.05,0
2942,20241001,15,1,12,0,2,3868.1,0
2943,20241001,15,6,54,0,1,4414.81,0
2944,20241001,15,6,54,0,2,4323.21,0
2945,20241001,15,4,51,0,1,11139.2,0
2946,20241001,15,4,51,0,2,10908.09,0
2947,20241001,15,1,32,0,1,2562.14,0
2948,20241001,15,1,32,0,2,2508.99,0
2949,20241101,1,6,5,7,1,118014.53,37
2950,20241101,1,6,5,7,2,116118.25,9
2951,20241101,1,4,29,6,1,5448.9,17
2952,20241101,1,4,29,6,2,5361.35,26
2953,20241101,1,1,21,1,1,27248.44,11
2954,20241101,1,1,21,1,2,26810.61,38
2955,20241101,1,6,24,5,1,70605.37,35
2956,20241101,1,6,24,5,2,69470.87,14
2957,20241101,1,1,10,4,1,19830.96,38
2958,20241101,1,1,10,4,2,19512.32,44
2959,20241101,2,3,12,7,1,18068.11,4
2960,20241101,2,3,12,7,2,16437.19,42
2961,20241101,2,1,42,5,1,3272.8,22
2962,20241101,2,1,42,5,2,2977.38,4
2963,20241101,2,4,19,2,1,78087.67,12
2964,20241101,2,4,19,2,2,71039.08,17
2965,20241101,2,5,6,8,1,7798.0,11
2966,20241101,2,5,6,8,2,7094.11,12
2967,20241101,2,3,8,2,1,21747.86,11
2968,20241101,2,3,8,2,2,19784.79,36
2969,20241101,3,1,30,7,1,1984.62,20
2970,20241101,3,1,30,7,2,1843.26,24
2971,20241101,3,2,9,1,1,649.11,26
2972,20241101,3,2,9,1,2,602.88,38
2973,20241101,3,6,44,6,1,941.76,44
2974,20241101,3,6,44,6,2,874.68,10
2975,20241101,3,8,58,6,1,2582.87,17
2976,20241101,3,8,58,6,2,2398.9,38
2977,20241101,3,3,10,8,1,1847.39,8
2978,20241101,3,3,10,8,2,1715.8,21
2979,20241101,3,3,21,1,1,2179.58,39
2980,20241101,3,3,21,1,2,2024.33,24
2981,20241101,4,6,48,0,1,62299.33,0
2982,20241101,4,6,48,0,2,61815.42,0
2983,20241101,4,1,10,0,1,8650.9,0
2984,20241101,4,1,10,0,2,8583.71,0
2985,20241101,4,3,52,0,1,12471.35,0
2986,20241101,4,3,52,0,2,12374.48,0
2987,20241101,5,6,29,0,1,38106.66,0
2988,20241101,5,6,29,0,2,36209.38,0
2989,20241101,5,5,7,0,1,11150.23,0
2990,20241101,5,5,7,0,2,10595.07,0
2991,20241101,5,3,21,0,1,16266.72,0
2992,20241101,5,3,21,0,2,15456.82,0
2993,20241101,6,3,54,0,1,4505.5,0
2994,20241101,6,3,54,0,2,4334.31,0
2995,20241101,6,4,24,0,1,8107.35,0
2996,20241101,6,4,24,0,2,7799.31,0
2997,20241101,6,4,30,0,1,603.09,0
2998,20241101,6,4,30,0,2,580.18,0
2999,20241101,6,2,10,0,1,8824.97,0
3000,20241101,6,2,10,0,2,8489.67,0
3001,20241101,7,4,37,0,1,14878.33,0
3002,20241101,7,4,37,0,2,14119.6,0
3003,20241101,7,2,58,0,1,19554.21,0
3004,20241101,7,2,58,0,2,18557.02,0
3005,20241101,7,5,54,0,1,5440.17,0
3006,20241101,7,5,54,0,2,5162.74,0
3007,20241101,8,3,13,0,1,3900.14,0
3008,20241101,8,3,13,0,2,3518.65,0
3009,20241101,8,2,3,0,1,26343.39,0
3010,20241101,8,2,3,0,2,23766.61,0
3011,20241101,8,6,59,0,1,589.6,0
3012,20241101,8,6,59,0,2,531.93,0
3013,20241101,8,1,12,0,1,6773.78,0
3014,20241101,8,1,12,0,2,6111.2,0
3015,20241101,8,7,44,0,1,24856.4,0
3016,20241101,8,7,44,0,2,22425.07,0
3017,20241101,8,9,13,0,1,9603.43,0
3018,20241101,8,9,13,0,2,8664.07,0
3019,20241101,9,5,32,0,1,3263.06,0
3020,20241101,9,5,32,0,2,3053.6,0
3021,20241101,9,1,13,0,1,7656.74,0
3022,20241101,9,1,13,0,2,7165.23,0
3023,20241101,9,4,10,0,1,2434.02,0
3024,20241101,9,4,10,0,2,2277.77,0
3025,20241101,9,5,41,0,1,382.77,0
3026,20241101,9,5,41,0,2,358.2,0
3027,20241101,9,1,50,0,1,2474.83,0
3028,20241101,9,1,50,0,2,2315.96,0
3029,20241101,10,1,21,0,1,811.47,0
3030,20241101,10,1,21,0,2,743.7,0
3031,20241101,10,2,4,0,1,8622.64,0
3032,20241101,10,2,4,0,2,7902.54,0
3033,20241101,10,1,26,0,1,5144.03,0
3034,20241101,10,1,26,0,2,4714.43,0
3035,20241101,10,8,23,0,1,4061.99,0
3036,20241101,10,8,23,0,2,3722.76,0
3037,20241101,10,2,48,0,1,1289.1,0
3038,20241101,10,2,48,0,2,1181.45,0
3039,20241101,11,3,53,0,1,1617.13,0
3040,20241101,11,3,53,0,2,1587.07,0
3041,20241101,11,2,44,0,1,962.83,0
3042,20241101,11,2,44,0,2,944.93,0
3043,20241101,11,3,37,0,1,1568.81,0
3044,20241101,11,3,37,0,2,1539.65,0
3045,20241101,11,2,33,0,1,10103.42,0
3046,20241101,11,2,33,0,2,9915.63,0
3047,20241101,11,1,12,0,1,3820.94,0
3048,20241101,11,1,12,0,2,3749.92,0
3049,20241101,12,1,46,0,1,4567.94,0
3050,20241101,12,1,46,0,2,4850.07,0
3051,20241101,12,1,39,0,1,917.47,0
3052,20241101,12,1,39,0,2,974.14,0
3053,20241101,12,8,48,0,1,3306.43,0
3054,20241101,12,8,48,0,2,3510.65,0
3055,20241101,13,5,5,0,1,2147.69,0
3056,20241101,13,5,5,0,2,1846.56,0
3057,20241101,13,2,54,0,1,2579.92,0
3058,20241101,13,2,54,0,2,2218.19,0
3059,20241101,13,2,12,0,1,4717.97,0
3060,20241101,13,2,12,0,2,4056.47,0
3061,20241101,13,8,31,0,1,407.88,0
3062,20241101,13,8,31,0,2,350.69,0
3063,20241101,13,4,40,0,1,2846.82,0
3064,20241101,13,4,40,0,2,2447.67,0
3065,20241101,14,8,57,0,1,1643.58,0
3066,20241101,14,8,57,0,2,1685.84,0
3067,20241101,14,2,41,0,1,207.22,0
3068,20241101,14,2,41,0,2,212.55,0
3069,20241101,14,4,29,0,1,708.36,0
3070,20241101,14,4,29,0,2,726.57,0
3071,20241101,14,4,45,0,1,249.48,0
3072,20241101,14,4,45,0,2,255.9,0
3073,20241101,14,1,28,0,1,891.26,0
3074,20241101,14,1,28,0,2,914.18,0
3075,20241101,14,1,12,0,1,87.2,0
3076,20241101,14,1,12,0,2,89.44,0
3077,20241101,15,1,35,0,1,4774.25,0
3078,20241101,15,1,35,0,2,4799.78,0
3079,20241101,15,3,54,0,1,11373.02,0
3080,20241101,15,3,54,0,2,11433.84,0
3081,20241101,15,1,49,0,1,13257.49,0
3082,20241101,15,1,49,0,2,13328.38,0
3083,20241201,1,3,2,1,1,81223.65,24
3084,20241201,1,3,2,1,2,82137.64,40
3085,20241201,1,4,31,7,1,40400.56,31
3086,20241201,1,4,31,7,2,40855.17,47
3087,20241201,1,9,51,3,1,89755.31,34
3088,20241201,1,9,51,3,2,90765.3,24
3089,20241201,1,3,26,8,1,39307.47,47
3090,20241201,1,3,26,8,2,39749.78,13
3091,20241201,2,3,12,7,1,4020.88,21
3092,20241201,2,3,12,7,2,3859.68,4
3093,20241201,2,7,31,2,1,7423.68,23
3094,20241201,2,7,31,2,2,7126.07,20
3095,20241201,2,1,28,8,1,16273.03,37
3096,20241201,2,1,28,8,2,15620.66,21
3097,20241201,2,2,50,5,1,13442.22,13
3098,20241201,2,2,50,5,2,12903.33,19
3099,20241201,2,2,18,6,1,22923.88,36
3100,20241201,2,2,18,6,2,22004.87,36
3101,20241201,2,5,19,5,1,66126.38,44
3102,20241201,2,5,19,5,2,63475.42,7
3103,20241201,3,2,10,8,1,602.18,42
3104,20241201,3,2,10,8,2,537.85,41
3105,20241201,3,1,5,2,1,1340.45,10
3106,20241201,3,1,5,2,2,1197.24,10
3107,20241201,3,5,60,8,1,9317.64,21
3108,20241201,3,5,60,8,2,8322.21,8
3109,20241201,4,3,40,0,1,1327.21,0
3110,20241201,4,3,40,0,2,1173.94,0
3111,20241201,4,3,19,0,1,89488.58,0
3112,20241201,4,3,19,0,2,79154.67,0
3113,20241201,4,5,33,0,1,8674.5,0
3114,20241201,4,5,33,0,2,7672.79,0
3115,20241201,5,3,58,0,1,24397.9,0
3116,20241201,5,3,58,0,2,22359.22,0
3117,20241201,5,1,31,0,1,38046.14,0
3118,20241201,5,1,31,0,2,34867.01,0
3119,20241201,5,7,1,0,1,9641.93,0
3120,20241201,5,7,1,0,2,8836.25,0
3121,20241201,6,1,18,0,1,5724.98,0
3122,20241201,6,1,18,0,2,5474.06,0
3123,20241201,6,2,57,0,1,7159.88,0
3124,20241201,6,2,57,0,2,6846.07,0
3125,20241201,6,1,33,0,1,1556.47,0
3126,20241201,6,1,33,0,2,1488.25,0
3127,20241201,6,9,3,0,1,1319.59,0
3128,20241201,6,9,3,0,2,1261.75,0
3129,20241201,6,6,35,0,1,714.94,0
3130,20241201,6,6,35,0,2,683.61,0
3131,20241201,6,1,3,0,1,6983.39,0
3132,20241201,6,1,3,0,2,6677.31,0
3133,20241201,7,2,45,0,1,16734.14,0
3134,20241201,7,2,45,0,2,14624.7,0
3135,20241201,7,7,56,0,1,20642.88,0
3136,20241201,7,7,56,0,2,18040.72,0
3137,20241201,7,9,23,0,1,8654.78,0
3138,20241201,7,9,23,0,2,7563.79,0
3139,20241201,8,8,7,0,1,38910.61,0
3140,20241201,8,8,7,0,2,40618.22,0
3141,20241201,8,3,42,0,1,100.42,0
3142,20241201,8,3,42,0,2,104.83,0
3143,20241201,8,9,20,0,1,26944.62,0
3144,20241201,8,9,20,0,2,28127.09,0
3145,20241201,9,4,17,0,1,254.75,0
3146,20241201,9,4,17,0,2,252.44,0
3147,20241201,9,1,18,0,1,5307.73,0
3148,20241201,9,1,18,0,2,5259.6,0
3149,20241201,9,2,59,0,1,10649.56,0
3150,20241201,9,2,59,0,2,10552.99,0
3151,20241201,10,3,14,0,1,495.95,0
3152,20241201,10,3,14,0,2,459.98,0
3153,20241201,10,2,42,0,1,10148.87,0
3154,20241201,10,2,42,0,2,9412.88,0
3155,20241201,10,9,12,0,1,5136.86,0
3156,20241201,10,9,12,0,2,4764.34,0
3157,20241201,10,1,30,0,1,1846.07,0
3158,20241201,10,1,30,0,2,1712.2,0
3159,20241201,10,5,35,0,1,2473.95,0
3160,20241201,10,5,35,0,2,2294.54,0
3161,20241201,10,1,1,0,1,689.95,0
3162,20241201,10,1,1,0,2,639.92,0
3163,20241201,11,5,45,0,1,389.17,0
3164,20241201,11,5,45,0,2,377.61,0
3165,20241201,11,6,1,0,1,3630.06,0
3166,20241201,11,6,1,0,2,3522.27,0
3167,20241201,11,1,45,0,1,436.25,0
3168,20241201,11,1,45,0,2,423.3,0
3169,20241201,11,3,47,0,1,5422.32,0
3170,20241201,11,3,47,0,2,5261.31,0
3171,20241201,11,1,32,0,1,9556.72,0
3172,20241201,11,1,32,0,2,9272.95,0
3173,20241201,12,7,18,0,1,4601.06,0
3174,20241201,12,7,18,0,2,4339.19,0
3175,20241201,12,7,54,0,1,204.87,0
3176,20241201,12,7,54,0,2,193.21,0
3177,20241201,12,8,34,0,1,3031.36,0
3178,20241201,12,8,34,0,2,2858.83,0
3179,20241201,12,2,18,0,1,2623.58,0
3180,20241201,12,2,18,0,2,2474.25,0
3181,20241201,13,1,28,0,1,839.04,0
3182,20241201,13,1,28,0,2,706.05,0
3183,20241201,13,4,39,0,1,687.43,0
3184,20241201,13,4,39,0,2,578.47,0
3185,20241201,13,9,25,0,1,2765.06,0
3186,20241201,13,9,25,0,2,2326.78,0
3187,20241201,13,7,2,0,1,383.28,0
3188,20241201,13,7,2,0,2,322.53,0
3189,20241201,13,3,22,0,1,4663.43,0
3190,20241201,13,3,22,0,2,3924.25,0
3191,20241201,13,1,48,0,1,4348.47,0
3192,20241201,13,1,48,0,2,3659.21,0
3193,20241201,14,5,42,0,1,1335.57,0
3194,20241201,14,5,42,0,2,1282.13,0
3195,20241201,14,2,12,0,1,47.67,0
3196,20241201,14,2,12,0,2,45.77,0
3197,20241201,14,3,2,0,1,2880.36,0
3198,20241201,14,3,2,0,2,2765.12,0
3199,20241201,15,1,51,0,1,6174.73,0
3200,20241201,15,1,51,0,2,6071.48,0
3201,20241201,15,4,55,0,1,8558.11,0
3202,20241201,15,4,55,0,2,8415.02,0
3203,20241201,15,3,34,0,1,12892.11,0
3204,20241201,15,3,34,0,2,12676.55,0
3205,20241201,15,1,38,0,1,4338.57,0
3206,20241201,15,1,38,0,2,4266.03,0
3207,20250101,1,8,3,5,1,193967.22,12
3208,20250101,1,8,3,5,2,175244.98,29
3209,20250101,1,8,3,5,3,196304.27,48
3210,20250101,1,1,13,8,1,64435.89,2
3211,20250101,1,1,13,8,2,58216.36,4
3212,20250101,1,1,13,8,3,66698.66,6
3213,20250101,1,5,32,2,1,25633.89,9
3214,20250101,1,5,32,2,2,23159.64,27
3215,20250101,1,5,32,2,3,26152.95,13
3216,20250101,1,2,24,6,1,15003.2,4
3217,20250101,1,2,24,6,2,13555.05,24
3218,20250101,1,2,24,6,3,15112.07,44
3219,20250101,2,2,17,4,1,35860.86,40
3220,20250101,2,2,17,4,2,37533.2,49
3221,20250101,2,2,17,4,3,37047.49,13
3222,20250101,2,2,52,4,1,46599.95,43
3223,20250101,2,2,52,4,2,48773.09,26
3224,20250101,2,2,52,4,3,47684.28,22
3225,20250101,2,2,55,3,1,44435.9,35
3226,20250101,2,2,55,3,2,46508.12,12
3227,20250101,2,2,55,3,3,46597.2,39
3228,20250101,3,8,33,1,1,1283.12,40
3229,20250101,3,8,33,1,2,1192.54,16
3230,20250101,3,8,33,1,3,1324.96,7
3231,20250101,3,1,10,2,1,5460.66,34
3232,20250101,3,1,10,2,2,5075.2,3
3233,20250101,3,1,10,2,3,5437.89,8
3234,20250101,3,1,45,7,1,4732.05,45
3235,20250101,3,1,45,7,2,4398.02,2
3236,20250101,3,1,45,7,3,4831.44,16
3237,20250101,4,1,23,0,1,43414.25,0
3238,20250101,4,1,23,0,2,42612.66,0
3239,20250101,4,1,23,0,3,44913.81,0
3240,20250101,4,6,22,0,1,19021.93,0
3241,20250101,4,6,22,0,2,18670.72,0
3242,20250101,4,6,22,0,3,19469.3,0
3243,20250101,4,4,15,0,1,32644.87,0
3244,20250101,4,4,15,0,2,32042.12,0
3245,20250101,4,4,15,0,3,34300.05,0
3246,20250101,5,1,18,0,1,30850.75,0
3247,20250101,5,1,18,0,2,29763.99,0
3248,20250101,5,1,18,0,3,31361.34,0
3249,20250101,5,3,31,0,1,6579.44,0
3250,20250101,5,3,31,0,2,6347.67,0
3251,20250101,5,3,31,0,3,6806.2,0
3252,20250101,5,2,15,0,1,35043.31,0
3253,20250101,5,2,15,0,2,33808.87,0
3254,20250101,5,2,15,0,3,36377.36,0
3255,20250101,6,3,13,0,1,2972.86,0
3256,20250101,6,3,13,0,2,3087.79,0
3257,20250101,6,3,13,0,3,3004.4,0
3258,20250101,6,4,53,0,1,1301.29,0
3259,20250101,6,4,53,0,2,1351.59,0
3260,20250101,6,4,53,0,3,1338.23,0
3261,20250101,6,1,20,0,1,10506.27,0
3262,20250101,6,1,20,0,2,10912.42,0
3263,20250101,6,1,20,0,3,10681.34,0
3264,20250101,6,1,27,0,1,8008.94,0
3265,20250101,6,1,27,0,2,8318.55,0
3266,20250101,6,1,27,0,3,8280.91,0
3267,20250101,7,5,31,0,1,1992.82,0
3268,20250101,7,5,31,0,2,2008.88,0
3269,20250101,7,5,31,0,3,1994.06,0
3270,20250101,7,3,29,0,1,3217.33,0
3271,20250101,7,3,29,0,2,3243.26,0
3272,20250101,7,3,29,0,3,3299.51,0
3273,20250101,7,3,3,0,1,18953.52,0
3274,20250101,7,3,3,0,2,19106.28,0
3275,20250101,7,3,3,0,3,19613.98,0
3276,20250101,7,5,29,0,1,6236.93,0
3277,20250101,7,5,29,0,2,6287.2,0
3278,20250101,7,5,29,0,3,6558.76,0
3279,20250101,7,6,31,0,1,11921.38,0
3280,20250101,7,6,31,0,2,12017.46,0
3281,20250101,7,6,31,0,3,12503.81,0
3282,20250101,8,3,3,0,1,8936.44,0
3283,20250101,8,3,3,0,2,8709.69,0
3284,20250101,8,3,3,0,3,9094.63,0
3285,20250101,8,1,2,0,1,1177.8,0
3286,20250101,8,1,2,0,2,1147.92,0
3287,20250101,8,1,2,0,3,1225.88,0
3288,20250101,8,3,5,0,1,9005.89,0
3289,20250101,8,3,5,0,2,8777.38,0
3290,20250101,8,3,5,0,3,9433.88,0
3291,20250101,8,6,34,0,1,34678.55,0
3292,20250101,8,6,34,0,2,33798.65,0
3293,20250101,8,6,34,0,3,36257.57,0
3294,20250101,8,4,12,0,1,20821.05,0
3295,20250101,8,4,12,0,2,20292.75,0
3296,20250101,8,4,12,0,3,21422.31,0
3297,20250101,9,4,38,0,1,10209.14,0
3298,20250101,9,4,38,0,2,9719.35,0
3299,20250101,9,4,38,0,3,10482.83,0
3300,20250101,9,2,26,0,1,1267.27,0
3301,20250101,9,2,26,0,2,1206.47,0
3302,20250101,9,2,26,0,3,1285.99,0
3303,20250101,9,4,1,0,1,1844.87,0
3304,20250101,9,4,1,0,2,1756.36,0
3305,20250101,9,4,1,0,3,1886.4,0
3306,20250101,9,1,3,0,1,1246.16,0
3307,20250101,9,1,3,0,2,1186.37,0
3308,20250101,9,1,3,0,3,1239.15,0
3309,20250101,9,1,54,0,1,3257.21,0
3310,20250101,9,1,54,0,2,3100.94,0
3311,20250101,9,1,54,0,3,3209.62,0
3312,20250101,10,3,38,0,1,2363.19,0
3313,20250101,10,3,38,0,2,2339.83,0
3314,20250101,10,3,38,0,3,2515.8,0
3315,20250101,10,1,51,0,1,7886.42,0
3316,20250101,10,1,51,0,2,7808.46,0
3317,20250101,10,1,51,0,3,8086.29,0
3318,20250101,10,5,8,0,1,9058.13,0
3319,20250101,10,5,8,0,2,8968.59,0
3320,20250101,10,5,8,0,3,9341.51,0
3321,20250101,10,6,31,0,1,1203.82,0
3322,20250101,10,6,31,0,2,1191.92,0
3323,20250101,10,6,31,0,3,1251.02,0
3324,20250101,11,1,20,0,1,921.14,0
3325,20250101,11,1,20,0,2,804.17,0
3326,20250101,11,1,20,0,3,941.46,0
3327,20250101,11,8,41,0,1,13588.86,0
3328,20250101,11,8,41,0,2,11863.24,0
3329,20250101,11,8,41,0,3,13657.68,0
3330,20250101,11,6,16,0,1,8397.27,0
3331,20250101,11,6,16,0,2,7330.92,0
3332,20250101,11,6,16,0,3,8483.27,0
3333,20250101,12,1,51,0,1,4791.94,0
3334,20250101,12,1,51,0,2,4728.47,0
3335,20250101,12,1,51,0,3,5003.39,0
3336,20250101,12,5,29,0,1,1107.36,0
3337,20250101,12,5,29,0,2,1092.69,0
3338,20250101,12,5,29,0,3,1129.51,0
3339,20250101,12,4,7,0,1,1204.12,0
3340,20250101,12,4,7,0,2,1188.17,0
3341,20250101,12,4,7,0,3,1213.29,0
3342,20250101,12,4,2,0,1,2539.28,0
3343,20250101,12,4,2,0,2,2505.64,0
3344,20250101,12,4,2,0,3,2665.26,0
3345,20250101,12,4,53,0,1,897.09,0
3346,20250101,12,4,53,0,2,885.2,0
3347,20250101,12,4,53,0,3,911.57,0
3348,20250101,13,4,2,0,1,881.89,0
3349,20250101,13,4,2,0,2,863.4,0
3350,20250101,13,4,2,0,3,912.0,0
3351,20250101,13,6,22,0,1,483.97,0
3352,20250101,13,6,22,0,2,473.82,0
3353,20250101,13,6,22,0,3,493.13,0
3354,20250101,13,5,39,0,1,7263.72,0
3355,20250101,13,5,39,0,2,7111.44,0
3356,20250101,13,5,39,0,3,7467.37,0
3357,20250101,13,1,59,0,1,3747.24,0
3358,20250101,13,1,59,0,2,3668.68,0
3359,20250101,13,1,59,0,3,3876.21,0
3360,20250101,14,3,24,0,1,2179.79,0
3361,20250101,14,3,24,0,2,2325.93,0
3362,20250101,14,3,24,0,3,2257.64,0
3363,20250101,14,1,35,0,1,359.29,0
3364,20250101,14,1,35,0,2,383.38,0
3365,20250101,14,1,35,0,3,374.85,0
3366,20250101,14,1,15,0,1,1420.49,0
3367,20250101,14,1,15,0,2,1515.72,0
3368,20250101,14,1,15,0,3,1441.37,0
3369,20250101,14,1,57,0,1,72.1,0
3370,20250101,14,1,57,0,2,76.93,0
3371,20250101,14,1,57,0,3,75.74,0
3372,20250101,15,2,39,0,1,2153.79,0
3373,20250101,15,2,39,0,2,2194.02,0
3374,20250101,15,2,39,0,3,2211.57,0
3375,20250101,15,1,49,0,1,3455.96,0
3376,20250101,15,1,49,0,2,3520.5,0
3377,20250101,15,1,49,0,3,3646.2,0
3378,20250101,15,7,37,0,1,3024.55,0
3379,20250101,15,7,37,0,2,3081.03,0
3380,20250101,15,7,37,0,3,3035.12,0
3381,20250101,15,3,53,0,1,24085.16,0
3382,20250101,15,3,53,0,2,24534.98,0
3383,20250101,15,3,53,0,3,25069.78,0
3384,20250201,1,2,55,1,1,76354.19,16
3385,20250201,1,2,55,1,2,74481.97,19
3386,20250201,1,2,55,1,3,79225.58,1
3387,20250201,1,1,51,6,1,8886.82,24
3388,20250201,1,1,51,6,2,8668.91,43
3389,20250201,1,1,51,6,3,9281.88,36
3390,20250201,1,1,36,4,1,205680.63,18
3391,20250201,1,1,36,4,2,200637.28,16
3392,20250201,1,1,36,4,3,213893.93,41
3393,20250201,2,3,9,7,1,28203.29,14
3394,20250201,2,3,9,7,2,30055.32,49
3395,20250201,2,3,9,7,3,28693.72,37
3396,20250201,2,1,48,6,1,24346.1,14
3397,20250201,2,1,48,6,2,25944.83,33
3398,20250201,2,1,48,6,3,25438.0,41
3399,20250201,2,5,37,2,1,7601.96,16
3400,20250201,2,5,37,2,2,8101.16,4
3401,20250201,2,5,37,2,3,7733.08,12
3402,20250201,2,3,14,7,1,977.63,12
3403,20250201,2,3,14,7,2,1041.83,35
3404,20250201,2,3,14,7,3,989.65,32
3405,20250201,2,8,17,5,1,14939.57,45
3406,20250201,2,8,17,5,2,15920.6,42
3407,20250201,2,8,17,5,3,15436.13,9
3408,20250201,2,4,36,4,1,54454.02,18
3409,20250201,2,4,36,4,2,58029.85,9
3410,20250201,2,4,36,4,3,55599.7,6
3411,20250201,3,8,3,3,1,2751.85,42
3412,20250201,3,8,3,3,2,2882.43,38
3413,20250201,3,8,3,3,3,2877.99,25
3414,20250201,3,6,13,4,1,2003.87,14
3415,20250201,3,6,13,4,2,2098.96,33
3416,20250201,3,6,13,4,3,2041.12,28
3417,20250201,3,1,8,4,1,625.19,34
3418,20250201,3,1,8,4,2,654.86,44
3419,20250201,3,1,8,4,3,637.6,33
3420,20250201,3,2,30,2,1,1074.67,12
3421,20250201,3,2,30,2,2,1125.67,29
3422,20250201,3,2,30,2,3,1103.04,3
3423,20250201,3,1,30,1,1,176.36,26
3424,20250201,3,1,30,1,2,184.73,2
3425,20250201,3,1,30,1,3,181.75,25
3426,20250201,3,5,39,4,1,4010.97,35
3427,20250201,3,5,39,4,2,4201.3,23
3428,20250201,3,5,39,4,3,4139.66,9
3429,20250201,4,5,43,0,1,40215.98,0
3430,20250201,4,5,43,0,2,36797.08,0
3431,20250201,4,5,43,0,3,42127.68,0
3432,20250201,4,2,34,0,1,10453.12,0
3433,20250201,4,2,34,0,2,9564.46,0
3434,20250201,4,2,34,0,3,10638.44,0
3435,20250201,4,2,55,0,1,28180.69,0
3436,20250201,4,2,55,0,2,25784.95,0
3437,20250201,4,2,55,0,3,29136.71,0
3438,20250201,4,2,3,0,1,8987.59,0
3439,20250201,4,2,3,0,2,8223.52,0
3440,20250201,4,2,3,0,3,9499.05,0
3441,20250201,4,3,43,0,1,18770.29,0
3442,20250201,4,3,43,0,2,17174.56,0
3443,20250201,4,3,43,0,3,19292.7,0
3444,20250201,5,1,22,0,1,12721.92,0
3445,20250201,5,1,22,0,2,11895.55,0
3446,20250201,5,1,22,0,3,13040.89,0
3447,20250201,5,1,30,0,1,22286.32,0
3448,20250201,5,1,30,0,2,20838.68,0
3449,20250201,5,1,30,0,3,23260.84,0
3450,20250201,5,2,8,0,1,23901.52,0
3451,20250201,5,2,8,0,2,22348.97,0
3452,20250201,5,2,8,0,3,24217.55,0
3453,20250201,5,7,47,0,1,12986.19,0
3454,20250201,5,7,47,0,2,12142.65,0
3455,20250201,5,7,47,0,3,13306.79,0
3456,20250201,5,5,8,0,1,3746.38,0
3457,20250201,5,5,8,0,2,3503.03,0
3458,20250201,5,5,8,0,3,3936.44,0
3459,20250201,5,4,27,0,1,2361.29,0
3460,20250201,5,4,27,0,2,2207.91,0
3461,20250201,5,4,27,0,3,2434.77,0
3462,20250201,6,1,37,0,1,4903.65,0
3463,20250201,6,1,37,0,2,4918.09,0
3464,20250201,6,1,37,0,3,4963.74,0
3465,20250201,6,6,26,0,1,1466.16,0
3466,20250201,6,6,26,0,2,1470.48,0
3467,20250201,6,6,26,0,3,1532.78,0
3468,20250201,6,1,8,0,1,9141.94,0
3469,20250201,6,1,8,0,2,9168.85,0
3470,20250201,6,1,8,0,3,9533.2,0
3471,20250201,6,6,26,0,1,9033.97,0
3472,20250201,6,6,26,0,2,9060.56,0
3473,20250201,6,6,26,0,3,9067.24,0
3474,20250201,7,9,26,0,1,13566.53,0
3475,20250201,7,9,26,0,2,12247.38,0
3476,20250201,7,9,26,0,3,14140.44,0
3477,20250201,7,3,49,0,1,7287.67,0
3478,20250201,7,3,49,0,2,6579.05,0
3479,20250201,7,3,49,0,3,7624.94,0
3480,20250201,7,6,38,0,1,8205.72,0
3481,20250201,7,6,38,0,2,7407.83,0
3482,20250201,7,6,38,0,3,8473.0,0
3483,20250201,7,1,18,0,1,2801.45,0
3484,20250201,7,1,18,0,2,2529.05,0
3485,20250201,7,1,18,0,3,2872.41,0
3486,20250201,7,1,55,0,1,12085.36,0
3487,20250201,7,1,55,0,2,10910.23,0
3488,20250201,7,1,55,0,3,13085.59,0
3489,20250201,7,1,58,0,1,5448.01,0
3490,20250201,7,1,58,0,2,4918.27,0
3491,20250201,7,1,58,0,3,5584.36,0
3492,20250201,8,3,40,0,1,7945.04,0
3493,20250201,8,3,40,0,2,7537.02,0
3494,20250201,8,3,40,0,3,8222.49,0
3495,20250201,8,3,53,0,1,32532.17,0
3496,20250201,8,3,53,0,2,30861.45,0
3497,20250201,8,3,53,0,3,32986.14,0
3498,20250201,8,2,9,0,1,12070.86,0
3499,20250201,8,2,9,0,2,11450.95,0
3500,20250201,8,2,9,0,3,12354.89,0
3501,20250201,8,8,51,0,1,27263.93,0
3502,20250201,8,8,51,0,2,25863.76,0
3503,20250201,8,8,51,0,3,27450.19,0
3504,20250201,9,1,5,0,1,3326.78,0
3505,20250201,9,1,5,0,2,3339.41,0
3506,20250201,9,1,5,0,3,3421.2,0
3507,20250201,9,9,57,0,1,1018.3,0
3508,20250201,9,9,57,0,2,1022.17,0
3509,20250201,9,9,57,0,3,1067.82,0
3510,20250201,9,4,29,0,1,2671.0,0
3511,20250201,9,4,29,0,2,2681.14,0
3512,20250201,9,4,29,0,3,2790.23,0
3513,20250201,9,7,13,0,1,351.37,0
3514,20250201,9,7,13,0,2,352.71,0
3515,20250201,9,7,13,0,3,358.76,0
3516,20250201,9,2,24,0,1,10232.17,0
3517,20250201,9,2,24,0,2,10270.99,0
3518,20250201,9,2,24,0,3,10540.91,0
3519,20250201,10,8,16,0,1,7887.82,0
3520,20250201,10,8,16,0,2,7134.37,0
3521,20250201,10,8,16,0,3,8014.1,0
3522,20250201,10,7,32,0,1,9142.14,0
3523,20250201,10,7,32,0,2,8268.87,0
3524,20250201,10,7,32,0,3,9183.94,0
3525,20250201,10,1,38,0,1,4934.82,0
3526,20250201,10,1,38,0,2,4463.44,0
3527,20250201,10,1,38,0,3,4959.76,0
3528,20250201,10,6,40,0,1,207.69,0
3529,20250201,10,6,40,0,2,187.85,0
3530,20250201,10,6,40,0,3,213.13,0
3531,20250201,10,5,25,0,1,1133.55,0
3532,20250201,10,5,25,0,2,1025.27,0
3533,20250201,10,5,25,0,3,1163.06,0
3534,20250201,11,2,44,0,1,4959.12,0
3535,20250201,11,2,44,0,2,4660.74,0
3536,20250201,11,2,44,0,3,5133.99,0
3537,20250201,11,3,45,0,1,5624.92,0
3538,20250201,11,3,45,0,2,5286.47,0
3539,20250201,11,3,45,0,3,5929.78,0
3540,20250201,11,2,3,0,1,1727.06,0
3541,20250201,11,2,3,0,2,1623.14,0
3542,20250201,11,2,3,0,3,1816.95,0
3543,20250201,11,6,12,0,1,9929.51,0
3544,20250201,11,6,12,0,2,9332.06,0
3545,20250201,11,6,12,0,3,10271.02,0
3546,20250201,12,3,33,0,1,3455.58,0
3547,20250201,12,3,33,0,2,3732.48,0
3548,20250201,12,3,33,0,3,3512.32,0
3549,20250201,12,9,60,0,1,621.37,0
3550,20250201,12,9,60,0,2,671.17,0
3551,20250201,12,9,60,0,3,620.97,0
3552,20250201,12,1,23,0,1,5538.35,0
3553,20250201,12,1,23,0,2,5982.16,0
3554,20250201,12,1,23,0,3,5800.77,0
3555,20250201,12,1,2,0,1,93.12,0
3556,20250201,12,1,2,0,2,100.58,0
3557,20250201,12,1,2,0,3,93.97,0
3558,20250201,12,4,21,0,1,295.69,0
3559,20250201,12,4,21,0,2,319.39,0
3560,20250201,12,4,21,0,3,306.81,0
3561,20250201,13,4,2,0,1,5641.19,0
3562,20250201,13,4,2,0,2,5597.23,0
3563,20250201,13,4,2,0,3,5728.82,0
3564,20250201,13,2,3,0,1,6335.21,0
3565,20250201,13,2,3,0,2,6285.84,0
3566,20250201,13,2,3,0,3,6609.24,0
3567,20250201,13,4,51,0,1,687.1,0
3568,20250201,13,4,51,0,2,681.75,0
3569,20250201,13,4,51,0,3,702.79,0
3570,20250201,14,6,3,0,1,143.69,0
3571,20250201,14,6,3,0,2,137.72,0
3572,20250201,14,6,3,0,3,149.77,0
3573,20250201,14,1,40,0,1,2754.99,0
3574,20250201,14,1,40,0,2,2640.54,0
3575,20250201,14,1,40,0,3,2847.2,0
3576,20250201,14,5,8,0,1,613.8,0
3577,20250201,14,5,8,0,2,588.3,0
3578,20250201,14,5,8,0,3,657.49,0
3579,20250201,14,6,52,0,1,63.59,0
3580,20250201,14,6,52,0,2,60.95,0
3581,20250201,14,6,52,0,3,65.82,0
3582,20250201,14,2,45,0,1,828.18,0
3583,20250201,14,2,45,0,2,793.77,0
3584,20250201,14,2,45,0,3,854.92,0
3585,20250201,14,1,44,0,1,245.29,0
3586,20250201,14,1,44,0,2,235.1,0
3587,20250201,14,1,44,0,3,253.54,0
3588,20250201,15,2,10,0,1,4259.17,0
3589,20250201,15,2,10,0,2,4096.06,0
3590,20250201,15,2,10,0,3,4330.65,0
3591,20250201,15,7,49,0,1,14410.13,0
3592,20250201,15,7,49,0,2,13858.27,0
3593,20250201,15,7,49,0,3,14465.58,0
3594,20250201,15,1,55,0,1,10370.88,0
3595,20250201,15,1,55,0,2,9973.71,0
3596,20250201,15,1,55,0,3,10302.52,0
3597,20250201,15,3,26,0,1,5307.18,0
3598,20250201,15,3,26,0,2,5103.93,0
3599,20250201,15,3,26,0,3,5575.66,0
3600,20250201,15,1,49,0,1,452.05,0
3601,20250201,15,1,49,0,2,434.74,0
3602,20250201,15,1,49,0,3,472.81,0
3603,20250201,15,1,21,0,1,1425.22,0
3604,20250201,15,1,21,0,2,1370.63,0
3605,20250201,15,1,21,0,3,1468.63,0
3606,20250301,1,5,56,5,1,66359.93,18
3607,20250301,1,5,56,5,2,62413.1,23
3608,20250301,1,5,56,5,3,67762.35,40
3609,20250301,1,2,33,8,1,112536.33,17
3610,20250301,1,2,33,8,2,105843.11,19
3611,20250301,1,2,33,8,3,115550.2,27
3612,20250301,1,7,56,5,1,131139.96,34
3613,20250301,1,7,56,5,2,123340.27,20
3614,20250301,1,7,56,5,3,136077.96,24
3615,20250301,2,3,49,8,1,9048.87,7
3616,20250301,2,3,49,8,2,8862.84,16
3617,20250301,2,3,49,8,3,9252.93,12
3618,20250301,2,2,21,2,1,121380.44,43
3619,20250301,2,2,21,2,2,118885.1,36
3620,20250301,2,2,21,2,3,126649.2,48
3621,20250301,2,1,41,6,1,15059.94,24
3622,20250301,2,1,41,6,2,14750.34,27
3623,20250301,2,1,41,6,3,15289.14,28
3624,20250301,3,2,1,5,1,125.16,6
3625,20250301,3,2,1,5,2,118.29,45
3626,20250301,3,2,1,5,3,128.03,7
3627,20250301,3,2,58,7,1,3178.55,24
3628,20250301,3,2,58,7,2,3004.21,31
3629,20250301,3,2,58,7,3,3300.28,29
3630,20250301,3,1,17,6,1,8756.02,40
3631,20250301,3,1,17,6,2,8275.75,36
3632,20250301,3,1,17,6,3,9137.82,18
3633,20250301,4,1,42,0,1,4427.97,0
3634,20250301,4,1,42,0,2,4401.41,0
3635,20250301,4,1,42,0,3,4434.46,0
3636,20250301,4,1,43,0,1,17071.95,0
3637,20250301,4,1,43,0,2,16969.55,0
3638,20250301,4,1,43,0,3,17630.0,0
3639,20250301,4,9,31,0,1,15150.43,0
3640,20250301,4,9,31,0,2,15059.56,0
3641,20250301,4,9,31,0,3,15691.19,0
3642,20250301,4,5,19,0,1,63686.19,0
3643,20250301,4,5,19,0,2,63304.21,0
3644,20250301,4,5,19,0,3,66884.46,0
3645,20250301,5,2,20,0,1,6439.08,0
3646,20250301,5,2,20,0,2,6507.01,0
3647,20250301,5,2,20,0,3,6534.54,0
3648,20250301,5,1,4,0,1,60976.47,0
3649,20250301,5,1,4,0,2,61619.73,0
3650,20250301,5,1,4,0,3,62004.39,0
3651,20250301,5,6,51,0,1,6234.27,0
3652,20250301,5,6,51,0,2,6300.04,0
3653,20250301,5,6,51,0,3,6463.4,0
3654,20250301,6,2,9,0,1,9915.94,0
3655,20250301,6,2,9,0,2,11203.02,0
3656,20250301,6,2,9,0,3,10108.41,0
3657,20250301,6,8,44,0,1,923.34,0
3658,20250301,6,8,44,0,2,1043.18,0
3659,20250301,6,8,44,0,3,939.29,0
3660,20250301,6,1,28,0,1,10388.52,0
3661,20250301,6,1,28,0,2,11736.95,0
3662,20250301,6,1,28,0,3,10712.0,0
3663,20250301,6,4,25,0,1,736.02,0
3664,20250301,6,4,25,0,2,831.55,0
3665,20250301,6,4,25,0,3,770.92,0
3666,20250301,6,1,22,0,1,204.82,0
3667,20250301,6,1,22,0,2,231.41,0
3668,20250301,6,1,22,0,3,214.85,0
3669,20250301,7,1,58,0,1,2128.42,0
3670,20250301,7,1,58,0,2,1992.78,0
3671,20250301,7,1,58,0,3,2191.74,0
3672,20250301,7,2,8,0,1,3461.92,0
3673,20250301,7,2,8,0,2,3241.31,0
3674,20250301,7,2,8,0,3,3528.79,0
3675,20250301,7,6,34,0,1,2184.92,0
3676,20250301,7,6,34,0,2,2045.69,0
3677,20250301,7,6,34,0,3,2257.06,0
3678,20250301,7,7,14,0,1,4990.19,0
3679,20250301,7,7,14,0,2,4672.19,0
3680,20250301,7,7,14,0,3,5015.69,0
3681,20250301,7,1,2,0,1,3889.69,0
3682,20250301,7,1,2,0,2,3641.82,0
3683,20250301,7,1,2,0,3,4024.5,0
3684,20250301,7,5,29,0,1,32041.06,0
3685,20250301,7,5,29,0,2,29999.24,0
3686,20250301,7,5,29,0,3,32800.3,0
3687,20250301,8,1,56,0,1,23537.38,0
3688,20250301,8,1,56,0,2,23452.18,0
3689,20250301,8,1,56,0,3,24811.28,0
3690,20250301,8,8,11,0,1,13155.96,0
3691,20250301,8,8,11,0,2,13108.34,0
3692,20250301,8,8,11,0,3,13710.92,0
3693,20250301,8,4,24,0,1,754.55,0
3694,20250301,8,4,24,0,2,751.81,0
3695,20250301,8,4,24,0,3,786.73,0
3696,20250301,8,1,28,0,1,21292.85,0
3697,20250301,8,1,28,0,2,21215.78,0
3698,20250301,8,1,28,0,3,21729.7,0
3699,20250301,8,4,7,0,1,4488.78,0
3700,20250301,8,4,7,0,2,4472.53,0
3701,20250301,8,4,7,0,3,4690.74,0
3702,20250301,8,4,35,0,1,14157.18,0
3703,20250301,8,4,35,0,2,14105.93,0
3704,20250301,8,4,35,0,3,14532.64,0
3705,20250301,9,6,30,0,1,257.37,0
3706,20250301,9,6,30,0,2,286.96,0
3707,20250301,9,6,30,0,3,264.19,0
3708,20250301,9,3,47,0,1,3358.61,0
3709,20250301,9,3,47,0,2,3744.77,0
3710,20250301,9,3,47,0,3,3380.58,0
3711,20250301,9,6,39,0,1,644.17,0
3712,20250301,9,6,39,0,2,718.24,0
3713,20250301,9,6,39,0,3,641.15,0
3714,20250301,9,1,14,0,1,2508.15,0
3715,20250301,9,1,14,0,2,2796.53,0
3716,20250301,9,1,14,0,3,2573.36,0
3717,20250301,9,3,38,0,1,2113.81,0
3718,20250301,9,3,38,0,2,2356.85,0
3719,20250301,9,3,38,0,3,2152.18,0
3720,20250301,9,8,3,0,1,7254.13,0
3721,20250301,9,8,3,0,2,8088.19,0
3722,20250301,9,8,3,0,3,7121.28,0
3723,20250301,10,7,7,0,1,6790.34,0
3724,20250301,10,7,7,0,2,6659.42,0
3725,20250301,10,7,7,0,3,7007.35,0
3726,20250301,10,5,48,0,1,3788.15,0
3727,20250301,10,5,48,0,2,3715.12,0
3728,20250301,10,5,48,0,3,3833.68,0
3729,20250301,10,2,41,0,1,3855.86,0
3730,20250301,10,2,41,0,2,3781.52,0
3731,20250301,10,2,41,0,3,4006.04,0
3732,20250301,10,5,44,0,1,7390.15,0
3733,20250301,10,5,44,0,2,7247.67,0
3734,20250301,10,5,44,0,3,7537.77,0
3735,20250301,11,4,47,0,1,3500.52,0
3736,20250301,11,4,47,0,2,3251.52,0
3737,20250301,11,4,47,0,3,3615.24,0
3738,20250301,11,9,48,0,1,155.14,0
3739,20250301,11,9,48,0,2,144.11,0
3740,20250301,11,9,48,0,3,159.8,0
3741,20250301,11,9,43,0,1,4348.02,0
3742,20250301,11,9,43,0,2,4038.73,0
3743,20250301,11,9,43,0,3,4585.42,0
3744,20250301,11,2,44,0,1,6787.07,0
3745,20250301,11,2,44,0,2,6304.28,0
3746,20250301,11,2,44,0,3,6801.64,0
3747,20250301,11,8,2,0,1,8217.65,0
3748,20250301,11,8,2,0,2,7633.1,0
3749,20250301,11,8,2,0,3,8675.11,0
3750,20250301,12,3,27,0,1,2255.32,0
3751,20250301,12,3,27,0,2,2062.2,0
3752,20250301,12,3,27,0,3,2315.13,0
3753,20250301,12,1,52,0,1,629.62,0
3754,20250301,12,1,52,0,2,575.71,0
3755,20250301,12,1,52,0,3,652.62,0
3756,20250301,12,7,8,0,1,966.93,0
3757,20250301,12,7,8,0,2,884.13,0
3758,20250301,12,7,8,0,3,969.07,0
3759,20250301,12,9,34,0,1,3957.42,0
3760,20250301,12,9,34,0,2,3618.55,0
3761,20250301,12,9,34,0,3,4160.19,0
3762,20250301,12,9,15,0,1,462.39,0
3763,20250301,12,9,15,0,2,422.8,0
3764,20250301,12,9,15,0,3,468.35,0
3765,20250301,12,2,20,0,1,3739.58,0
3766,20250301,12,2,20,0,2,3419.37,0
3767,20250301,12,2,20,0,3,3771.22,0
3768,20250301,13,3,43,0,1,365.63,0
3769,20250301,13,3,43,0,2,338.08,0
3770,20250301,13,3,43,0,3,368.82,0
3771,20250301,13,3,37,0,1,5423.17,0
3772,20250301,13,3,37,0,2,5014.65,0
3773,20250301,13,3,37,0,3,5630.84,0
3774,20250301,13,2,40,0,1,1569.94,0
3775,20250301,13,2,40,0,2,1451.67,0
3776,20250301,13,2,40,0,3,1655.7,0
3777,20250301,13,6,33,0,1,6424.74,0
3778,20250301,13,6,33,0,2,5940.78,0
3779,20250301,13,6,33,0,3,6402.84,0
3780,20250301,14,4,51,0,1,851.3,0
3781,20250301,14,4,51,0,2,744.8,0
3782,20250301,14,4,51,0,3,881.78,0
3783,20250301,14,3,1,0,1,937.16,0
3784,20250301,14,3,1,0,2,819.92,0
3785,20250301,14,3,1,0,3,962.77,0
3786,20250301,14,3,9,0,1,483.86,0
3787,20250301,14,3,9,0,2,423.33,0
3788,20250301,14,3,9,0,3,490.95,0
3789,20250301,14,8,3,0,1,1846.91,0
3790,20250301,14,8,3,0,2,1615.85,0
3791,20250301,14,8,3,0,3,1931.13,0
3792,20250301,14,1,25,0,1,845.12,0
3793,20250301,14,1,25,0,2,739.39,0
3794,20250301,14,1,25,0,3,876.95,0
3795,20250301,14,5,54,0,1,197.23,0
3796,20250301,14,5,54,0,2,172.55,0
3797,20250301,14,5,54,0,3,201.02,0
3798,20250301,15,2,56,0,1,18830.17,0
3799,20250301,15,2,56,0,2,20454.88,0
3800,20250301,15,2,56,0,3,19511.35,0
3801,20250301,15,4,23,0,1,2540.18,0
3802,20250301,15,4,23,0,2,2759.35,0
3803,20250301,15,4,23,0,3,2580.39,0
3804,20250301,15,2,16,0,1,2904.69,0
3805,20250301,15,2,16,0,2,3155.31,0
3806,20250301,15,2,16,0,3,2977.88,0
3807,20250301,15,4,58,0,1,8515.28,0
3808,20250301,15,4,58,0,2,9250.0,0
3809,20250301,15,4,58,0,3,8946.1,0
3810,20250401,1,2,55,4,1,51713.54,25
3811,20250401,1,2,55,4,2,52657.04,24
3812,20250401,1,2,55,4,3,53287.56,44
3813,20250401,1,1,13,7,1,20470.7,29
3814,20250401,1,1,13,7,2,20844.18,28
3815,20250401,1,1,13,7,3,21298.21,40
3816,20250401,1,3,20,2,1,20515.52,12
3817,20250401,1,3,20,2,2,20889.82,37
3818,20250401,1,3,20,2,3,21617.88,9
3819,20250401,1,1,32,8,1,107248.82,14
3820,20250401,1,1,32,8,2,109205.55,27
3821,20250401,1,1,32,8,3,114330.54,45
3822,20250401,1,6,48,2,1,87178.52,43
3823,20250401,1,6,48,2,2,88769.07,5
3824,20250401,1,6,48,2,3,90165.02,13
3825,20250401,2,6,22,6,1,33404.7,8
3826,20250401,2,6,22,6,2,33833.14,17
3827,20250401,2,6,22,6,3,34426.79,27
3828,20250401,2,4,17,2,1,19807.93,12
3829,20250401,2,4,17,2,2,20061.98,48
3830,20250401,2,4,17,2,3,20859.94,8
3831,20250401,2,3,42,5,1,10653.87,49
3832,20250401,2,3,42,5,2,10790.51,29
3833,20250401,2,3,42,5,3,11016.83,20
3834,20250401,2,9,16,3,1,72138.85,8
3835,20250401,2,9,16,3,2,73064.09,38
3836,20250401,2,9,16,3,3,71890.9,36
3837,20250401,2,1,44,4,1,4642.59,12
3838,20250401,2,1,44,4,2,4702.14,17
3839,20250401,2,1,44,4,3,4715.16,15
3840,20250401,3,2,56,6,1,2390.58,5
3841,20250401,3,2,56,6,2,2401.38,18
3842,20250401,3,2,56,6,3,2398.18,16
3843,20250401,3,5,32,6,1,2130.32,26
3844,20250401,3,5,32,6,2,2139.94,22
3845,20250401,3,5,32,6,3,2156.01,12
3846,20250401,3,1,6,3,1,2558.69,20
3847,20250401,3,1,6,3,2,2570.25,5
3848,20250401,3,1,6,3,3,2678.93,23
3849,20250401,3,1,59,5,1,503.2,16
3850,20250401,3,1,59,5,2,505.47,46
3851,20250401,3,1,59,5,3,508.37,20
3852,20250401,3,1,39,5,1,3501.37,34
3853,20250401,3,1,39,5,2,3517.17,11
3854,20250401,3,1,39,5,3,3666.03,40
3855,20250401,3,3,59,6,1,236.75,44
3856,20250401,3,3,59,6,2,237.82,34
3857,20250401,3,3,59,6,3,243.85,7
3858,20250401,4,1,44,0,1,48124.87,0
3859,20250401,4,1,44,0,2,48899.63,0
3860,20250401,4,1,44,0,3,51393.55,0
3861,20250401,4,6,27,0,1,26206.84,0
3862,20250401,4,6,27,0,2,26628.75,0
3863,20250401,4,6,27,0,3,26927.97,0
3864,20250401,4,1,59,0,1,2112.59,0
3865,20250401,4,1,59,0,2,2146.6,0
3866,20250401,4,1,59,0,3,2164.64,0
3867,20250401,4,5,41,0,1,21484.37,0
3868,20250401,4,5,41,0,2,21830.24,0
3869,20250401,4,5,41,0,3,21494.77,0
3870,20250401,5,5,3,0,1,23930.81,0
3871,20250401,5,5,3,0,2,23002.95,0
3872,20250401,5,5,3,0,3,24745.25,0
3873,20250401,5,3,51,0,1,19105.12,0
3874,20250401,5,3,51,0,2,18364.36,0
3875,20250401,5,3,51,0,3,19830.54,0
3876,20250401,5,1,48,0,1,34061.83,0
3877,20250401,5,1,48,0,2,32741.15,0
3878,20250401,5,1,48,0,3,35029.33,0
3879,20250401,6,2,21,0,1,2166.5,0
3880,20250401,6,2,21,0,2,2149.81,0
3881,20250401,6,2,21,0,3,2254.0,0
3882,20250401,6,1,24,0,1,3930.65,0
3883,20250401,6,1,24,0,2,3900.38,0
3884,20250401,6,1,24,0,3,3963.26,0
3885,20250401,6,3,29,0,1,824.99,0
3886,20250401,6,3,29,0,2,818.64,0
3887,20250401,6,3,29,0,3,845.26,0
3888,20250401,6,1,33,0,1,14837.67,0
3889,20250401,6,1,33,0,2,14723.4,0
3890,20250401,6,1,33,0,3,15309.6,0
3891,20250401,6,2,28,0,1,3297.93,0
3892,20250401,6,2,28,0,2,3272.54,0
3893,20250401,6,2,28,0,3,3379.42,0
3894,20250401,7,1,57,0,1,14439.38,0
3895,20250401,7,1,57,0,2,14506.19,0
3896,20250401,7,1,57,0,3,14912.39,0
3897,20250401,7,1,39,0,1,215.52,0
3898,20250401,7,1,39,0,2,216.52,0
3899,20250401,7,1,39,0,3,219.82,0
3900,20250401,7,8,39,0,1,663.84,0
3901,20250401,7,8,39,0,2,666.91,0
3902,20250401,7,8,39,0,3,713.8,0
3903,20250401,7,1,17,0,1,13439.12,0
3904,20250401,7,1,17,0,2,13501.31,0
3905,20250401,7,1,17,0,3,14091.21,0
3906,20250401,7,1,8,0,1,6938.1,0
3907,20250401,7,1,8,0,2,6970.2,0
3908,20250401,7,1,8,0,3,7271.64,0
3909,20250401,7,6,2,0,1,9582.63,0
3910,20250401,7,6,2,0,2,9626.97,0
3911,20250401,7,6,2,0,3,9789.62,0
3912,20250401,8,7,39,0,1,471.58,0
3913,20250401,8,7,39,0,2,472.47,0
3914,20250401,8,7,39,0,3,493.61,0
3915,20250401,8,9,57,0,1,4045.55,0
3916,20250401,8,9,57,0,2,4053.11,0
3917,20250401,8,9,57,0,3,4284.54,0
3918,20250401,8,9,28,0,1,14868.12,0
3919,20250401,8,9,28,0,2,14895.89,0
3920,20250401,8,9,28,0,3,15435.33,0
3921,20250401,8,4,1,0,1,57096.36,0
3922,20250401,8,4,1,0,2,57203.0,0
3923,20250401,8,4,1,0,3,58827.72,0
3924,20250401,9,2,17,0,1,7548.09,0
3925,20250401,9,2,17,0,2,7989.39,0
3926,20250401,9,2,17,0,3,7775.91,0
3927,20250401,9,1,29,0,1,2076.56,0
3928,20250401,9,1,29,0,2,2197.97,0
3929,20250401,9,1,29,0,3,2164.97,0
3930,20250401,9,4,25,0,1,3596.7,0
3931,20250401,9,4,25,0,2,3806.98,0
3932,20250401,9,4,25,0,3,3678.89,0
3933,20250401,9,2,22,0,1,1898.72,0
3934,20250401,9,2,22,0,2,2009.73,0
3935,20250401,9,2,22,0,3,1939.94,0
3936,20250401,9,4,13,0,1,1628.66,0
3937,20250401,9,4,13,0,2,1723.88,0
3938,20250401,9,4,13,0,3,1645.1,0
3939,20250401,9,4,55,0,1,142.74,0
3940,20250401,9,4,55,0,2,151.09,0
3941,20250401,9,4,55,0,3,151.46,0
3942,20250401,10,2,8,0,1,1566.77,0
3943,20250401,10,2,8,0,2,1751.89,0
3944,20250401,10,2,8,0,3,1644.85,0
3945,20250401,10,8,15,0,1,483.03,0
3946,20250401,10,8,15,0,2,540.11,0
3947,20250401,10,8,15,0,3,499.25,0
3948,20250401,10,7,10,0,1,2635.53,0
3949,20250401,10,7,10,0,2,2946.94,0
3950,20250401,10,7,10,0,3,2666.21,0
3951,20250401,10,3,33,0,1,9574.86,0
3952,20250401,10,3,33,0,2,10706.22,0
3953,20250401,10,3,33,0,3,10193.62,0
3954,20250401,10,2,13,0,1,4544.31,0
3955,20250401,10,2,13,0,2,5081.26,0
3956,20250401,10,2,13,0,3,4659.91,0
3957,20250401,10,2,47,0,1,161.03,0
3958,20250401,10,2,47,0,2,180.05,0
3959,20250401,10,2,47,0,3,170.49,0
3960,20250401,11,3,57,0,1,1628.43,0
3961,20250401,11,3,57,0,2,1637.34,0
3962,20250401,11,3,57,0,3,1754.83,0
3963,20250401,11,8,11,0,1,640.33,0
3964,20250401,11,8,11,0,2,643.83,0
3965,20250401,11,8,11,0,3,626.38,0
3966,20250401,11,1,60,0,1,1487.36,0
3967,20250401,11,1,60,0,2,1495.5,0
3968,20250401,11,1,60,0,3,1593.33,0
3969,20250401,11,3,24,0,1,12987.12,0
3970,20250401,11,3,24,0,2,13058.15,0
3971,20250401,11,3,24,0,3,13212.24,0
3972,20250401,11,1,57,0,1,4463.33,0
3973,20250401,11,1,57,0,2,4487.74,0
3974,20250401,11,1,57,0,3,4649.55,0
3975,20250401,12,5,1,0,1,2622.93,0
3976,20250401,12,5,1,0,2,2537.48,0
3977,20250401,12,5,1,0,3,2675.02,0
3978,20250401,12,6,36,0,1,1615.48,0
3979,20250401,12,6,36,0,2,1562.85,0
3980,20250401,12,6,36,0,3,1652.08,0
3981,20250401,12,2,50,0,1,659.37,0
3982,20250401,12,2,50,0,2,637.89,0
3983,20250401,12,2,50,0,3,676.73,0
3984,20250401,12,4,11,0,1,1072.84,0
3985,20250401,12,4,11,0,2,1037.89,0
3986,20250401,12,4,11,0,3,1109.4,0
3987,20250401,12,8,41,0,1,2185.9,0
3988,20250401,12,8,41,0,2,2114.69,0
3989,20250401,12,8,41,0,3,2308.88,0
3990,20250401,12,4,24,0,1,3102.69,0
3991,20250401,12,4,24,0,2,3001.61,0
3992,20250401,12,4,24,0,3,3334.35,0
3993,20250401,13,5,31,0,1,516.11,0
3994,20250401,13,5,31,0,2,536.58,0
3995,20250401,13,5,31,0,3,525.86,0
3996,20250401,13,3,45,0,1,3454.23,0
3997,20250401,13,3,45,0,2,3591.24,0
3998,20250401,13,3,45,0,3,3576.37,0
3999,20250401,13,7,10,0,1,8163.5,0
4000,20250401,13,7,10,0,2,8487.31,0
4001,20250401,13,7,10,0,3,8188.16,0
4002,20250401,14,1,38,0,1,1231.36,0
4003,20250401,14,1,38,0,2,1234.89,0
4004,20250401,14,1,38,0,3,1271.35,0
4005,20250401,14,3,56,0,1,625.65,0
4006,20250401,14,3,56,0,2,627.45,0
4007,20250401,14,3,56,0,3,641.48,0
4008,20250401,14,3,2,0,1,871.53,0
4009,20250401,14,3,2,0,2,874.03,0
4010,20250401,14,3,2,0,3,919.73,0
4011,20250401,14,2,4,0,1,1723.99,0
4012,20250401,14,2,4,0,2,1728.93,0
4013,20250401,14,2,4,0,3,1759.21,0
4014,20250401,15,1,60,0,1,12158.82,0
4015,20250401,15,1,60,0,2,11169.8,0
4016,20250401,15,1,60,0,3,12324.52,0
4017,20250401,15,1,13,0,1,2529.17,0
4018,20250401,15,1,13,0,2,2323.44,0
4019,20250401,15,1,13,0,3,2631.27,0
4020,20250401,15,7,2,0,1,8032.13,0
4021,20250401,15,7,2,0,2,7378.78,0
4022,20250401,15,7,2,0,3,8659.64,0
4023,20250401,15,3,46,0,1,15964.11,0
4024,20250401,15,3,46,0,2,14665.56,0
4025,20250401,15,3,46,0,3,16555.35,0
4026,20250501,1,3,52,2,1,44732.78,42
4027,20250501,1,3,52,2,2,42960.59,14
4028,20250501,1,3,52,2,3,44616.56,32
4029,20250501,1,3,32,2,1,143159.87,1
4030,20250501,1,3,32,2,2,137488.26,42
4031,20250501,1,3,32,2,3,145627.68,2
4032,20250501,1,2,56,7,1,1964.56,7
4033,20250501,1,2,56,7,2,1886.73,27
4034,20250501,1,2,56,7,3,2008.37,49
4035,20250501,1,5,20,5,1,56348.12,19
4036,20250501,1,5,20,5,2,54115.76,36
4037,20250501,1,5,20,5,3,55933.4,40
4038,20250501,1,2,9,1,1,52378.76,22
4039,20250501,1,2,9,1,2,50303.65,18
4040,20250501,1,2,9,1,3,54247.69,9
4041,20250501,2,5,37,7,1,10474.2,19
4042,20250501,2,5,37,7,2,10217.48,37
4043,20250501,2,5,37,7,3,10804.79,22
4044,20250501,2,2,33,2,1,64451.39,30
4045,20250501,2,2,33,2,2,62871.71,47
4046,20250501,2,2,33,2,3,65761.34,20
4047,20250501,2,1,43,1,1,29359.05,10
4048,20250501,2,1,43,1,2,28639.47,24
4049,20250501,2,1,43,1,3,30501.77,13
4050,20250501,2,8,18,5,1,38520.65,24
4051,20250501,2,8,18,5,2,37576.52,2
4052,20250501,2,8,18,5,3,38955.27,48
4053,20250501,3,5,35,1,1,3944.63,5
4054,20250501,3,5,35,1,2,3668.76,41
4055,20250501,3,5,35,1,3,4079.56,22
4056,20250501,3,3,23,7,1,6310.17,23
4057,20250501,3,3,23,7,2,5868.86,44
4058,20250501,3,3,23,7,3,6654.13,34
4059,20250501,3,9,60,5,1,1678.62,49
4060,20250501,3,9,60,5,2,1561.22,33
4061,20250501,3,9,60,5,3,1722.82,6
4062,20250501,4,1,16,0,1,4924.97,0
4063,20250501,4,1,16,0,2,4304.15,0
4064,20250501,4,1,16,0,3,5234.03,0
4065,20250501,4,6,38,0,1,39705.16,0
4066,20250501,4,6,38,0,2,34700.11,0
4067,20250501,4,6,38,0,3,40634.67,0
4068,20250501,4,9,42,0,1,7412.84,0
4069,20250501,4,9,42,0,2,6478.41,0
4070,20250501,4,9,42,0,3,7883.53,0
4071,20250501,4,1,1,0,1,2230.7,0
4072,20250501,4,1,1,0,2,1949.51,0
4073,20250501,4,1,1,0,3,2325.29,0
4074,20250501,4,2,20,0,1,38014.91,0
4075,20250501,4,2,20,0,2,33222.92,0
4076,20250501,4,2,20,0,3,36431.92,0
4077,20250501,4,7,41,0,1,18833.91,0
4078,20250501,4,7,41,0,2,16459.8,0
4079,20250501,4,7,41,0,3,18646.23,0
4080,20250501,5,2,31,0,1,15215.71,0
4081,20250501,5,2,31,0,2,13879.69,0
4082,20250501,5,2,31,0,3,16237.58,0
4083,20250501,5,2,59,0,1,21382.9,0
4084,20250501,5,2,59,0,2,19505.36,0
4085,20250501,5,2,59,0,3,22520.31,0
4086,20250501,5,5,17,0,1,16033.51,0
4087,20250501,5,5,17,0,2,14625.68,0
4088,20250501,5,5,17,0,3,16357.74,0
4089,20250501,5,2,59,0,1,26501.2,0
4090,20250501,5,2,59,0,2,24174.25,0
4091,20250501,5,2,59,0,3,28138.41,0
4092,20250501,6,3,10,0,1,2294.94,0
4093,20250501,6,3,10,0,2,2252.12,0
4094,20250501,6,3,10,0,3,2344.55,0
4095,20250501,6,8,10,0,1,496.45,0
4096,20250501,6,8,10,0,2,487.19,0
4097,20250501,6,8,10,0,3,506.14,0
4098,20250501,6,1,12,0,1,950.67,0
4099,20250501,6,1,12,0,2,932.93,0
4100,20250501,6,1,12,0,3,989.43,0
4101,20250501,6,9,8,0,1,9540.3,0
4102,20250501,6,9,8,0,2,9362.3,0
4103,20250501,6,9,8,0,3,9987.22,0
4104,20250501,6,7,50,0,1,6945.73,0
4105,20250501,6,7,50,0,2,6816.13,0
4106,20250501,6,7,50,0,3,7157.32,0
4107,20250501,6,2,38,0,1,4378.34,0
4108,20250501,6,2,38,0,2,4296.65,0
4109,20250501,6,2,38,0,3,4415.27,0
4110,20250501,7,6,55,0,1,7290.8,0
4111,20250501,7,6,55,0,2,7062.23,0
4112,20250501,7,6,55,0,3,7826.97,0
4113,20250501,7,1,26,0,1,7406.39,0
4114,20250501,7,1,26,0,2,7174.2,0
4115,20250501,7,1,26,0,3,7461.99,0
4116,20250501,7,3,39,0,1,10511.72,0
4117,20250501,7,3,39,0,2,10182.18,0
4118,20250501,7,3,39,0,3,10848.7,0
4119,20250501,7,1,29,0,1,11317.22,0
4120,20250501,7,1,29,0,2,10962.43,0
4121,20250501,7,1,29,0,3,11690.54,0
4122,20250501,7,4,30,0,1,5979.39,0
4123,20250501,7,4,30,0,2,5791.93,0
4124,20250501,7,4,30,0,3,6005.8,0
4125,20250501,7,7,31,0,1,3326.7,0
4126,20250501,7,7,31,0,2,3222.41,0
4127,20250501,7,7,31,0,3,3386.19,0
4128,20250501,8,3,31,0,1,38348.39,0
4129,20250501,8,3,31,0,2,37845.24,0
4130,20250501,8,3,31,0,3,38875.71,0
4131,20250501,8,4,54,0,1,11551.63,0
4132,20250501,8,4,54,0,2,11400.06,0
4133,20250501,8,4,54,0,3,11618.79,0
4134,20250501,8,3,38,0,1,11172.7,0
4135,20250501,8,3,38,0,2,11026.1,0
4136,20250501,8,3,38,0,3,11292.55,0
4137,20250501,8,1,40,0,1,5045.45,0
4138,20250501,8,1,40,0,2,4979.25,0
4139,20250501,8,1,40,0,3,5313.73,0
4140,20250501,8,1,14,0,1,9359.75,0
4141,20250501,8,1,14,0,2,9236.95,0
4142,20250501,8,1,14,0,3,9662.36,0
4143,20250501,9,3,31,0,1,1770.72,0
4144,20250501,9,3,31,0,2,1816.16,0
4145,20250501,9,3,31,0,3,1782.08,0
4146,20250501,9,6,42,0,1,2891.77,0
4147,20250501,9,6,42,0,2,2965.98,0
4148,20250501,9,6,42,0,3,2986.47,0
4149,20250501,9,3,19,0,1,1919.25,0
4150,20250501,9,3,19,0,2,1968.5,0
4151,20250501,9,3,19,0,3,2030.91,0
4152,20250501,9,6,8,0,1,1740.74,0
4153,20250501,9,6,8,0,2,1785.41,0
4154,20250501,9,6,8,0,3,1747.21,0
4155,20250501,9,1,17,0,1,4836.62,0
4156,20250501,9,1,17,0,2,4960.74,0
4157,20250501,9,1,17,0,3,5058.46,0
4158,20250501,9,1,14,0,1,3786.48,0
4159,20250501,9,1,14,0,2,3883.66,0
4160,20250501,9,1,14,0,3,3895.75,0
4161,20250501,10,4,46,0,1,583.86,0
4162,20250501,10,4,46,0,2,539.99,0
4163,20250501,10,4,46,0,3,596.53,0
4164,20250501,10,8,40,0,1,484.79,0
4165,20250501,10,8,40,0,2,448.37,0
4166,20250501,10,8,40,0,3,488.41,0
4167,20250501,10,1,30,0,1,21154.71,0
4168,20250501,10,1,30,0,2,19565.24,0
4169,20250501,10,1,30,0,3,21924.73,0
4170,20250501,11,4,39,0,1,2582.86,0
4171,20250501,11,4,39,0,2,2794.39,0
4172,20250501,11,4,39,0,3,2606.81,0
4173,20250501,11,8,13,0,1,3458.88,0
4174,20250501,11,8,13,0,2,3742.14,0
4175,20250501,11,8,13,0,3,3548.57,0
4176,20250501,11,1,28,0,1,1560.43,0
4177,20250501,11,1,28,0,2,1688.23,0
4178,20250501,11,1,28,0,3,1606.86,0
4179,20250501,11,2,58,0,1,1072.35,0
4180,20250501,11,2,58,0,2,1160.17,0
4181,20250501,11,2,58,0,3,1138.56,0
4182,20250501,11,4,14,0,1,4147.13,0
4183,20250501,11,4,14,0,2,4486.76,0
4184,20250501,11,4,14,0,3,4244.45,0
4185,20250501,11,3,17,0,1,6413.42,0
4186,20250501,11,3,17,0,2,6938.65,0
4187,20250501,11,3,17,0,3,6621.82,0
4188,20250501,12,4,43,0,1,1715.1,0
4189,20250501,12,4,43,0,2,1769.8,0
4190,20250501,12,4,43,0,3,1792.44,0
4191,20250501,12,3,54,0,1,20.63,0
4192,20250501,12,3,54,0,2,21.29,0
4193,20250501,12,3,54,0,3,21.47,0
4194,20250501,12,4,28,0,1,4958.45,0
4195,20250501,12,4,28,0,2,5116.59,0
4196,20250501,12,4,28,0,3,5095.61,0
4197,20250501,12,1,14,0,1,1292.19,0
4198,20250501,12,1,14,0,2,1333.4,0
4199,20250501,12,1,14,0,3,1306.71,0
4200,20250501,12,1,38,0,1,2254.59,0
4201,20250501,12,1,38,0,2,2326.49,0
4202,20250501,12,1,38,0,3,2312.88,0
4203,20250501,13,3,8,0,1,1373.67,0
4204,20250501,13,3,8,0,2,1285.11,0
4205,20250501,13,3,8,0,3,1425.86,0
4206,20250501,13,2,9,0,1,3311.95,0
4207,20250501,13,2,9,0,2,3098.44,0
4208,20250501,13,2,9,0,3,3379.27,0
4209,20250501,13,3,25,0,1,4220.47,0
4210,20250501,13,3,25,0,2,3948.39,0
4211,20250501,13,3,25,0,3,4418.14,0
4212,20250501,13,6,54,0,1,3537.62,0
4213,20250501,13,6,54,0,2,3309.56,0
4214,20250501,13,6,54,0,3,3588.08,0
4215,20250501,13,1,14,0,1,94.94,0
4216,20250501,13,1,14,0,2,88.82,0
4217,20250501,13,1,14,0,3,96.3,0
4218,20250501,13,7,47,0,1,517.61,0
4219,20250501,13,7,47,0,2,484.24,0
4220,20250501,13,7,47,0,3,539.74,0
4221,20250501,14,2,5,0,1,2478.57,0
4222,20250501,14,2,5,0,2,2417.65,0
4223,20250501,14,2,5,0,3,2518.96,0
4224,20250501,14,2,35,0,1,388.67,0
4225,20250501,14,2,35,0,2,379.12,0
4226,20250501,14,2,35,0,3,409.84,0
4227,20250501,14,6,55,0,1,1560.8,0
4228,20250501,14,6,55,0,2,1522.44,0
4229,20250501,14,6,55,0,3,1584.34,0
4230,20250501,15,1,13,0,1,220.0,0
4231,20250501,15,1,13,0,2,226.93,0
4232,20250501,15,1,13,0,3,225.63,0
4233,20250501,15,5,38,0,1,2569.6,0
4234,20250501,15,5,38,0,2,2650.57,0
4235,20250501,15,5,38,0,3,2613.56,0
4236,20250501,15,5,18,0,1,13142.25,0
4237,20250501,15,5,18,0,2,13556.35,0
4238,20250501,15,5,18,0,3,13494.35,0
4239,20250501,15,1,46,0,1,17392.8,0
4240,20250501,15,1,46,0,2,17940.84,0
4241,20250501,15,1,46,0,3,18784.54,0
4242,20250501,15,4,24,0,1,299.76,0
4243,20250501,15,4,24,0,2,309.21,0
4244,20250501,15,4,24,0,3,311.39,0
4245,20250601,1,8,30,4,1,20127.08,48
4246,20250601,1,8,30,4,2,21301.61,37
4247,20250601,1,8,30,4,3,20563.91,21
4248,20250601,1,2,9,6,1,67759.69,25
4249,20250601,1,2,9,6,2,71713.86,35
4250,20250601,1,2,9,6,3,70664.55,32
4251,20250601,1,1,1,1,1,40585.3,25
4252,20250601,1,1,1,1,2,42953.68,8
4253,20250601,1,1,1,1,3,41374.28,19
4254,20250601,1,3,54,6,1,133440.33,16
4255,20250601,1,3,54,6,2,141227.34,33
4256,20250601,1,3,54,6,3,139796.09,2
4257,20250601,2,4,47,7,1,55055.17,15
4258,20250601,2,4,47,7,2,53770.42,19
4259,20250601,2,4,47,7,3,56429.18,8
4260,20250601,2,3,27,2,1,1365.7,35
4261,20250601,2,3,27,2,2,1333.83,23
4262,20250601,2,3,27,2,3,1379.91,4
4263,20250601,2,9,53,2,1,29806.78,29
4264,20250601,2,9,53,2,2,29111.22,1
4265,20250601,2,9,53,2,3,29534.14,4
4266,20250601,2,3,32,1,1,51244.0,49
4267,20250601,2,3,32,1,2,50048.19,26
4268,20250601,2,3,32,1,3,51920.89,32
4269,20250601,3,2,41,3,1,1504.51,9
4270,20250601,3,2,41,3,2,1402.13,28
4271,20250601,3,2,41,3,3,1532.21,10
4272,20250601,3,4,29,2,1,1756.65,47
4273,20250601,3,4,29,2,2,1637.12,38
4274,20250601,3,4,29,2,3,1807.22,39
4275,20250601,3,7,40,4,1,2771.39,14
4276,20250601,3,7,40,4,2,2582.8,44
4277,20250601,3,7,40,4,3,2846.38,41
4278,20250601,3,1,48,5,1,49.17,39
4279,20250601,3,1,48,5,2,45.82,28
4280,20250601,3,1,48,5,3,48.7,30
4281,20250601,3,1,3,2,1,2816.19,43
4282,20250601,3,1,3,2,2,2624.55,15
4283,20250601,3,1,3,2,3,2925.07,12
4284,20250601,3,6,9,7,1,2557.65,42
4285,20250601,3,6,9,7,2,2383.61,28
4286,20250601,3,6,9,7,3,2608.07,23
4287,20250601,4,1,18,0,1,3776.29,0
4288,20250601,4,1,18,0,2,3554.77,0
4289,20250601,4,1,18,0,3,3896.61,0
4290,20250601,4,2,26,0,1,63689.55,0
4291,20250601,4,2,26,0,2,59953.46,0
4292,20250601,4,2,26,0,3,67259.73,0
4293,20250601,4,5,22,0,1,3176.03,0
4294,20250601,4,5,22,0,2,2989.72,0
4295,20250601,4,5,22,0,3,3436.31,0
4296,20250601,4,5,57,0,1,28594.7,0
4297,20250601,4,5,57,0,2,26917.31,0
4298,20250601,4,5,57,0,3,29945.06,0
4299,20250601,5,5,6,0,1,1737.53,0
4300,20250601,5,5,6,0,2,1663.48,0
4301,20250601,5,5,6,0,3,1761.21,0
4302,20250601,5,2,19,0,1,18205.42,0
4303,20250601,5,2,19,0,2,17429.58,0
4304,20250601,5,2,19,0,3,18755.57,0
4305,20250601,5,1,31,0,1,3758.3,0
4306,20250601,5,1,31,0,2,3598.13,0
4307,20250601,5,1,31,0,3,3933.38,0
4308,20250601,5,4,19,0,1,33131.27,0
4309,20250601,5,4,19,0,2,31719.34,0
4310,20250601,5,4,19,0,3,33748.91,0
4311,20250601,5,3,15,0,1,15549.73,0
4312,20250601,5,3,15,0,2,14887.06,0
4313,20250601,5,3,15,0,3,15728.79,0
4314,20250601,6,6,6,0,1,6021.56,0
4315,20250601,6,6,6,0,2,5678.98,0
4316,20250601,6,6,6,0,3,6103.89,0
4317,20250601,6,7,43,0,1,2434.6,0
4318,20250601,6,7,43,0,2,2296.09,0
4319,20250601,6,7,43,0,3,2553.1,0
4320,20250601,6,7,19,0,1,4564.25,0
4321,20250601,6,7,19,0,2,4304.58,0
4322,20250601,6,7,19,0,3,4653.16,0
4323,20250601,6,1,45,0,1,5528.23,0
4324,20250601,6,1,45,0,2,5213.71,0
4325,20250601,6,1,45,0,3,5818.71,0
4326,20250601,6,9,56,0,1,5712.54,0
4327,20250601,6,9,56,0,2,5387.54,0
4328,20250601,6,9,56,0,3,5626.53,0
4329,20250601,6,2,4,0,1,245.5,0
4330,20250601,6,2,4,0,2,231.53,0
4331,20250601,6,2,4,0,3,248.11,0
4332,20250601,7,1,25,0,1,15746.3,0
4333,20250601,7,1,25,0,2,14537.79,0
4334,20250601,7,1,25,0,3,16077.8,0
4335,20250601,7,3,26,0,1,15403.48,0
4336,20250601,7,3,26,0,2,14221.28,0
4337,20250601,7,3,26,0,3,16110.97,0
4338,20250601,7,6,3,0,1,15104.29,0
4339,20250601,7,6,3,0,2,13945.05,0
4340,20250601,7,6,3,0,3,15797.92,0
4341,20250601,8,1,49,0,1,7813.21,0
4342,20250601,8,1,49,0,2,8356.86,0
4343,20250601,8,1,49,0,3,8066.78,0
4344,20250601,8,8,30,0,1,3841.61,0
4345,20250601,8,8,30,0,2,4108.91,0
4346,20250601,8,8,30,0,3,3737.43,0
4347,20250601,8,5,52,0,1,16531.39,0
4348,20250601,8,5,52,0,2,17681.66,0
4349,20250601,8,5,52,0,3,16884.19,0
4350,20250601,8,5,24,0,1,12602.67,0
4351,20250601,8,5,24,0,2,13479.58,0
4352,20250601,8,5,24,0,3,12912.33,0
4353,20250601,8,1,17,0,1,25934.64,0
4354,20250601,8,1,17,0,2,27739.2,0
4355,20250601,8,1,17,0,3,26812.69,0
4356,20250601,9,2,43,0,1,1233.09,0
4357,20250601,9,2,43,0,2,1263.41,0
4358,20250601,9,2,43,0,3,1251.71,0
4359,20250601,9,1,29,0,1,8183.54,0
4360,20250601,9,1,29,0,2,8384.72,0
4361,20250601,9,1,29,0,3,8301.32,0
4362,20250601,9,7,28,0,1,3308.66,0
4363,20250601,9,7,28,0,2,3390.0,0
4364,20250601,9,7,28,0,3,3471.39,0
4365,20250601,9,3,3,0,1,3527.28,0
4366,20250601,9,3,3,0,2,3614.0,0
4367,20250601,9,3,3,0,3,3571.88,0
4368,20250601,10,1,50,0,1,2481.46,0
4369,20250601,10,1,50,0,2,2408.23,0
4370,20250601,10,1,50,0,3,2600.57,0
4371,20250601,10,1,39,0,1,7461.32,0
4372,20250601,10,1,39,0,2,7241.13,0
4373,20250601,10,1,39,0,3,7765.79,0
4374,20250601,10,7,26,0,1,10287.82,0
4375,20250601,10,7,26,0,2,9984.22,0
4376,20250601,10,7,26,0,3,10492.33,0
4377,20250601,11,2,17,0,1,9084.22,0
4378,20250601,11,2,17,0,2,9629.05,0
4379,20250601,11,2,17,0,3,9277.92,0
4380,20250601,11,1,6,0,1,1139.6,0
4381,20250601,11,1,6,0,2,1207.95,0
4382,20250601,11,1,6,0,3,1213.04,0
4383,20250601,11,6,6,0,1,8661.11,0
4384,20250601,11,6,6,0,2,9180.56,0
4385,20250601,11,6,6,0,3,8865.49,0
4386,20250601,12,1,17,0,1,7194.41,0
4387,20250601,12,1,17,0,2,8407.67,0
4388,20250601,12,1,17,0,3,7327.64,0
4389,20250601,12,5,47,0,1,429.29,0
4390,20250601,12,5,47,0,2,501.68,0
4391,20250601,12,5,47,0,3,439.76,0
4392,20250601,12,4,25,0,1,418.85,0
4393,20250601,12,4,25,0,2,489.49,0
4394,20250601,12,4,25,0,3,420.98,0
4395,20250601,12,3,49,0,1,507.84,0
4396,20250601,12,3,49,0,2,593.48,0
4397,20250601,12,3,49,0,3,528.38,0
4398,20250601,12,8,49,0,1,96.1,0
4399,20250601,12,8,49,0,2,112.31,0
4400,20250601,12,8,49,0,3,98.25,0
4401,20250601,13,7,19,0,1,395.34,0
4402,20250601,13,7,19,0,2,390.6,0
4403,20250601,13,7,19,0,3,389.26,0
4404,20250601,13,4,56,0,1,6128.07,0
4405,20250601,13,4,56,0,2,6054.59,0
4406,20250601,13,4,56,0,3,6286.26,0
4407,20250601,13,4,46,0,1,5274.24,0
4408,20250601,13,4,46,0,2,5211.0,0
4409,20250601,13,4,46,0,3,5492.64,0
4410,20250601,14,3,33,0,1,102.0,0
4411,20250601,14,3,33,0,2,104.07,0
4412,20250601,14,3,33,0,3,103.06,0
4413,20250601,14,1,54,0,1,405.01,0
4414,20250601,14,1,54,0,2,413.23,0
4415,20250601,14,1,54,0,3,405.78,0
4416,20250601,14,4,34,0,1,1708.66,0
4417,20250601,14,4,34,0,2,1743.33,0
4418,20250601,14,4,34,0,3,1781.33,0
4419,20250601,14,1,17,0,1,892.91,0
4420,20250601,14,1,17,0,2,911.02,0
4421,20250601,14,1,17,0,3,918.27,0
4422,20250601,14,4,28,0,1,702.93,0
4423,20250601,14,4,28,0,2,717.19,0
4424,20250601,14,4,28,0,3,718.53,0
4425,20250601,14,1,10,0,1,224.24,0
4426,20250601,14,1,10,0,2,228.79,0
4427,20250601,14,1,10,0,3,231.79,0
4428,20250601,15,1,7,0,1,3726.42,0
4429,20250601,15,1,7,0,2,4010.88,0
4430,20250601,15,1,7,0,3,3892.2,0
4431,20250601,15,8,52,0,1,1059.96,0
4432,20250601,15,8,52,0,2,1140.87,0
4433,20250601,15,8,52,0,3,1101.45,0
4434,20250601,15,8,36,0,1,8649.07,0
4435,20250601,15,8,36,0,2,9309.29,0
4436,20250601,15,8,36,0,3,9271.5,0
4437,20250601,15,6,55,0,1,12465.6,0
4438,20250601,15,6,55,0,2,13417.15,0
4439,20250601,15,6,55,0,3,13541.63,0
4440,20250601,15,1,41,0,1,3196.01,0
4441,20250601,15,1,41,0,2,3439.98,0
4442,20250601,15,1,41,0,3,3139.07,0
4443,20250601,15,4,53,0,1,1899.42,0
4444,20250601,15,4,53,0,2,2044.41,0
4445,20250601,15,4,53,0,3,1967.7,0
4446,20250701,1,9,57,4,1,225315.72,19
4447,20250701,1,9,57,4,2,225822.59,17
4448,20250701,1,9,57,4,3,233782.34,1
4449,20250701,1,4,43,5,1,2954.8,2
4450,20250701,1,4,43,5,2,2961.44,17
4451,20250701,1,4,43,5,3,3084.54,40
4452,20250701,1,2,9,5,1,38416.26,11
4453,20250701,1,2,9,5,2,38502.68,16
4454,20250701,1,2,9,5,3,39793.25,44
4455,20250701,2,4,9,3,1,5554.06,45
4456,20250701,2,4,9,3,2,5395.44,40
4457,20250701,2,4,9,3,3,5782.17,2
4458,20250701,2,4,11,7,1,49115.94,33
4459,20250701,2,4,11,7,2,47713.17,14
4460,20250701,2,4,11,7,3,51032.21,16
4461,20250701,2,1,7,8,1,6832.58,31
4462,20250701,2,1,7,8,2,6637.44,48
4463,20250701,2,1,7,8,3,7059.5,28
4464,20250701,2,5,16,3,1,4343.95,17
4465,20250701,2,5,16,3,2,4219.89,26
4466,20250701,2,5,16,3,3,4592.61,6
4467,20250701,2,4,9,2,1,39711.06,17
4468,20250701,2,4,9,2,2,38576.89,31
4469,20250701,2,4,9,2,3,40818.95,5
4470,20250701,2,4,59,4,1,27318.48,3
4471,20250701,2,4,59,4,2,26538.26,24
4472,20250701,2,4,59,4,3,27490.12,17
4473,20250701,3,3,52,3,1,1091.32,49
4474,20250701,3,3,52,3,2,1112.05,44
4475,20250701,3,3,52,3,3,1105.55,32
4476,20250701,3,5,40,7,1,6489.76,5
4477,20250701,3,5,40,7,2,6613.08,4
4478,20250701,3,5,40,7,3,6505.13,4
4479,20250701,3,3,44,3,1,2471.55,10
4480,20250701,3,3,44,3,2,2518.52,47
4481,20250701,3,3,44,3,3,2456.81,42
4482,20250701,4,7,25,0,1,3290.51,0
4483,20250701,4,7,25,0,2,3592.5,0
4484,20250701,4,7,25,0,3,3452.44,0
4485,20250701,4,1,29,0,1,9176.41,0
4486,20250701,4,1,29,0,2,10018.6,0
4487,20250701,4,1,29,0,3,9335.06,0
4488,20250701,4,1,27,0,1,27630.83,0
4489,20250701,4,1,27,0,2,30166.73,0
4490,20250701,4,1,27,0,3,28574.88,0
4491,20250701,4,8,48,0,1,30064.09,0
4492,20250701,4,8,48,0,2,32823.31,0
4493,20250701,4,8,48,0,3,31259.5,0
4494,20250701,4,1,21,0,1,11935.4,0
4495,20250701,4,1,21,0,2,13030.8,0
4496,20250701,4,1,21,0,3,12715.38,0
4497,20250701,5,9,60,0,1,9516.52,0
4498,20250701,5,9,60,0,2,9871.88,0
4499,20250701,5,9,60,0,3,9891.36,0
4500,20250701,5,9,52,0,1,5162.81,0
4501,20250701,5,9,52,0,2,5355.61,0
4502,20250701,5,9,52,0,3,5241.56,0
4503,20250701,5,3,14,0,1,15338.55,0
4504,20250701,5,3,14,0,2,15911.33,0
4505,20250701,5,3,14,0,3,15542.8,0
4506,20250701,5,4,59,0,1,33952.68,0
4507,20250701,5,4,59,0,2,35220.55,0
4508,20250701,5,4,59,0,3,34026.97,0
4509,20250701,6,4,33,0,1,7201.08,0
4510,20250701,6,4,33,0,2,7969.7,0
4511,20250701,6,4,33,0,3,7422.52,0
4512,20250701,6,2,13,0,1,6383.87,0
4513,20250701,6,2,13,0,2,7065.26,0
4514,20250701,6,2,13,0,3,6714.78,0
4515,20250701,6,6,24,0,1,6353.49,0
4516,20250701,6,6,24,0,2,7031.64,0
4517,20250701,6,6,24,0,3,6291.25,0
4518,20250701,7,7,56,0,1,17193.9,0
4519,20250701,7,7,56,0,2,18110.14,0
4520,20250701,7,7,56,0,3,17744.46,0
4521,20250701,7,6,24,0,1,1124.35,0
4522,20250701,7,6,24,0,2,1184.26,0
4523,20250701,7,6,24,0,3,1168.64,0
4524,20250701,7,6,45,0,1,16763.67,0
4525,20250701,7,6,45,0,2,17656.99,0
4526,20250701,7,6,45,0,3,17534.08,0
4527,20250701,7,7,56,0,1,3819.67,0
4528,20250701,7,7,56,0,2,4023.21,0
4529,20250701,7,7,56,0,3,3791.14,0
4530,20250701,8,6,33,0,1,7633.62,0
4531,20250701,8,6,33,0,2,7674.48,0
4532,20250701,8,6,33,0,3,8245.43,0
4533,20250701,8,1,38,0,1,35240.43,0
4534,20250701,8,1,38,0,2,35429.06,0
4535,20250701,8,1,38,0,3,36751.63,0
4536,20250701,8,2,54,0,1,24967.51,0
4537,20250701,8,2,54,0,2,25101.15,0
4538,20250701,8,2,54,0,3,25757.48,0
4539,20250701,9,2,12,0,1,2878.86,0
4540,20250701,9,2,12,0,2,2882.02,0
4541,20250701,9,2,12,0,3,3022.3,0
4542,20250701,9,5,9,0,1,8572.05,0
4543,20250701,9,5,9,0,2,8581.47,0
4544,20250701,9,5,9,0,3,8802.15,0
4545,20250701,9,3,51,0,1,36.24,0
4546,20250701,9,3,51,0,2,36.28,0
4547,20250701,9,3,51,0,3,36.94,0
4548,20250701,9,8,50,0,1,190.09,0
4549,20250701,9,8,50,0,2,190.3,0
4550,20250701,9,8,50,0,3,200.46,0
4551,20250701,9,4,24,0,1,1492.55,0
4552,20250701,9,4,24,0,2,1494.19,0
4553,20250701,9,4,24,0,3,1490.14,0
4554,20250701,9,6,2,0,1,2727.17,0
4555,20250701,9,6,2,0,2,2730.17,0
4556,20250701,9,6,2,0,3,2789.9,0
4557,20250701,10,1,8,0,1,10037.56,0
4558,20250701,10,1,8,0,2,10269.18,0
4559,20250701,10,1,8,0,3,10004.08,0
4560,20250701,10,1,2,0,1,893.59,0
4561,20250701,10,1,2,0,2,914.21,0
4562,20250701,10,1,2,0,3,893.68,0
4563,20250701,10,5,20,0,1,3382.5,0
4564,20250701,10,5,20,0,2,3460.55,0
4565,20250701,10,5,20,0,3,3531.54,0
4566,20250701,10,5,51,0,1,3765.01,0
4567,20250701,10,5,51,0,2,3851.89,0
4568,20250701,10,5,51,0,3,3838.23,0
4569,20250701,10,3,56,0,1,207.23,0
4570,20250701,10,3,56,0,2,212.02,0
4571,20250701,10,3,56,0,3,211.6,0
4572,20250701,11,6,46,0,1,1894.43,0
4573,20250701,11,6,46,0,2,1704.54,0
4574,20250701,11,6,46,0,3,1922.1,0
4575,20250701,11,5,55,0,1,7238.18,0
4576,20250701,11,5,55,0,2,6512.63,0
4577,20250701,11,5,55,0,3,7502.52,0
4578,20250701,11,2,11,0,1,5028.17,0
4579,20250701,11,2,11,0,2,4524.16,0
4580,20250701,11,2,11,0,3,5247.99,0
4581,20250701,11,1,10,0,1,1705.71,0
4582,20250701,11,1,10,0,2,1534.73,0
4583,20250701,11,1,10,0,3,1683.41,0
4584,20250701,11,2,4,0,1,5480.11,0
4585,20250701,11,2,4,0,2,4930.79,0
4586,20250701,11,2,4,0,3,5825.72,0
4587,20250701,12,3,45,0,1,1536.86,0
4588,20250701,12,3,45,0,2,1497.23,0
4589,20250701,12,3,45,0,3,1631.85,0
4590,20250701,12,3,1,0,1,2046.05,0
4591,20250701,12,3,1,0,2,1993.3,0
4592,20250701,12,3,1,0,3,2084.14,0
4593,20250701,12,3,41,0,1,716.03,0
4594,20250701,12,3,41,0,2,697.57,0
4595,20250701,12,3,41,0,3,744.65,0
4596,20250701,12,7,18,0,1,1965.84,0
4597,20250701,12,7,18,0,2,1915.16,0
4598,20250701,12,7,18,0,3,2054.45,0
4599,20250701,12,7,54,0,1,1739.91,0
4600,20250701,12,7,54,0,2,1695.05,0
4601,20250701,12,7,54,0,3,1757.37,0
4602,20250701,12,4,33,0,1,1888.17,0
4603,20250701,12,4,33,0,2,1839.48,0
4604,20250701,12,4,33,0,3,1964.41,0
4605,20250701,13,2,59,0,1,1304.51,0
4606,20250701,13,2,59,0,2,1284.8,0
4607,20250701,13,2,59,0,3,1358.2,0
4608,20250701,13,1,29,0,1,754.6,0
4609,20250701,13,1,29,0,2,743.2,0
4610,20250701,13,1,29,0,3,794.44,0
4611,20250701,13,9,25,0,1,1194.89,0
4612,20250701,13,9,25,0,2,1176.84,0
4613,20250701,13,9,25,0,3,1210.73,0
4614,20250701,13,1,56,0,1,626.69,0
4615,20250701,13,1,56,0,2,617.22,0
4616,20250701,13,1,56,0,3,630.73,0
4617,20250701,13,4,57,0,1,7385.06,0
4618,20250701,13,4,57,0,2,7273.47,0
4619,20250701,13,4,57,0,3,7640.03,0
4620,20250701,14,3,17,0,1,492.39,0
4621,20250701,14,3,17,0,2,530.68,0
4622,20250701,14,3,17,0,3,521.72,0
4623,20250701,14,3,46,0,1,1962.83,0
4624,20250701,14,3,46,0,2,2115.44,0
4625,20250701,14,3,46,0,3,2017.37,0
4626,20250701,14,4,23,0,1,1177.97,0
4627,20250701,14,4,23,0,2,1269.55,0
4628,20250701,14,4,23,0,3,1206.44,0
4629,20250701,15,1,17,0,1,10527.58,0
4630,20250701,15,1,17,0,2,10068.64,0
4631,20250701,15,1,17,0,3,10872.2,0
4632,20250701,15,3,36,0,1,15011.46,0
4633,20250701,15,3,36,0,2,14357.05,0
4634,20250701,15,3,36,0,3,16056.29,0
4635,20250701,15,5,50,0,1,7931.49,0
4636,20250701,15,5,50,0,2,7585.72,0
4637,20250701,15,5,50,0,3,8141.52,0
4638,20250801,1,1,7,7,1,34756.82,24
4639,20250801,1,1,7,7,2,34220.06,5
4640,20250801,1,1,7,7,3,36305.82,5
4641,20250801,1,3,9,6,1,19269.9,25
4642,20250801,1,3,9,6,2,18972.3,19
4643,20250801,1,3,9,6,3,20378.76,16
4644,20250801,1,2,13,5,1,210908.04,32
4645,20250801,1,2,13,5,2,207650.9,45
4646,20250801,1,2,13,5,3,221537.96,47
4647,20250801,2,1,36,3,1,11878.82,15
4648,20250801,2,1,36,3,2,12054.54,40
4649,20250801,2,1,36,3,3,12478.85,3
4650,20250801,2,1,39,2,1,44994.25,11
4651,20250801,2,1,39,2,2,45659.83,43
4652,20250801,2,1,39,2,3,45331.47,1
4653,20250801,2,3,28,1,1,12225.82,31
4654,20250801,2,3,28,1,2,12406.67,19
4655,20250801,2,3,28,1,3,12325.21,3
4656,20250801,2,4,15,1,1,5697.92,41
4657,20250801,2,4,15,1,2,5782.2,43
4658,20250801,2,4,15,1,3,6063.42,36
4659,20250801,2,1,13,1,1,5131.69,5
4660,20250801,2,1,13,1,2,5207.6,37
4661,20250801,2,1,13,1,3,5206.53,14
4662,20250801,2,4,14,8,1,43837.69,4
4663,20250801,2,4,14,8,2,44486.16,39
4664,20250801,2,4,14,8,3,45201.08,4
4665,20250801,3,1,54,2,1,2357.85,48
4666,20250801,3,1,54,2,2,2474.15,31
4667,20250801,3,1,54,2,3,2422.19,13
4668,20250801,3,1,60,3,1,5620.51,1
4669,20250801,3,1,60,3,2,5897.73,40
4670,20250801,3,1,60,3,3,5875.94,32
4671,20250801,3,5,29,2,1,103.99,40
4672,20250801,3,5,29,2,2,109.12,38
4673,20250801,3,5,29,2,3,106.77,43
4674,20250801,3,6,22,4,1,1397.54,11
4675,20250801,3,6,22,4,2,1466.47,8
4676,20250801,3,6,22,4,3,1415.12,9
4677,20250801,4,6,51,0,1,32031.68,0
4678,20250801,4,6,51,0,2,31323.53,0
4679,20250801,4,6,51,0,3,33138.69,0
4680,20250801,4,3,41,0,1,21394.86,0
4681,20250801,4,3,41,0,2,20921.86,0
4682,20250801,4,3,41,0,3,21781.7,0
4683,20250801,4,1,42,0,1,4375.98,0
4684,20250801,4,1,42,0,2,4279.23,0
4685,20250801,4,1,42,0,3,4500.91,0
4686,20250801,4,4,57,0,1,27670.86,0
4687,20250801,4,4,57,0,2,27059.12,0
4688,20250801,4,4,57,0,3,29229.76,0
4689,20250801,4,7,38,0,1,3534.71,0
4690,20250801,4,7,38,0,2,3456.57,0
4691,20250801,4,7,38,0,3,3624.74,0
4692,20250801,5,1,13,0,1,42989.3,0
4693,20250801,5,1,13,0,2,41759.78,0
4694,20250801,5,1,13,0,3,43559.36,0
4695,20250801,5,2,60,0,1,12193.61,0
4696,20250801,5,2,60,0,2,11844.87,0
4697,20250801,5,2,60,0,3,12918.56,0
4698,20250801,5,6,13,0,1,10830.24,0
4699,20250801,5,6,13,0,2,10520.49,0
4700,20250801,5,6,13,0,3,11185.98,0
4701,20250801,5,5,54,0,1,193.42,0
4702,20250801,5,5,54,0,2,187.89,0
4703,20250801,5,5,54,0,3,195.34,0
4704,20250801,6,8,6,0,1,7879.43,0
4705,20250801,6,8,6,0,2,7648.65,0
4706,20250801,6,8,6,0,3,7778.71,0
4707,20250801,6,8,21,0,1,799.42,0
4708,20250801,6,8,21,0,2,776.0,0
4709,20250801,6,8,21,0,3,821.07,0
4710,20250801,6,4,19,0,1,4238.33,0
4711,20250801,6,4,19,0,2,4114.2,0
4712,20250801,6,4,19,0,3,4421.15,0
4713,20250801,6,1,28,0,1,3048.61,0
4714,20250801,6,1,28,0,2,2959.32,0
4715,20250801,6,1,28,0,3,3149.63,0
4716,20250801,6,8,55,0,1,4239.35,0
4717,20250801,6,8,55,0,2,4115.18,0
4718,20250801,6,8,55,0,3,4283.03,0
4719,20250801,6,1,24,0,1,1760.69,0
4720,20250801,6,1,24,0,2,1709.12,0
4721,20250801,6,1,24,0,3,1833.53,0
4722,20250801,7,1,57,0,1,1432.88,0
4723,20250801,7,1,57,0,2,1306.24,0
4724,20250801,7,1,57,0,3,1460.6,0
4725,20250801,7,2,51,0,1,1323.53,0
4726,20250801,7,2,51,0,2,1206.56,0
4727,20250801,7,2,51,0,3,1359.04,0
4728,20250801,7,1,37,0,1,14866.33,0
4729,20250801,7,1,37,0,2,13552.47,0
4730,20250801,7,1,37,0,3,15039.37,0
4731,20250801,7,4,2,0,1,22550.88,0
4732,20250801,7,4,2,0,2,20557.87,0
4733,20250801,7,4,2,0,3,22352.7,0
4734,20250801,7,2,39,0,1,3473.71,0
4735,20250801,7,2,39,0,2,3166.71,0
4736,20250801,7,2,39,0,3,3639.75,0
4737,20250801,8,1,50,0,1,20979.27,0
4738,20250801,8,1,50,0,2,20812.27,0
4739,20250801,8,1,50,0,3,22338.58,0
4740,20250801,8,6,54,0,1,31140.26,0
4741,20250801,8,6,54,0,2,30892.37,0
4742,20250801,8,6,54,0,3,33468.53,0
4743,20250801,8,4,17,0,1,4420.3,0
4744,20250801,8,4,17,0,2,4385.11,0
4745,20250801,8,4,17,0,3,4469.9,0
4746,20250801,8,3,41,0,1,8881.37,0
4747,20250801,8,3,41,0,2,8810.67,0
4748,20250801,8,3,41,0,3,8840.66,0
4749,20250801,8,1,2,0,1,1078.46,0
4750,20250801,8,1,2,0,2,1069.87,0
4751,20250801,8,1,2,0,3,1152.94,0
4752,20250801,9,5,40,0,1,6819.86,0
4753,20250801,9,5,40,0,2,6597.08,0
4754,20250801,9,5,40,0,3,7088.77,0
4755,20250801,9,3,37,0,1,2603.14,0
4756,20250801,9,3,37,0,2,2518.1,0
4757,20250801,9,3,37,0,3,2587.73,0
4758,20250801,9,1,41,0,1,481.8,0
4759,20250801,9,1,41,0,2,466.06,0
4760,20250801,9,1,41,0,3,481.0,0
4761,20250801,9,7,55,0,1,52.48,0
4762,20250801,9,7,55,0,2,50.76,0
4763,20250801,9,7,55,0,3,53.47,0
4764,20250801,9,2,7,0,1,1380.53,0
4765,20250801,9,2,7,0,2,1335.43,0
4766,20250801,9,2,7,0,3,1391.65,0
4767,20250801,9,4,43,0,1,4575.07,0
4768,20250801,9,4,43,0,2,4425.62,0
4769,20250801,9,4,43,0,3,4638.8,0
4770,20250801,10,2,4,0,1,5560.85,0
4771,20250801,10,2,4,0,2,5296.77,0
4772,20250801,10,2,4,0,3,5576.33,0
4773,20250801,10,5,26,0,1,5688.01,0
4774,20250801,10,5,26,0,2,5417.89,0
4775,20250801,10,5,26,0,3,5653.43,0
4776,20250801,10,3,28,0,1,7691.63,0
4777,20250801,10,3,28,0,2,7326.36,0
4778,20250801,10,3,28,0,3,7882.47,0
4779,20250801,11,3,55,0,1,2819.87,0
4780,20250801,11,3,55,0,2,2454.53,0
4781,20250801,11,3,55,0,3,2916.17,0
4782,20250801,11,3,39,0,1,5991.93,0
4783,20250801,11,3,39,0,2,5215.64,0
4784,20250801,11,3,39,0,3,6120.86,0
4785,20250801,11,5,9,0,1,4552.77,0
4786,20250801,11,5,9,0,2,3962.93,0
4787,20250801,11,5,9,0,3,4554.22,0
4788,20250801,11,2,33,0,1,6112.38,0
4789,20250801,11,2,33,0,2,5320.48,0
4790,20250801,11,2,33,0,3,6079.28,0
4791,20250801,11,1,55,0,1,1950.64,0
4792,20250801,11,1,55,0,2,1697.92,0
4793,20250801,11,1,55,0,3,2003.97,0
4794,20250801,12,2,47,0,1,7374.64,0
4795,20250801,12,2,47,0,2,6854.08,0
4796,20250801,12,2,47,0,3,7681.41,0
4797,20250801,12,5,15,0,1,212.81,0
4798,20250801,12,5,15,0,2,197.79,0
4799,20250801,12,5,15,0,3,223.65,0
4800,20250801,12,1,1,0,1,2422.67,0
4801,20250801,12,1,1,0,2,2251.65,0
4802,20250801,12,1,1,0,3,2561.58,0
4803,20250801,13,5,32,0,1,768.36,0
4804,20250801,13,5,32,0,2,758.01,0
4805,20250801,13,5,32,0,3,790.64,0
4806,20250801,13,2,3,0,1,717.83,0
4807,20250801,13,2,3,0,2,708.16,0
4808,20250801,13,2,3,0,3,737.56,0
4809,20250801,13,6,27,0,1,3145.82,0
4810,20250801,13,6,27,0,2,3103.45,0
4811,20250801,13,6,27,0,3,3191.8,0
4812,20250801,13,1,36,0,1,6203.29,0
4813,20250801,13,1,36,0,2,6119.74,0
4814,20250801,13,1,36,0,3,6419.68,0
4815,20250801,14,1,48,0,1,14.94,0
4816,20250801,14,1,48,0,2,14.78,0
4817,20250801,14,1,48,0,3,15.81,0
4818,20250801,14,4,41,0,1,231.07,0
4819,20250801,14,4,41,0,2,228.61,0
4820,20250801,14,4,41,0,3,235.9,0
4821,20250801,14,7,45,0,1,47.1,0
4822,20250801,14,7,45,0,2,46.6,0
4823,20250801,14,7,45,0,3,48.16,0
4824,20250801,14,4,46,0,1,169.84,0
4825,20250801,14,4,46,0,2,168.03,0
4826,20250801,14,4,46,0,3,177.07,0
4827,20250801,14,2,19,0,1,2484.37,0
4828,20250801,14,2,19,0,2,2457.89,0
4829,20250801,14,2,19,0,3,2614.14,0
4830,20250801,14,1,15,0,1,861.85,0
4831,20250801,14,1,15,0,2,852.66,0
4832,20250801,14,1,15,0,3,905.14,0
4833,20250801,15,1,7,0,1,6296.52,0
4834,20250801,15,1,7,0,2,6164.29,0
4835,20250801,15,1,7,0,3,6290.49,0
4836,20250801,15,9,29,0,1,9234.22,0
4837,20250801,15,9,29,0,2,9040.29,0
4838,20250801,15,9,29,0,3,9614.77,0
4839,20250801,15,1,55,0,1,14862.83,0
4840,20250801,15,1,55,0,2,14550.68,0
4841,20250801,15,1,55,0,3,15579.28,0
4842,20250801,15,9,51,0,1,1359.11,0
4843,20250801,15,9,51,0,2,1330.56,0
4844,20250801,15,9,51,0,3,1394.89,0
4845,20250901,1,1,27,3,1,113241.99,8
4846,20250901,1,1,27,3,2,123715.21,32
4847,20250901,1,1,27,3,3,112640.2,20
4848,20250901,1,3,13,7,1,106303.22,29
4849,20250901,1,3,13,7,2,116134.71,35
4850,20250901,1,3,13,7,3,111637.05,31
4851,20250901,1,4,22,5,1,19242.93,12
4852,20250901,1,4,22,5,2,21022.62,11
4853,20250901,1,4,22,5,3,19328.55,2
4854,20250901,2,4,29,1,1,6434.91,26
4855,20250901,2,4,29,1,2,6376.7,23
4856,20250901,2,4,29,1,3,6636.88,48
4857,20250901,2,6,2,8,1,16628.86,31
4858,20250901,2,6,2,8,2,16478.42,27
4859,20250901,2,6,2,8,3,17181.28,49
4860,20250901,2,4,35,4,1,65432.78,8
4861,20250901,2,4,35,4,2,64840.83,2
4862,20250901,2,4,35,4,3,66855.02,6
4863,20250901,2,4,10,4,1,3020.23,21
4864,20250901,2,4,10,4,2,2992.91,42
4865,20250901,2,4,10,4,3,3185.34,20
4866,20250901,2,4,41,4,1,34866.41,46
4867,20250901,2,4,41,4,2,34550.99,34
4868,20250901,2,4,41,4,3,35907.04,37
4869,20250901,3,1,47,6,1,563.6,10
4870,20250901,3,1,47,6,2,635.86,27
4871,20250901,3,1,47,6,3,596.5,12
4872,20250901,3,1,1,8,1,7703.46,26
4873,20250901,3,1,1,8,2,8691.09,15
4874,20250901,3,1,1,8,3,7976.89,37
4875,20250901,3,5,35,1,1,507.55,8
4876,20250901,3,5,35,1,2,572.62,12
4877,20250901,3,5,35,1,3,518.23,19
4878,20250901,4,2,39,0,1,23740.92,0
4879,20250901,4,2,39,0,2,22940.71,0
4880,20250901,4,2,39,0,3,24749.38,0
4881,20250901,4,4,52,0,1,10826.78,0
4882,20250901,4,4,52,0,2,10461.85,0
4883,20250901,4,4,52,0,3,10720.27,0
4884,20250901,4,8,56,0,1,55075.08,0
4885,20250901,4,8,56,0,2,53218.71,0
4886,20250901,4,8,56,0,3,55313.74,0
4887,20250901,5,1,33,0,1,48101.36,0
4888,20250901,5,1,33,0,2,49233.96,0
4889,20250901,5,1,33,0,3,49214.71,0
4890,20250901,5,5,23,0,1,6582.21,0
4891,20250901,5,5,23,0,2,6737.19,0
4892,20250901,5,5,23,0,3,6837.61,0
4893,20250901,5,5,10,0,1,7723.65,0
4894,20250901,5,5,10,0,2,7905.51,0
4895,20250901,5,5,10,0,3,7687.3,0
4896,20250901,6,3,55,0,1,1490.07,0
4897,20250901,6,3,55,0,2,1546.8,0
4898,20250901,6,3,55,0,3,1466.19,0
4899,20250901,6,5,10,0,1,4994.72,0
4900,20250901,6,5,10,0,2,5184.87,0
4901,20250901,6,5,10,0,3,5070.32,0
4902,20250901,6,2,52,0,1,4459.37,0
4903,20250901,6,2,52,0,2,4629.14,0
4904,20250901,6,2,52,0,3,4524.32,0
4905,20250901,6,4,6,0,1,7422.78,0
4906,20250901,6,4,6,0,2,7705.37,0
4907,20250901,6,4,6,0,3,7586.13,0
4908,20250901,6,8,10,0,1,1973.47,0
4909,20250901,6,8,10,0,2,2048.6,0
4910,20250901,6,8,10,0,3,2000.61,0
4911,20250901,7,2,43,0,1,3216.77,0
4912,20250901,7,2,43,0,2,3341.28,0
4913,20250901,7,2,43,0,3,3227.25,0
4914,20250901,7,6,7,0,1,18624.54,0
4915,20250901,7,6,7,0,2,19345.44,0
4916,20250901,7,6,7,0,3,19153.7,0
4917,20250901,7,1,26,0,1,16281.37,0
4918,20250901,7,1,26,0,2,16911.57,0
4919,20250901,7,1,26,0,3,16935.6,0
4920,20250901,8,6,54,0,1,22709.33,0
4921,20250901,8,6,54,0,2,23228.53,0
4922,20250901,8,6,54,0,3,24102.78,0
4923,20250901,8,3,18,0,1,268.05,0
4924,20250901,8,3,18,0,2,274.18,0
4925,20250901,8,3,18,0,3,272.07,0
4926,20250901,8,1,57,0,1,9695.15,0
4927,20250901,8,1,57,0,2,9916.82,0
4928,20250901,8,1,57,0,3,9926.03,0
4929,20250901,8,7,51,0,1,5912.45,0
4930,20250901,8,7,51,0,2,6047.62,0
4931,20250901,8,7,51,0,3,6407.28,0
4932,20250901,8,3,5,0,1,19829.57,0
4933,20250901,8,3,5,0,2,20282.93,0
4934,20250901,8,3,5,0,3,20744.57,0
4935,20250901,8,5,22,0,1,5516.47,0
4936,20250901,8,5,22,0,2,5642.6,0
4937,20250901,8,5,22,0,3,5665.16,0
4938,20250901,9,2,51,0,1,4463.06,0
4939,20250901,9,2,51,0,2,4746.97,0
4940,20250901,9,2,51,0,3,4602.1,0
4941,20250901,9,5,6,0,1,1967.89,0
4942,20250901,9,5,6,0,2,2093.08,0
4943,20250901,9,5,6,0,3,2006.36,0
4944,20250901,9,2,56,0,1,7914.75,0
4945,20250901,9,2,56,0,2,8418.24,0
4946,20250901,9,2,56,0,3,8058.5,0
4947,20250901,10,1,10,0,1,2027.45,0
4948,20250901,10,1,10,0,2,1929.77,0
4949,20250901,10,1,10,0,3,2118.06,0
4950,20250901,10,3,25,0,1,4607.0,0
4951,20250901,10,3,25,0,2,4385.05,0
4952,20250901,10,3,25,0,3,4912.34,0
4953,20250901,10,3,41,0,1,288.88,0
4954,20250901,10,3,41,0,2,274.96,0
4955,20250901,10,3,41,0,3,306.4,0
4956,20250901,10,1,19,0,1,7602.68,0
4957,20250901,10,1,19,0,2,7236.41,0
4958,20250901,10,1,19,0,3,8015.16,0
4959,20250901,10,2,60,0,1,4206.19,0
4960,20250901,10,2,60,0,2,4003.55,0
4961,20250901,10,2,60,0,3,4302.63,0
4962,20250901,11,1,7,0,1,288.31,0
4963,20250901,11,1,7,0,2,300.12,0
4964,20250901,11,1,7,0,3,293.44,0
4965,20250901,11,2,31,0,1,19.72,0
4966,20250901,11,2,31,0,2,20.53,0
4967,20250901,11,2,31,0,3,19.88,0
4968,20250901,11,7,17,0,1,480.65,0
4969,20250901,11,7,17,0,2,500.33,0
4970,20250901,11,7,17,0,3,488.28,0
4971,20250901,11,1,54,0,1,207.0,0
4972,20250901,11,1,54,0,2,215.48,0
4973,20250901,11,1,54,0,3,214.71,0
4974,20250901,11,2,24,0,1,15848.81,0
4975,20250901,11,2,24,0,2,16497.92,0
4976,20250901,11,2,24,0,3,16871.23,0
4977,20250901,11,3,32,0,1,986.9,0
4978,20250901,11,3,32,0,2,1027.32,0
4979,20250901,11,3,32,0,3,1031.36,0
4980,20250901,12,8,25,0,1,385.13,0
4981,20250901,12,8,25,0,2,403.09,0
4982,20250901,12,8,25,0,3,386.91,0
4983,20250901,12,2,10,0,1,1707.67,0
4984,20250901,12,2,10,0,2,1787.31,0
4985,20250901,12,2,10,0,3,1731.96,0
4986,20250901,12,1,19,0,1,4829.21,0
4987,20250901,12,1,19,0,2,5054.44,0
4988,20250901,12,1,19,0,3,5106.74,0
4989,20250901,12,2,12,0,1,1871.6,0
4990,20250901,12,2,12,0,2,1958.89,0
4991,20250901,12,2,12,0,3,1939.33,0
4992,20250901,13,2,35,0,1,858.18,0
4993,20250901,13,2,35,0,2,869.16,0
4994,20250901,13,2,35,0,3,890.33,0
4995,20250901,13,5,59,0,1,412.09,0
4996,20250901,13,5,59,0,2,417.36,0
4997,20250901,13,5,59,0,3,424.98,0
4998,20250901,13,3,15,0,1,9150.07,0
4999,20250901,13,3,15,0,2,9267.12,0
5000,20250901,13,3,15,0,3,9475.84,0
5001,20250901,14,5,5,0,1,1601.01,0
5002,20250901,14,5,5,0,2,1854.94,0
5003,20250901,14,5,5,0,3,1688.97,0
5004,20250901,14,3,15,0,1,182.84,0
5005,20250901,14,3,15,0,2,211.84,0
5006,20250901,14,3,15,0,3,191.5,0
5007,20250901,14,4,37,0,1,1424.31,0
5008,20250901,14,4,37,0,2,1650.22,0
5009,20250901,14,4,37,0,3,1459.09,0
5010,20250901,15,2,26,0,1,5424.58,0
5011,20250901,15,2,26,0,2,5514.15,0
5012,20250901,15,2,26,0,3,5546.04,0
5013,20250901,15,1,31,0,1,8633.53,0
5014,20250901,15,1,31,0,2,8776.08,0
5015,20250901,15,1,31,0,3,8751.5,0
5016,20250901,15,3,12,0,1,13031.06,0
5017,20250901,15,3,12,0,2,13246.22,0
5018,20250901,15,3,12,0,3,13762.21,0
5019,20250901,15,4,54,0,1,36.4,0
5020,20250901,15,4,54,0,2,37.0,0
5021,20250901,15,4,54,0,3,36.34,0
5022,20250901,15,6,11,0,1,3308.09,0
5023,20250901,15,6,11,0,2,3362.71,0
5024,20250901,15,6,11,0,3,3416.95,0
5025,20251001,1,1,45,1,1,209867.95,34
5026,20251001,1,1,45,1,2,223355.18,45
5027,20251001,1,1,45,1,3,219699.21,11
5028,20251001,1,1,58,2,1,35775.27,13
5029,20251001,1,1,58,2,2,38074.38,12
5030,20251001,1,1,58,2,3,37281.39,21
5031,20251001,1,9,50,4,1,6857.01,28
5032,20251001,1,9,50,4,2,7297.68,24
5033,20251001,1,9,50,4,3,7141.88,12
5034,20251001,2,5,9,6,1,30764.5,22
5035,20251001,2,5,9,6,2,32654.0,47
5036,20251001,2,5,9,6,3,31828.22,22
5037,20251001,2,1,19,8,1,33083.46,31
5038,20251001,2,1,19,8,2,35115.39,3
5039,20251001,2,1,19,8,3,33416.84,23
5040,20251001,2,3,18,2,1,919.76,13
5041,20251001,2,3,18,2,2,976.25,18
5042,20251001,2,3,18,2,3,934.43,44
5043,20251001,2,1,52,7,1,56418.64,25
5044,20251001,2,1,52,7,2,59883.78,24
5045,20251001,2,1,52,7,3,57888.18,8
5046,20251001,3,7,39,7,1,4566.05,6
5047,20251001,3,7,39,7,2,4201.97,5
5048,20251001,3,7,39,7,3,4736.73,14
5049,20251001,3,1,42,2,1,352.27,4
5050,20251001,3,1,42,2,2,324.18,8
5051,20251001,3,1,42,2,3,359.37,21
5052,20251001,3,5,43,8,1,6108.32,44
5053,20251001,3,5,43,8,2,5621.26,45
5054,20251001,3,5,43,8,3,6170.96,27
5055,20251001,4,3,12,0,1,19673.65,0
5056,20251001,4,3,12,0,2,19336.81,0
5057,20251001,4,3,12,0,3,20415.03,0
5058,20251001,4,6,19,0,1,33516.78,0
5059,20251001,4,6,19,0,2,32942.93,0
5060,20251001,4,6,19,0,3,34692.37,0
5061,20251001,4,1,25,0,1,955.66,0
5062,20251001,4,1,25,0,2,939.3,0
5063,20251001,4,1,25,0,3,950.06,0
5064,20251001,4,9,24,0,1,36190.4,0
5065,20251001,4,9,24,0,2,35570.78,0
5066,20251001,4,9,24,0,3,37011.79,0
5067,20251001,5,7,7,0,1,9142.91,0
5068,20251001,5,7,7,0,2,9609.8,0
5069,20251001,5,7,7,0,3,9045.22,0
5070,20251001,5,5,35,0,1,11309.21,0
5071,20251001,5,5,35,0,2,11886.72,0
5072,20251001,5,5,35,0,3,11367.51,0
5073,20251001,5,3,34,0,1,9776.18,0
5074,20251001,5,3,34,0,2,10275.41,0
5075,20251001,5,3,34,0,3,9970.86,0
5076,20251001,5,3,8,0,1,31943.03,0
5077,20251001,5,3,8,0,2,33574.23,0
5078,20251001,5,3,8,0,3,32513.01,0
5079,20251001,6,4,51,0,1,2621.22,0
5080,20251001,6,4,51,0,2,2894.1,0
5081,20251001,6,4,51,0,3,2639.14,0
5082,20251001,6,8,45,0,1,4614.25,0
5083,20251001,6,8,45,0,2,5094.63,0
5084,20251001,6,8,45,0,3,4837.4,0
5085,20251001,6,5,38,0,1,719.13,0
5086,20251001,6,5,38,0,2,793.99,0
5087,20251001,6,5,38,0,3,750.59,0
5088,20251001,6,2,29,0,1,1630.3,0
5089,20251001,6,2,29,0,2,1800.02,0
5090,20251001,6,2,29,0,3,1704.23,0
5091,20251001,6,4,26,0,1,8943.63,0
5092,20251001,6,4,26,0,2,9874.71,0
5093,20251001,6,4,26,0,3,9211.63,0
5094,20251001,6,2,29,0,1,977.06,0
5095,20251001,6,2,29,0,2,1078.78,0
5096,20251001,6,2,29,0,3,1007.56,0
5097,20251001,7,5,26,0,1,3133.96,0
5098,20251001,7,5,26,0,2,3539.05,0
5099,20251001,7,5,26,0,3,3322.92,0
5100,20251001,7,1,5,0,1,1783.92,0
5101,20251001,7,1,5,0,2,2014.51,0
5102,20251001,7,1,5,0,3,1852.09,0
5103,20251001,7,3,60,0,1,24764.06,0
5104,20251001,7,3,60,0,2,27965.08,0
5105,20251001,7,3,60,0,3,25312.15,0
5106,20251001,7,1,5,0,1,6261.61,0
5107,20251001,7,1,5,0,2,7070.99,0
5108,20251001,7,1,5,0,3,6353.98,0
5109,20251001,8,2,27,0,1,19958.44,0
5110,20251001,8,2,27,0,2,24285.45,0
5111,20251001,8,2,27,0,3,20519.47,0
5112,20251001,8,1,41,0,1,747.03,0
5113,20251001,8,1,41,0,2,908.99,0
5114,20251001,8,1,41,0,3,744.51,0
5115,20251001,8,4,33,0,1,34163.27,0
5116,20251001,8,4,33,0,2,41569.88,0
5117,20251001,8,4,33,0,3,35392.16,0
5118,20251001,9,5,13,0,1,1162.82,0
5119,20251001,9,5,13,0,2,1111.52,0
5120,20251001,9,5,13,0,3,1202.37,0
5121,20251001,9,8,56,0,1,1370.0,0
5122,20251001,9,8,56,0,2,1309.56,0
5123,20251001,9,8,56,0,3,1389.15,0
5124,20251001,9,6,16,0,1,9519.86,0
5125,20251001,9,6,16,0,2,9099.88,0
5126,20251001,9,6,16,0,3,9926.07,0
5127,20251001,9,2,23,0,1,4244.64,0
5128,20251001,9,2,23,0,2,4057.38,0
5129,20251001,9,2,23,0,3,4464.63,0
5130,20251001,10,3,16,0,1,3830.29,0
5131,20251001,10,3,16,0,2,3729.25,0
5132,20251001,10,3,16,0,3,4017.34,0
5133,20251001,10,3,58,0,1,12774.12,0
5134,20251001,10,3,58,0,2,12437.15,0
5135,20251001,10,3,58,0,3,13457.91,0
5136,20251001,10,4,47,0,1,685.51,0
5137,20251001,10,4,47,0,2,667.42,0
5138,20251001,10,4,47,0,3,702.95,0
5139,20251001,10,1,24,0,1,1351.25,0
5140,20251001,10,1,24,0,2,1315.6,0
5141,20251001,10,1,24,0,3,1325.27,0
5142,20251001,11,7,53,0,1,459.65,0
5143,20251001,11,7,53,0,2,464.14,0
5144,20251001,11,7,53,0,3,476.28,0
5145,20251001,11,8,27,0,1,4514.42,0
5146,20251001,11,8,27,0,2,4558.54,0
5147,20251001,11,8,27,0,3,4562.33,0
5148,20251001,11,3,33,0,1,56.9,0
5149,20251001,11,3,33,0,2,57.46,0
5150,20251001,11,3,33,0,3,57.2,0
5151,20251001,11,1,41,0,1,8509.23,0
5152,20251001,11,1,41,0,2,8592.39,0
5153,20251001,11,1,41,0,3,8791.23,0
5154,20251001,11,4,16,0,1,282.57,0
5155,20251001,11,4,16,0,2,285.33,0
5156,20251001,11,4,16,0,3,297.1,0
5157,20251001,11,9,29,0,1,5019.47,0
5158,20251001,11,9,29,0,2,5068.52,0
5159,20251001,11,9,29,0,3,5272.04,0
5160,20251001,12,1,50,0,1,2331.93,0
5161,20251001,12,1,50,0,2,2284.4,0
5162,20251001,12,1,50,0,3,2454.79,0
5163,20251001,12,1,44,0,1,6368.01,0
5164,20251001,12,1,44,0,2,6238.22,0
5165,20251001,12,1,44,0,3,6539.67,0
5166,20251001,12,1,57,0,1,873.28,0
5167,20251001,12,1,57,0,2,855.48,0
5168,20251001,12,1,57,0,3,869.38,0
5169,20251001,13,3,48,0,1,5214.02,0
5170,20251001,13,3,48,0,2,5353.68,0
5171,20251001,13,3,48,0,3,5400.31,0
5172,20251001,13,2,21,0,1,1676.87,0
5173,20251001,13,2,21,0,2,1721.79,0
5174,20251001,13,2,21,0,3,1790.68,0
5175,20251001,13,4,39,0,1,1538.32,0
5176,20251001,13,4,39,0,2,1579.52,0
5177,20251001,13,4,39,0,3,1577.73,0
5178,20251001,13,2,37,0,1,474.89,0
5179,20251001,13,2,37,0,2,487.61,0
5180,20251001,13,2,37,0,3,481.47,0
5181,20251001,13,3,47,0,1,1548.09,0
5182,20251001,13,3,47,0,2,1589.56,0
5183,20251001,13,3,47,0,3,1577.3,0
5184,20251001,14,4,30,0,1,617.97,0
5185,20251001,14,4,30,0,2,663.29,0
5186,20251001,14,4,30,0,3,639.94,0
5187,20251001,14,2,16,0,1,2044.0,0
5188,20251001,14,2,16,0,2,2193.91,0
5189,20251001,14,2,16,0,3,2148.38,0
5190,20251001,14,6,46,0,1,856.12,0
5191,20251001,14,6,46,0,2,918.91,0
5192,20251001,14,6,46,0,3,872.04,0
5193,20251001,15,6,53,0,1,3896.4,0
5194,20251001,15,6,53,0,2,4016.85,0
5195,20251001,15,6,53,0,3,4049.93,0
5196,20251001,15,4,52,0,1,8523.52,0
5197,20251001,15,4,52,0,2,8787.02,0
5198,20251001,15,4,52,0,3,8765.34,0
5199,20251001,15,3,7,0,1,520.16,0
5200,20251001,15,3,7,0,2,536.24,0
5201,20251001,15,3,7,0,3,535.52,0
5202,20251001,15,2,41,0,1,6745.79,0
5203,20251001,15,2,41,0,2,6954.33,0
5204,20251001,15,2,41,0,3,6836.3,0
5205,20251001,15,8,41,0,1,11073.86,0
5206,20251001,15,8,41,0,2,11416.2,0
5207,20251001,15,8,41,0,3,11071.14,0
5208,20251101,1,4,9,4,1,11137.43,28
5209,20251101,1,4,9,4,2,11223.73,26
5210,20251101,1,4,9,4,3,11364.38,36
5211,20251101,1,1,49,1,1,246347.18,23
5212,20251101,1,1,49,1,2,248256.05,34
5213,20251101,1,1,49,1,3,249417.76,41
5214,20251101,1,5,15,7,1,10545.91,3
5215,20251101,1,5,15,7,2,10627.62,19
5216,20251101,1,5,15,7,3,10955.49,24
5217,20251101,1,7,59,5,1,13476.55,11
5218,20251101,1,7,59,5,2,13580.98,37
5219,20251101,1,7,59,5,3,13702.31,1
5220,20251101,2,3,22,7,1,32.81,41
5221,20251101,2,3,22,7,2,30.94,10
5222,20251101,2,3,22,7,3,32.38,20
5223,20251101,2,2,23,5,1,16625.38,1
5224,20251101,2,2,23,5,2,15680.56,2
5225,20251101,2,2,23,5,3,17041.12,8
5226,20251101,2,9,26,3,1,33804.86,29
5227,20251101,2,9,26,3,2,31883.73,15
5228,20251101,2,9,26,3,3,34569.9,46
5229,20251101,2,1,1,4,1,41920.64,43
5230,20251101,2,1,1,4,2,39538.29,28
5231,20251101,2,1,1,4,3,44185.97,34
5232,20251101,2,5,25,4,1,51163.48,26
5233,20251101,2,5,25,4,2,48255.86,39
5234,20251101,2,5,25,4,3,52707.38,8
5235,20251101,3,3,19,2,1,3126.67,27
5236,20251101,3,3,19,2,2,2811.7,15
5237,20251101,3,3,19,2,3,3295.43,11
5238,20251101,3,4,59,8,1,1086.82,13
5239,20251101,3,4,59,8,2,977.34,32
5240,20251101,3,4,59,8,3,1098.8,49
5241,20251101,3,3,37,8,1,5332.24,7
5242,20251101,3,3,37,8,2,4795.09,1
5243,20251101,3,3,37,8,3,5395.49,12
5244,20251101,3,4,44,3,1,2307.96,44
5245,20251101,3,4,44,3,2,2075.46,44
5246,20251101,3,4,44,3,3,2293.17,4
5247,20251101,4,7,51,0,1,23310.53,0
5248,20251101,4,7,51,0,2,20880.76,0
5249,20251101,4,7,51,0,3,24938.55,0
5250,20251101,4,5,15,0,1,5150.31,0
5251,20251101,4,5,15,0,2,4613.47,0
5252,20251101,4,5,15,0,3,5493.72,0
5253,20251101,4,4,18,0,1,31428.43,0
5254,20251101,4,4,18,0,2,28152.49,0
5255,20251101,4,4,18,0,3,32366.71,0
5256,20251101,4,1,7,0,1,6808.09,0
5257,20251101,4,1,7,0,2,6098.45,0
5258,20251101,4,1,7,0,3,6858.95,0
5259,20251101,4,1,31,0,1,37343.02,0
5260,20251101,4,1,31,0,2,33450.58,0
5261,20251101,4,1,31,0,3,38793.66,0
5262,20251101,4,3,37,0,1,84.42,0
5263,20251101,4,3,37,0,2,75.62,0
5264,20251101,4,3,37,0,3,85.69,0
5265,20251101,5,4,12,0,1,19928.91,0
5266,20251101,5,4,12,0,2,17445.55,0
5267,20251101,5,4,12,0,3,20165.99,0
5268,20251101,5,1,28,0,1,4778.91,0
5269,20251101,5,1,28,0,2,4183.41,0
5270,20251101,5,1,28,0,3,5155.6,0
5271,20251101,5,9,44,0,1,13253.88,0
5272,20251101,5,9,44,0,2,11602.3,0
5273,20251101,5,9,44,0,3,13767.37,0
5274,20251101,5,8,12,0,1,10946.03,0
5275,20251101,5,8,12,0,2,9582.03,0
5276,20251101,5,8,12,0,3,11436.58,0
5277,20251101,5,6,38,0,1,29352.89,0
5278,20251101,5,6,38,0,2,25695.19,0
5279,20251101,5,6,38,0,3,30308.07,0
5280,20251101,6,1,37,0,1,9647.77,0
5281,20251101,6,1,37,0,2,9717.14,0
5282,20251101,6,1,37,0,3,9768.99,0
5283,20251101,6,6,60,0,1,8128.04,0
5284,20251101,6,6,60,0,2,8186.48,0
5285,20251101,6,6,60,0,3,8502.28,0
5286,20251101,6,5,19,0,1,4574.74,0
5287,20251101,6,5,19,0,2,4607.63,0
5288,20251101,6,5,19,0,3,4759.87,0
5289,20251101,7,4,2,0,1,3075.8,0
5290,20251101,7,4,2,0,2,2935.83,0
5291,20251101,7,4,2,0,3,3242.48,0
5292,20251101,7,1,33,0,1,23748.89,0
5293,20251101,7,1,33,0,2,22668.16,0
5294,20251101,7,1,33,0,3,25177.65,0
5295,20251101,7,1,58,0,1,17846.49,0
5296,20251101,7,1,58,0,2,17034.36,0
5297,20251101,7,1,58,0,3,18782.68,0
5298,20251101,8,1,13,0,1,14696.55,0
5299,20251101,8,1,13,0,2,14844.38,0
5300,20251101,8,1,13,0,3,14974.31,0
5301,20251101,8,4,28,0,1,6389.37,0
5302,20251101,8,4,28,0,2,6453.64,0
5303,20251101,8,4,28,0,3,6517.17,0
5304,20251101,8,1,51,0,1,33930.69,0
5305,20251101,8,1,51,0,2,34271.99,0
5306,20251101,8,1,51,0,3,34419.67,0
5307,20251101,8,1,57,0,1,2961.19,0
5308,20251101,8,1,57,0,2,2990.97,0
5309,20251101,8,1,57,0,3,2976.32,0
5310,20251101,8,1,14,0,1,5864.53,0
5311,20251101,8,1,14,0,2,5923.52,0
5312,20251101,8,1,14,0,3,6093.23,0
5313,20251101,8,6,54,0,1,5318.4,0
5314,20251101,8,6,54,0,2,5371.89,0
5315,20251101,8,6,54,0,3,5434.18,0
5316,20251101,9,1,43,0,1,4475.36,0
5317,20251101,9,1,43,0,2,4159.41,0
5318,20251101,9,1,43,0,3,4660.83,0
5319,20251101,9,1,46,0,1,1798.25,0
5320,20251101,9,1,46,0,2,1671.3,0
5321,20251101,9,1,46,0,3,1873.63,0
5322,20251101,9,3,47,0,1,4437.82,0
5323,20251101,9,3,47,0,2,4124.52,0
5324,20251101,9,3,47,0,3,4494.66,0
5325,20251101,9,3,12,0,1,400.94,0
5326,20251101,9,3,12,0,2,372.63,0
5327,20251101,9,3,12,0,3,405.83,0
5328,20251101,9,3,6,0,1,5454.5,0
5329,20251101,9,3,6,0,2,5069.43,0
5330,20251101,9,3,6,0,3,5698.14,0
5331,20251101,9,2,42,0,1,971.09,0
5332,20251101,9,2,42,0,2,902.53,0
5333,20251101,9,2,42,0,3,986.16,0
5334,20251101,10,3,35,0,1,8037.14,0
5335,20251101,10,3,35,0,2,7986.99,0
5336,20251101,10,3,35,0,3,8437.46,0
5337,20251101,10,1,35,0,1,6245.68,0
5338,20251101,10,1,35,0,2,6206.71,0
5339,20251101,10,1,35,0,3,6522.31,0
5340,20251101,10,1,38,0,1,4769.43,0
5341,20251101,10,1,38,0,2,4739.67,0
5342,20251101,10,1,38,0,3,4941.47,0
5343,20251101,11,1,44,0,1,2730.52,0
5344,20251101,11,1,44,0,2,2872.26,0
5345,20251101,11,1,44,0,3,2883.38,0
5346,20251101,11,1,54,0,1,778.34,0
5347,20251101,11,1,54,0,2,818.74,0
5348,20251101,11,1,54,0,3,815.37,0
5349,20251101,11,2,5,0,1,3734.59,0
5350,20251101,11,2,5,0,2,3928.44,0
5351,20251101,11,2,5,0,3,3882.53,0
5352,20251101,11,3,34,0,1,714.91,0
5353,20251101,11,3,34,0,2,752.02,0
5354,20251101,11,3,34,0,3,732.78,0
5355,20251101,11,2,27,0,1,3421.09,0
5356,20251101,11,2,27,0,2,3598.66,0
5357,20251101,11,2,27,0,3,3501.98,0
5358,20251101,11,1,44,0,1,7621.02,0
5359,20251101,11,1,44,0,2,8016.6,0
5360,20251101,11,1,44,0,3,8047.8,0
5361,20251101,12,1,24,0,1,6361.93,0
5362,20251101,12,1,24,0,2,5772.29,0
5363,20251101,12,1,24,0,3,6681.29,0
5364,20251101,12,2,6,0,1,1683.17,0
5365,20251101,12,2,6,0,2,1527.17,0
5366,20251101,12,2,6,0,3,1688.84,0
5367,20251101,12,6,53,0,1,2748.17,0
5368,20251101,12,6,53,0,2,2493.46,0
5369,20251101,12,6,53,0,3,2775.76,0
5370,20251101,13,5,53,0,1,25.95,0
5371,20251101,13,5,53,0,2,27.83,0
5372,20251101,13,5,53,0,3,26.78,0
5373,20251101,13,6,30,0,1,4732.74,0
5374,20251101,13,6,30,0,2,5075.78,0
5375,20251101,13,6,30,0,3,4818.55,0
5376,20251101,13,1,2,0,1,3434.07,0
5377,20251101,13,1,2,0,2,3682.98,0
5378,20251101,13,1,2,0,3,3550.49,0
5379,20251101,13,3,21,0,1,1154.48,0
5380,20251101,13,3,21,0,2,1238.16,0
5381,20251101,13,3,21,0,3,1201.52,0
5382,20251101,13,1,49,0,1,1081.42,0
5383,20251101,13,1,49,0,2,1159.81,0
5384,20251101,13,1,49,0,3,1103.49,0
5385,20251101,14,3,28,0,1,1242.5,0
5386,20251101,14,3,28,0,2,1194.47,0
5387,20251101,14,3,28,0,3,1277.04,0
5388,20251101,14,1,26,0,1,285.52,0
5389,20251101,14,1,26,0,2,274.48,0
5390,20251101,14,1,26,0,3,288.66,0
5391,20251101,14,7,54,0,1,2561.42,0
5392,20251101,14,7,54,0,2,2462.4,0
5393,20251101,14,7,54,0,3,2666.69,0
5394,20251101,15,2,35,0,1,8131.89,0
5395,20251101,15,2,35,0,2,7444.06,0
5396,20251101,15,2,35,0,3,8223.31,0
5397,20251101,15,1,39,0,1,12524.84,0
5398,20251101,15,1,39,0,2,11465.43,0
5399,20251101,15,1,39,0,3,13084.92,0
5400,20251101,15,8,59,0,1,15732.43,0
5401,20251101,15,8,59,0,2,14401.71,0
5402,20251101,15,8,59,0,3,16331.09,0
5403,20251201,1,2,16,4,1,65479.16,38
5404,20251201,1,2,16,4,2,64190.53,6
5405,20251201,1,2,16,4,3,66040.57,4
5406,20251201,1,2,27,7,1,33764.96,32
5407,20251201,1,2,27,7,2,33100.46,44
5408,20251201,1,2,27,7,3,35536.15,39
5409,20251201,1,4,41,8,1,123166.74,14
5410,20251201,1,4,41,8,2,120742.81,33
5411,20251201,1,4,41,8,3,128622.4,4
5412,20251201,1,5,51,8,1,81904.32,14
5413,20251201,1,5,51,8,2,80292.43,30
5414,20251201,1,5,51,8,3,83978.59,29
5415,20251201,1,4,41,6,1,4868.21,26
5416,20251201,1,4,41,6,2,4772.4,2
5417,20251201,1,4,41,6,3,4990.06,32
5418,20251201,2,1,49,2,1,18246.59,23
5419,20251201,2,1,49,2,2,17140.2,14
5420,20251201,2,1,49,2,3,18773.55,36
5421,20251201,2,5,6,7,1,26314.12,38
5422,20251201,2,5,6,7,2,24718.55,40
5423,20251201,2,5,6,7,3,27236.7,8
5424,20251201,2,7,40,1,1,23292.32,34
5425,20251201,2,7,40,1,2,21879.98,44
5426,20251201,2,7,40,1,3,22926.27,35
5427,20251201,2,2,23,8,1,1211.62,45
5428,20251201,2,2,23,8,2,1138.15,22
5429,20251201,2,2,23,8,3,1229.0,5
5430,20251201,2,8,28,2,1,29708.21,20
5431,20251201,2,8,28,2,2,27906.84,33
5432,20251201,2,8,28,2,3,31073.58,24
5433,20251201,2,5,38,5,1,54762.12,4
5434,20251201,2,5,38,5,2,51441.6,34
5435,20251201,2,5,38,5,3,55797.0,42
5436,20251201,3,1,25,1,1,5865.81,49
5437,20251201,3,1,25,1,2,6111.46,21
5438,20251201,3,1,25,1,3,6078.22,9
5439,20251201,3,5,38,6,1,939.68,43
5440,20251201,3,5,38,6,2,979.03,23
5441,20251201,3,5,38,6,3,972.31,1
5442,20251201,3,2,29,4,1,2240.94,33
5443,20251201,3,2,29,4,2,2334.78,41
5444,20251201,3,2,29,4,3,2266.08,44
5445,20251201,3,2,22,5,1,1830.87,7
5446,20251201,3,2,22,5,2,1907.54,8
5447,20251201,3,2,22,5,3,1928.88,25
5448,20251201,4,6,17,0,1,15855.34,0
5449,20251201,4,6,17,0,2,15833.46,0
5450,20251201,4,6,17,0,3,17002.61,0
5451,20251201,4,4,4,0,1,12598.17,0
5452,20251201,4,4,4,0,2,12580.78,0
5453,20251201,4,4,4,0,3,12821.1,0
5454,20251201,4,3,16,0,1,179.01,0
5455,20251201,4,3,16,0,2,178.77,0
5456,20251201,4,3,16,0,3,182.46,0
5457,20251201,4,3,32,0,1,18634.18,0
5458,20251201,4,3,32,0,2,18608.46,0
5459,20251201,4,3,32,0,3,19654.96,0
5460,20251201,4,8,15,0,1,7371.05,0
5461,20251201,4,8,15,0,2,7360.87,0
5462,20251201,4,8,15,0,3,7714.33,0
5463,20251201,4,6,6,0,1,44661.5,0
5464,20251201,4,6,6,0,2,44599.86,0
5465,20251201,4,6,6,0,3,45029.12,0
5466,20251201,5,8,46,0,1,2053.89,0
5467,20251201,5,8,46,0,2,2118.94,0
5468,20251201,5,8,46,0,3,2073.32,0
5469,20251201,5,1,59,0,1,1467.84,0
5470,20251201,5,1,59,0,2,1514.33,0
5471,20251201,5,1,59,0,3,1553.11,0
5472,20251201,5,2,10,0,1,16662.93,0
5473,20251201,5,2,10,0,2,17190.67,0
5474,20251201,5,2,10,0,3,17717.16,0
5475,20251201,5,1,51,0,1,30579.44,0
5476,20251201,5,1,51,0,2,31547.94,0
5477,20251201,5,1,51,0,3,31549.8,0
5478,20251201,5,1,27,0,1,7143.3,0
5479,20251201,5,1,27,0,2,7369.53,0
5480,20251201,5,1,27,0,3,7214.67,0
5481,20251201,5,2,4,0,1,12552.15,0
5482,20251201,5,2,4,0,2,12949.7,0
5483,20251201,5,2,4,0,3,12803.62,0
5484,20251201,6,5,16,0,1,2924.64,0
5485,20251201,6,5,16,0,2,2603.64,0
5486,20251201,6,5,16,0,3,3112.36,0
5487,20251201,6,4,1,0,1,2258.37,0
5488,20251201,6,4,1,0,2,2010.5,0
5489,20251201,6,4,1,0,3,2355.54,0
5490,20251201,6,1,8,0,1,6534.57,0
5491,20251201,6,1,8,0,2,5817.36,0
5492,20251201,6,1,8,0,3,6490.52,0
5493,20251201,6,2,9,0,1,2386.76,0
5494,20251201,6,2,9,0,2,2124.79,0
5495,20251201,6,2,9,0,3,2376.39,0
5496,20251201,6,1,26,0,1,9451.06,0
5497,20251201,6,1,26,0,2,8413.75,0
5498,20251201,6,1,26,0,3,9221.01,0
5499,20251201,6,9,8,0,1,3195.18,0
5500,20251201,6,9,8,0,2,2844.49,0
5501,20251201,6,9,8,0,3,3335.78,0
5502,20251201,7,8,23,0,1,10387.83,0
5503,20251201,7,8,23,0,2,9779.66,0
5504,20251201,7,8,23,0,3,10971.6,0
5505,20251201,7,1,23,0,1,33286.5,0
5506,20251201,7,1,23,0,2,31337.69,0
5507,20251201,7,1,23,0,3,34703.21,0
5508,20251201,7,6,28,0,1,1963.82,0
5509,20251201,7,6,28,0,2,1848.84,0
5510,20251201,7,6,28,0,3,2027.24,0
5511,20251201,7,5,40,0,1,2512.17,0
5512,20251201,7,5,40,0,2,2365.09,0
5513,20251201,7,5,40,0,3,2504.54,0
5514,20251201,8,1,29,0,1,40254.35,0
5515,20251201,8,1,29,0,2,38895.08,0
5516,20251201,8,1,29,0,3,41936.69,0
5517,20251201,8,2,7,0,1,6852.25,0
5518,20251201,8,2,7,0,2,6620.87,0
5519,20251201,8,2,7,0,3,6694.4,0
5520,20251201,8,5,12,0,1,29452.84,0
5521,20251201,8,5,12,0,2,28458.3,0
5522,20251201,8,5,12,0,3,30800.17,0
5523,20251201,9,5,47,0,1,5602.39,0
5524,20251201,9,5,47,0,2,5053.3,0
5525,20251201,9,5,47,0,3,5674.72,0
5526,20251201,9,2,5,0,1,6278.13,0
5527,20251201,9,2,5,0,2,5662.81,0
5528,20251201,9,2,5,0,3,6415.86,0
5529,20251201,9,6,51,0,1,7255.68,0
5530,20251201,9,6,51,0,2,6544.55,0
5531,20251201,9,6,51,0,3,7300.88,0
5532,20251201,10,3,57,0,1,784.31,0
5533,20251201,10,3,57,0,2,667.33,0
5534,20251201,10,3,57,0,3,826.45,0
5535,20251201,10,5,35,0,1,6700.42,0
5536,20251201,10,5,35,0,2,5701.05,0
5537,20251201,10,5,35,0,3,6647.97,0
5538,20251201,10,1,23,0,1,15079.27,0
5539,20251201,10,1,23,0,2,12830.19,0
5540,20251201,10,1,23,0,3,15406.6,0
5541,20251201,10,1,1,0,1,929.75,0
5542,20251201,10,1,1,0,2,791.07,0
5543,20251201,10,1,1,0,3,944.17,0
5544,20251201,11,4,19,0,1,10391.37,0
5545,20251201,11,4,19,0,2,10071.79,0
5546,20251201,11,4,19,0,3,10118.14,0
5547,20251201,11,4,55,0,1,2716.62,0
5548,20251201,11,4,55,0,2,2633.07,0
5549,20251201,11,4,55,0,3,2911.55,0
5550,20251201,11,7,1,0,1,2811.84,0
5551,20251201,11,7,1,0,2,2725.37,0
5552,20251201,11,7,1,0,3,2872.22,0
5553,20251201,11,7,11,0,1,2237.99,0
5554,20251201,11,7,11,0,2,2169.16,0
5555,20251201,11,7,11,0,3,2384.6,0
5556,20251201,11,5,20,0,1,1427.88,0
5557,20251201,11,5,20,0,2,1383.97,0
5558,20251201,11,5,20,0,3,1428.47,0
5559,20251201,11,1,4,0,1,2337.57,0
5560,20251201,11,1,4,0,2,2265.68,0
5561,20251201,11,1,4,0,3,2414.31,0
5562,20251201,12,8,10,0,1,640.17,0
5563,20251201,12,8,10,0,2,554.05,0
5564,20251201,12,8,10,0,3,681.65,0
5565,20251201,12,2,31,0,1,1945.79,0
5566,20251201,12,2,31,0,2,1684.04,0
5567,20251201,12,2,31,0,3,2007.48,0
5568,20251201,12,3,37,0,1,3499.4,0
5569,20251201,12,3,37,0,2,3028.65,0
5570,20251201,12,3,37,0,3,3681.84,0
5571,20251201,12,3,44,0,1,1419.19,0
5572,20251201,12,3,44,0,2,1228.28,0
5573,20251201,12,3,44,0,3,1397.2,0
5574,20251201,12,4,20,0,1,3471.37,0
5575,20251201,12,4,20,0,2,3004.39,0
5576,20251201,12,4,20,0,3,3486.31,0
5577,20251201,12,1,42,0,1,982.31,0
5578,20251201,12,1,42,0,2,850.17,0
5579,20251201,12,1,42,0,3,1011.48,0
5580,20251201,13,6,17,0,1,674.0,0
5581,20251201,13,6,17,0,2,668.19,0
5582,20251201,13,6,17,0,3,680.14,0
5583,20251201,13,3,8,0,1,3143.82,0
5584,20251201,13,3,8,0,2,3116.72,0
5585,20251201,13,3,8,0,3,3179.46,0
5586,20251201,13,1,5,0,1,1332.62,0
5587,20251201,13,1,5,0,2,1321.13,0
5588,20251201,13,1,5,0,3,1346.03,0
5589,20251201,13,1,43,0,1,1923.1,0
5590,20251201,13,1,43,0,2,1906.53,0
5591,20251201,13,1,43,0,3,2033.53,0
5592,20251201,13,3,15,0,1,603.08,0
5593,20251201,13,3,15,0,2,597.88,0
5594,20251201,13,3,15,0,3,641.05,0
5595,20251201,13,5,8,0,1,4222.71,0
5596,20251201,13,5,8,0,2,4186.31,0
5597,20251201,13,5,8,0,3,4310.79,0
5598,20251201,14,1,13,0,1,971.72,0
5599,20251201,14,1,13,0,2,949.59,0
5600,20251201,14,1,13,0,3,1049.94,0
5601,20251201,14,6,57,0,1,1043.72,0
5602,20251201,14,6,57,0,2,1019.95,0
5603,20251201,14,6,57,0,3,1045.88,0
5604,20251201,14,6,27,0,1,1099.89,0
5605,20251201,14,6,27,0,2,1074.84,0
5606,20251201,14,6,27,0,3,1136.12,0
5607,20251201,14,1,46,0,1,1123.61,0
5608,20251201,14,1,46,0,2,1098.02,0
5609,20251201,14,1,46,0,3,1186.04,0
5610,20251201,15,5,22,0,1,1433.27,0
5611,20251201,15,5,22,0,2,1315.06,0
5612,20251201,15,5,22,0,3,1479.14,0
5613,20251201,15,5,12,0,1,22137.79,0
5614,20251201,15,5,12,0,2,20311.95,0
5615,20251201,15,5,12,0,3,22948.82,0
5616,20251201,15,5,35,0,1,7636.32,0
5617,20251201,15,5,35,0,2,7006.51,0
5618,20251201,15,5,35,0,3,7626.75,0
5619,20251201,15,4,11,0,1,5511.53,0
5620,20251201,15,4,11,0,2,5056.96,0
5621,20251201,15,4,11,0,3,5724.66,0
5622,20251201,15,8,40,0,1,1879.61,0
5623,20251201,15,8,40,0,2,1724.59,0
5624,20251201,15,8,40,0,3,1860.6,0
